yt_id,standard,composer,artist,album,year,instrumentation,youtube_url,youtube_title,youtube_channel,notes,source,recording_mbid
WvRqfh5kETw,Airegin,Sonny Rollins,Miles Davis Quintet,Cookin’ With the Miles Davis Quintet,1957,quintet,https://www.youtube.com/watch?v=WvRqfh5kETw,3   Airegin by Miles Davis from 'Cookin' With The Miles Davis Quintet',Miles Davis,The original recording session with Sonny Rollins; the definitive version,musicbrainz,ef30a74f-2394-4eff-ada4-1cbc9c43c223
v7PU7e6ZJe4,Airegin,Sonny Rollins,Sonny Rollins,"Great Jazz Giants: Smooth Jazz, Volume 2",2005,tenor saxophone with rhythm section,https://www.youtube.com/watch?v=v7PU7e6ZJe4,Sonny Rollins - Airegin,Okmusix,The composer's own statement of his tune,musicbrainz,b67b49b1-455b-4296-9042-afd5ce71e989
RLIgJ7t_O2k,Airegin,Sonny Rollins,Wes Montgomery,The Incredible Jazz Guitar of Wes Montgomery,1960,guitar quartet,https://www.youtube.com/watch?v=RLIgJ7t_O2k,Wes Montgomery - Airegin (Official Audio),Wes Montgomery,Landmark guitar interpretation with octave runs,musicbrainz,d68580d7-35ad-458e-a417-a62f66e30e82
5v8VL-_k4U0,Airegin,Sonny Rollins,Stan Getz Quartet,The Vancouver Concert 1965,2008,tenor saxophone quartet,https://www.youtube.com/watch?v=5v8VL-_k4U0,Stan Getz Quartet 1982 - Airegin,backyardjazz,Fluid bebop reading from a master tenor,musicbrainz,c01ee412-6b5a-4340-b064-745633fcef9d
_ZnpcbnXSes,Airegin,Sonny Rollins,Grant Green,Nigeria,1980,guitar combo,https://www.youtube.com/watch?v=_ZnpcbnXSes,Airegin,Grant Green,"Soulful, swinging guitar take",musicbrainz,22fe1c52-4680-44d2-9243-3e76b5438a45
vXkZrM2aNmA,Airegin,Sonny Rollins,Dexter Gordon,Ca’Purange (instrumental),1972,tenor saxophone quartet,https://www.youtube.com/watch?v=vXkZrM2aNmA,Airegin/ dexter gordon (1973),LEGACY MUSIC,Robust hard-bop interpretation,musicbrainz,8794b234-70ae-4080-a0a7-606ea1d57dd2
hp8LPKAtqqk,Airegin,Sonny Rollins,Chris Potter Quartet,Sundiata,1995,saxophone quartet,https://www.youtube.com/watch?v=hp8LPKAtqqk,Airegin,Chris Potter,Modern virtuosic reworking of the standard,musicbrainz,4b74349f-a704-4f3e-bfb2-f4c3ba1593b4
8fve__DB2og,Airegin,Sonny Rollins,Brad Mehldau Trio,Where Do You Start,2012,piano trio,https://www.youtube.com/watch?v=8fve__DB2og,Airegin,Brad Mehldau,Inventive contemporary piano trio version,musicbrainz,7ffab180-4e95-48e0-861a-ee52a1fb818d
-488UORrfJ0,All Blues,Miles Davis,Miles Davis Sextet,Kind of Blue,1959,sextet,https://www.youtube.com/watch?v=-488UORrfJ0,Miles Davis - All Blues (Audio) (Official Audio),Miles Davis,The original and definitive version from the landmark 1959 album,musicbrainz,b7ebe185-21e9-4400-a17a-3d0cee232925
F-Vc8y1doyw,All Blues,Miles Davis,"Herbie Hancock, Wayne Shorter, Ron Carter, Wallace Roney, Tony Williams",A Tribute to Miles Davis,2016,quintet,https://www.youtube.com/watch?v=F-Vc8y1doyw,"Tribute to Miles Davis by Herbie Hancock, Wayne Shorter, Ron Carter, Tony Williams, Wallace Roney",LOFTmusic,Former Miles sidemen revisit the tune with reverence,musicbrainz,37bf644e-e028-4e28-bff4-cb22b0f94046
1Y2bwnlErAE,All Blues,Miles Davis,"Oscar Peterson, Freddie Hubbard",Face to Face,1982,piano with trumpet,https://www.youtube.com/watch?v=1Y2bwnlErAE,Oscar Petterson & Freddie Hubbard - All Blues,tulupulu,Virtuosic pairing of piano master and trumpet great,musicbrainz,4145a8d9-537a-48b1-b6eb-53b711cab9ac
-dtCXBC1-CA,All Blues,Miles Davis,"Chet Baker, Jim Hall, Hubert Laws",Studio Trieste,1982,trumpet with guitar and flute,https://www.youtube.com/watch?v=-dtCXBC1-CA,"All Blues (Miles Davis) -- Chet Baker, Jim Hall, Hubert Laws",Ewa Chamiec. CzarMuzyki,Lyrical chamber-jazz reading with distinctive instrumentation,musicbrainz,bccf8b75-20ec-4190-96f7-7e45ded1db6b
r4ERcSqiJ5U,All Blues,Miles Davis,"World Saxophone Quartet, Jack DeJohnette",Selim Sivad: A Tribute to Miles Davis,1998,saxophone quartet with drums,https://www.youtube.com/watch?v=r4ERcSqiJ5U,All Blues,WORLD SAXOPHONE QUARTET Featuring JACK DEJOHNETTE - Topic,Bold reed-ensemble reharmonization,musicbrainz,8e628aae-144d-48a9-9507-57ce9a275e11
Ke0lIN5urgs,All Blues,Miles Davis,"Michel Petrucciani, Niels-Henning Ørsted Pedersen",Petrucciani NHØP,1994,piano-bass duo,https://www.youtube.com/watch?v=Ke0lIN5urgs,All Blues (Live),Michel Petrucciani - Topic,"Intimate, swinging duo interpretation",musicbrainz,0aadfeab-c2e7-4944-9e6c-aad57f849549
p1ipftv39YU,All Blues,Miles Davis,Kenny Burrell,Handcrafted,1978,guitar quartet,https://www.youtube.com/watch?v=p1ipftv39YU,All Blues- Kenny Burrell,jazzclarinet2006,Bluesy guitar-led treatment from a master of the idiom,musicbrainz,a09949ee-e374-4b82-94db-91fee39c3440
wfSDUoPhpvg,All Blues,Miles Davis,"George Coleman, Mike Stern, Ron Carter, Jimmy Cobb",4 Generations of Miles,2002,quartet,https://www.youtube.com/watch?v=wfSDUoPhpvg,"George Coleman, Jimmy Cobb, Mike Stern, Ron Carter - All Blues (Official Audio)",Chesky Records,Features Kind of Blue drummer Jimmy Cobb and saxophone heavyweight,musicbrainz,fcafad0a-e656-41f5-b94b-e0d8385a8da6
55Moa8fGC7w,All Of Me,Gerald Marks,Louis Armstrong and His Orchestra,V.S.O.P. Vol. 7/8,1974,vocal with big band,https://www.youtube.com/watch?v=55Moa8fGC7w,1932 HITS ARCHIVE: All Of Me - Louis Armstrong,The78Prof,Early definitive vocal/trumpet rendition by Armstrong,musicbrainz,6f31cdd1-0f22-43cd-afe4-921203d1b379
5J18k5Sx3Dw,All Of Me,Gerald Marks,Billie Holiday with Lester Young,Complete Recordings,2001,vocal with small group,https://www.youtube.com/watch?v=5J18k5Sx3Dw,Billie Holiday - All of Me (Official Audio),Billie Holiday,Holiday's signature reading with Lester Young,musicbrainz,a5ccf0dd-5e36-4328-8d09-a76aa93fb53d
hVPQWs8oxQ4,All Of Me,Gerald Marks,"Django Reinhardt, Quintette du Hot Club de France",All of Me / Swingtime in Springtime,1946,gypsy jazz string quintet,https://www.youtube.com/watch?v=hVPQWs8oxQ4,Django Legacy Band - All of Me,Henry Acker,Landmark European string-jazz interpretation,musicbrainz,dc85af0f-1ed0-4a74-9921-ae4cbec63941
2gfhQ91rwZ8,All Of Me,Gerald Marks,Frank Sinatra,I’m in the Mood for Love / Pennies From Heaven / All the Things You Are / All of Me,1944,vocal with orchestra,https://www.youtube.com/watch?v=2gfhQ91rwZ8,Frank Sinatra All of Me,H H,Classic swinging vocal arrangement,musicbrainz,4f053e7b-bccb-4f3c-8980-85c3e66af8b8
fezCVFzERac,All Of Me,Gerald Marks,Charlie Parker,"Bird's Eyes: Last Unissued, Vol. 14",1947,bebop quintet,https://www.youtube.com/watch?v=fezCVFzERac,All Of Me - Charlie Parker,NilTheHaze,Bebop benchmark performance,musicbrainz,da3aa5ff-577a-4714-9063-b34c233c57a2
_aXhDcKrMTA,All Of Me,Gerald Marks,Erroll Garner Trio,The Chronological Classics: Erroll Garner 1949,2000,piano trio,https://www.youtube.com/watch?v=_aXhDcKrMTA,"Erroll Garner Trio - All of Me / I Surrender, Dear",60otaku4,Distinctive Garner piano-trio version,musicbrainz,0b099ad7-5ce6-4972-951a-837a7f153a8c
96jO3y8TVn8,All Of Me,Gerald Marks,The Oscar Peterson Trio,1959,1994,piano trio,https://www.youtube.com/watch?v=96jO3y8TVn8,All Of Me,Oscar Peterson (The Estate of Oscar Peterson),Virtuosic trio with Ray Brown and Ed Thigpen,musicbrainz,0b483221-df4d-4896-a3a8-e73488a6da64
C43OA2qAAY4,All Of Me,Gerald Marks,Sarah Vaughan,Soft & Sassy,1993,vocal with orchestra,https://www.youtube.com/watch?v=C43OA2qAAY4,Sarah Vaughan   - All  of  Me -,mariabegonialopez,Rich vocal interpretation,musicbrainz,4750d177-7d24-464c-a511-b5a6cadf71ee
3vuUh86CMcI,All Of You,Cole Porter,Miles Davis Quintet,’Round About Midnight,1957,quintet,https://www.youtube.com/watch?v=3vuUh86CMcI,Miles Davis Quintet - All of You - 1964,Jazz story for you,"Landmark first great quintet rendition with Coltrane, the definitive jazz reading",musicbrainz,b2d096c1-8ccb-44cf-baf0-97e7fe0dc38e
2wabHrC2EAE,All Of You,Cole Porter,Bill Evans Trio,Sunday at the Village Vanguard,1961,piano trio,https://www.youtube.com/watch?v=2wabHrC2EAE,All Of You,Scott LaFaro - Topic,Iconic interplay with Scott LaFaro on bass,musicbrainz,94eb0b95-76db-48cb-a127-1100410e7fa0
ayVEhn_m418,All Of You,Cole Porter,Sonny Clark,Standards,1998,quintet,https://www.youtube.com/watch?v=ayVEhn_m418,All Of You,Sonny Clark - Topic,Hard-bop classic interpretation,musicbrainz,ce88748e-f312-4b20-8d2e-96c7906ae444
HSa_HuZG_d0,All Of You,Cole Porter,Ella Fitzgerald,Ella Fitzgerald Sings the Cole Porter Song Book (Volume I),1956,vocal with orchestra,https://www.youtube.com/watch?v=HSa_HuZG_d0,All Of You - Ella Fitzgerald,Michael C.,Definitive vocal from the Porter songbook,musicbrainz,c7703e71-1083-4271-a578-e533c4dc700e
7Xsrz1D4YAA,All Of You,Cole Porter,Sarah Vaughan,After Hours at the London House,1959,vocal with orchestra,https://www.youtube.com/watch?v=7Xsrz1D4YAA,Sarah Vaughan - All of You,Gustavo Morales Battaglini,"Lush, expressive vocal version",musicbrainz,6a2ec4bf-253b-45d3-aa4c-3250d56e0dea
vI7AqET-1Lo,All Of You,Cole Porter,The Ahmad Jamal Trio,The Complete 1961 Alhambra Performances,2013,piano trio,https://www.youtube.com/watch?v=vI7AqET-1Lo,Ahmad Jamal Trio - All of You (1955),Classic Mood Experience,"Spacious, swinging trio treatment",musicbrainz,115b280b-b49b-4b6e-b785-e24d82b41e7b
OawXYm6kca8,All Of You,Cole Porter,Wes Montgomery,Complete Live At Jorgies,1965,guitar quartet,https://www.youtube.com/watch?v=OawXYm6kca8,All of you - Wes Montgomery,maxadd1000,Warm octave-led guitar version,musicbrainz,87c99c6e-e32f-4cbf-b1e2-2fb5035a9f8f
HE4OlIXLZzU,All Of You,Cole Porter,"Keith Jarrett, Gary Peacock, Jack DeJohnette",Standards in Norway,1989,piano trio,https://www.youtube.com/watch?v=HE4OlIXLZzU,Keith Jarrett Trio - All of You,moom1000,Modern Standards Trio reinterpretation,musicbrainz,89d92006-8954-4827-a0e7-3487a76490d7
hqwMreEYUHw,All The Things You Are,Jerome Kern,"Charlie Parker, Dizzy Gillespie, Bud Powell, Max Roach, Charles Mingus","Charlie Parker Pour la postérité il restera l'""oiseau""",1996,quintet,https://www.youtube.com/watch?v=hqwMreEYUHw,"All the Things You Are (feat. Dizzy Gillespie, Bud Powell, Max Roach, Charles Mingus)",Charlie Parker,Legendary 'greatest jazz concert ever' bebop summit performance,musicbrainz,ca415ead-1fb5-43f2-9e76-558f8c78a9c2
ESjNt-V-zRI,All The Things You Are,Jerome Kern,Dizzy Gillespie,Yardbird Suite: The Ultimate Charlie Parker Collection,1997,sextet,https://www.youtube.com/watch?v=ESjNt-V-zRI,Dizzy Gillespie Sextet  - All The Things You Are,Classic Mood Experience,Seminal early bebop reading of the tune,musicbrainz,c3c669d5-4aff-4329-8d7e-0cd1b851c320
W78lMZqbq0w,All The Things You Are,Jerome Kern,Art Tatum,California Melodies,1994,solo piano,https://www.youtube.com/watch?v=W78lMZqbq0w,Art Tatum All the things you are (1953),Freddy Pérez Ortiz,Virtuosic solo piano reharmonization,musicbrainz,2add1cb8-4a47-456f-ba49-3229903da24c
UTORd2Y_X6U,All The Things You Are,Jerome Kern,Charlie Parker,Yardbird in Lotus Land,1976,quintet,https://www.youtube.com/watch?v=UTORd2Y_X6U,Charlie Parker - All the things you are,antonnio200,Bird's classic bebop interpretation,musicbrainz,c2d8497d-d078-45e9-92d2-86efe8b86b22
r5AQqDSiEws,All The Things You Are,Jerome Kern,Clifford Brown,The Complete Paris Sessions,1991,sextet,https://www.youtube.com/watch?v=r5AQqDSiEws,All the Things You Are,Clifford Brown - Topic,Brilliant Brownie/Gigi Gryce trumpet feature,musicbrainz,15d643d1-1258-427e-8a58-bb6a3a3315ef
_gnY-kK-Lbw,All The Things You Are,Jerome Kern,"Chet Baker, Stan Getz",My Funny Valentine,1997,quintet,https://www.youtube.com/watch?v=_gnY-kK-Lbw,"All The Things You Are (Live At The Tiffany Club, Los Angeles, CA., 1954)",Chet Baker,Cool-school cool jazz pairing,musicbrainz,9f0d7a44-9ce6-4f07-a766-06bd3f5f5000
RNMLDkSh_yc,All The Things You Are,Jerome Kern,The Modern Jazz Quartet,"The Encyclopedia of Jazz, Part 5/5: Modern Jazz - Cool Jazz",2008,vibraphone quartet,https://www.youtube.com/watch?v=RNMLDkSh_yc,The Modern Jazz Quartet - All The Things You Are,Jazz Everyday!,Refined chamber-jazz arrangement,musicbrainz,5072fd4d-dd7a-4c9a-bec4-e85d1ef17e5f
IRQe5aHvi8Y,All The Things You Are,Jerome Kern,Frank Sinatra,Mail Call,1992,vocal with orchestra,https://www.youtube.com/watch?v=IRQe5aHvi8Y,All The Things You Are (Album Version),Frank Sinatra,Definitive vocal ballad reading,musicbrainz,2750f43e-4c03-461b-8b8a-1997f1f02fbb
l9wsJYSPebw,Alone Together,Arthur Schwartz,Sonny Rollins,Sonny Rollins and the Contemporary Leaders,1988,saxophone with bass (duo/trio),https://www.youtube.com/watch?v=l9wsJYSPebw,Alone Together,Sonny Rollins,"Iconic tenor reading, harmonically searching",musicbrainz,ebc5a8ec-c667-4bbc-a8f1-f7b044e4a4c3
tFQazV00Y10,Alone Together,Arthur Schwartz,Eric Dolphy,Conversations,1963,quintet,https://www.youtube.com/watch?v=tFQazV00Y10,Alone Together (feat. Eric Dolphy) (Bonus Track),Miles Davis,"Adventurous bass clarinet feature, modern classic",musicbrainz,ff86f678-0ba8-4fb0-b0f6-1fd406305406
zdDhinO58ss,Alone Together,Arthur Schwartz,Chet Baker,"Chet in Paris, Volume 2",1988,trumpet quartet,https://www.youtube.com/watch?v=zdDhinO58ss,Chet Baker - Alone Together,FranciscoFreire100,"Lyrical, intimate West Coast interpretation",musicbrainz,c80ea4fa-bee5-48e0-bc83-c21a875c8dbd
w4kG5Nb8pQo,Alone Together,Arthur Schwartz,Bill Evans,The Complete Bill Evans on Verve,1997,piano trio,https://www.youtube.com/watch?v=w4kG5Nb8pQo,Chet Baker & Bill Evans - Alone together,The Pleasure of Jazz,"Reflective, harmonically rich trio version",musicbrainz,dbe5bf68-759a-4408-a6e6-365ac17e732a
N_o491zggDI,Alone Together,Arthur Schwartz,Dinah Washington & Clifford Brown,Brownie: The Complete EmArcy Recordings of Clifford Brown,1989,vocal with quintet,https://www.youtube.com/watch?v=N_o491zggDI,Ballad Medley: Alone Together / Summertime / Come Rain or Come Shine (feat. Dinah Washington)...,Clifford Brown - Topic,Definitive vocal pairing with Brownie's trumpet,musicbrainz,5732f6b4-7686-4dd0-a733-4c7a8545e5e0
cZW8hKHtI-k,Alone Together,Arthur Schwartz,Jimmy Raney & Doug Raney,Stolen Moments,1989,guitar duo,https://www.youtube.com/watch?v=cZW8hKHtI-k,Alone Together,Jimmy Raney - Topic,Elegant father-son guitar interplay,musicbrainz,b316ae8c-9442-4872-806c-47e95c80d154
mPPloWdLZbc,Alone Together,Arthur Schwartz,Keith Jarrett,"At the Blue Note: The Complete Recordings (disc 2: Friday, June 3rd 1994, 2nd Set)",1994,piano trio,https://www.youtube.com/watch?v=mPPloWdLZbc,Alone Together,Keith Jarrett,Standards Trio benchmark interpretation,musicbrainz,f8bd35ea-9a35-4a8e-8d27-db3f986a81bb
HdNZhPUV6lw,Alone Together,Arthur Schwartz,Milt Jackson,The Ballad Artistry of Milt Jackson,1960,vibraphone with ensemble,https://www.youtube.com/watch?v=HdNZhPUV6lw,Alone Together,Milt Jackson - Topic,Bluesy vibraphone-led take,musicbrainz,c3c35f21-4de3-48fc-b70f-e0b8df864236
L4WtYb04uUk,Angel Eyes,Matt Dennis,Frank Sinatra,Frank Sinatra Sings for Only the Lonely,1958,vocal with orchestra,https://www.youtube.com/watch?v=L4WtYb04uUk,Frank Sinatra with Nelson Riddle Orchestra - Angel Eyes,60otaku4,Definitive Sinatra/Nelson Riddle reading; the song's signature interpretation,musicbrainz,17519af4-19fb-4677-a93c-4ba29bab9248
mPDH6pSep44,Angel Eyes,Matt Dennis,Nat King Cole,Ballads of the Day,1956,vocal with orchestra,https://www.youtube.com/watch?v=mPDH6pSep44,Angel Eyes,Nat King Cole,"Intimate, masterful ballad vocal",musicbrainz,fc7f52ec-daae-48ac-a425-be9ccc1eaa92
NgXSU0gnxVA,Angel Eyes,Matt Dennis,Ella Fitzgerald,Les Trésors Du Jazz 1952,2003,vocal with orchestra,https://www.youtube.com/watch?v=NgXSU0gnxVA,Angel Eyes (feat. Sy Oliver and His Orchestra),Ella Fitzgerald,"Ella with Sy Oliver Orchestra, elegant phrasing",musicbrainz,1d87e0ee-1182-4258-b7aa-3c740f61d5e3
4TYgS1ApnUY,Angel Eyes,Matt Dennis,Art Pepper,Mosaic Select 15,2005,alto sax quartet,https://www.youtube.com/watch?v=4TYgS1ApnUY,Angel Eyes,Art Pepper,Lyrical West Coast alto sax instrumental,musicbrainz,15b2dc9e-9d41-4875-9c3d-4368123caae9
Dl_jQcTxVVA,Angel Eyes,Matt Dennis,The Modern Jazz Quartet,Fontessa,1956,piano quartet (vibes),https://www.youtube.com/watch?v=Dl_jQcTxVVA,The Modern Jazz Quartet - Angel Eyes,60otaku4,Refined chamber-jazz arrangement,musicbrainz,118bb89a-d08e-470c-b63b-b13e135b204a
iAxsy7s7Feg,Angel Eyes,Matt Dennis,Chet Baker,As Time Goes By,1990,trumpet/vocal with combo,https://www.youtube.com/watch?v=iAxsy7s7Feg,Chet Baker - Angel Eyes (Official Audio),Chet Baker,Wistful Baker trumpet and voice,musicbrainz,f0e3f129-e92a-466d-81fc-f9bac102197c
zk0Zd6IRmR0,Angel Eyes,Matt Dennis,"Tommy Flanagan, Ron Carter, Tony Williams",The Master Trio,1983,piano trio,https://www.youtube.com/watch?v=zk0Zd6IRmR0,Angel Eyes (Studio),Tommy Flanagan - Topic,Elegant master pianist trio reading,musicbrainz,ad0e9196-0fe9-4bf8-963c-5a6445247f78
XD2syevGP1o,Angel Eyes,Matt Dennis,"Wynton Marsalis, Art Blakey and The Jazz Messengers",Blakey's Theme,2001,quintet,https://www.youtube.com/watch?v=XD2syevGP1o,"Angel Eyes - Art Blakey & The Jazz Messengers feat. Winton Marsalis - live at ""Bubba's""",papy13770,Young Marsalis featured ballad with the Messengers,musicbrainz,bf4f945f-b768-45a3-8f60-7f0b9e71149f
tguu4m38U78,Autumn Leaves,Joseph Kosma,Cannonball Adderley,Somethin’ Else,1958,sextet,https://www.youtube.com/watch?v=tguu4m38U78,Cannonball Adderly & Miles Davis - Autumn Leaves,M0rganFReelance,Iconic Blue Note version with Miles Davis; the definitive jazz reading,musicbrainz,69c7f51f-10bf-44b1-a319-3c1fb60f538d
799HOVP4Ymo,Autumn Leaves,Joseph Kosma,Bill Evans Trio,I'd Love to Turn You On: Classical and Avant-Garde Music That Inspired the Counter-Culture,2020,piano trio,https://www.youtube.com/watch?v=799HOVP4Ymo,"Autumn Leaves (feat. Scott Lafaro, Paul Motian)",Bill Evans,Landmark interplay with Scott LaFaro and Paul Motian,musicbrainz,3c7b3f36-953f-4698-b8d1-dc8596217d7f
Z1_rFvM1G0Y,Autumn Leaves,Joseph Kosma,Miles Davis,"Miles Davis - In Person Friday And Saturday Nights At The Blackhawk, Complete",2003,sextet,https://www.youtube.com/watch?v=Z1_rFvM1G0Y,Autumn Leaves - Miles Davis,lasveleidadesdelser,Miles' own arrangement showcasing the modal cool aesthetic,musicbrainz,7b1c634c-1cb9-44b0-b78c-4bf76f3ec7a7
LJXW5eRSYQw,Autumn Leaves,Joseph Kosma,Erroll Garner,"The Encyclopedia of Jazz, Part 5/5: Modern Jazz - Cool Jazz",2008,piano trio,https://www.youtube.com/watch?v=LJXW5eRSYQw,The Erroll Garner Trio - Autumn Leaves (Piano Transcription),Daan Schreuder,"Exuberant live trio performance, hugely popular",musicbrainz,2c614aa6-556f-480c-a06f-e17386b55e8e
xnW9wNN_IVg,Autumn Leaves,Joseph Kosma,Ahmad Jamal Trio,Portfolio of Ahmad Jamal,1959,piano trio,https://www.youtube.com/watch?v=xnW9wNN_IVg,Ahmad Jamal - Autumn Leaves - Palais des Congrès Paris 2017 - LIVE HD,Zycopolis TV,"Spacious, influential trio interpretation",musicbrainz,4a684eac-7bb2-4be3-b1ce-15d7d6e6dcd5
YVedK1VUfLM,Autumn Leaves,Joseph Kosma,Nat King Cole,Sings for Two in Love,1955,vocal with orchestra,https://www.youtube.com/watch?v=YVedK1VUfLM,Autumn Leaves (Remastered),Nat King Cole,Classic popular vocal rendition of Mercer's English lyric,musicbrainz,13989e39-bb3b-4ae0-9804-34fb9a1bf9b7
zTVlrOk9a8M,Autumn Leaves,Joseph Kosma,Chet Baker,Feeling Swing - Cool Jazz,1998,vocal/trumpet with combo,https://www.youtube.com/watch?v=zTVlrOk9a8M,Autumn Leaves,Chet Baker,Wistful cool-school trumpet and vocal treatment,musicbrainz,baf0c05f-7637-4ed8-be1d-2c97a15b174d
YmqmdX9oCqo,Autumn Leaves,Joseph Kosma,Oscar Peterson Trio,At Baker’s Keyboard Lounge: The Complete Recordings,2026,piano trio,https://www.youtube.com/watch?v=YmqmdX9oCqo,Autumn Leaves,Oscar Peterson (The Estate of Oscar Peterson),Virtuosic swinging trio interpretation,musicbrainz,7cb14257-f325-4e6a-87dc-5e1b926a5be9
N7FHwhEKWsM,Bags Groove,Milt Jackson,Miles Davis,"The Encyclopedia of Jazz, Part 5/5: Modern Jazz - Cool Jazz",2008,quintet,https://www.youtube.com/watch?v=N7FHwhEKWsM,Bag's Groove,Miles Davis,"Landmark 1954 session with Milt Jackson, Monk, Heath, Clarke; the definitive recording",musicbrainz,4769c1a9-196a-4853-be9e-74da2a805d14
UGqr0RW0XMU,Bags Groove,Milt Jackson,Thelonious Monk,"The Smithsonian Collection of Classic Jazz, Volume 4",1987,quintet,https://www.youtube.com/watch?v=UGqr0RW0XMU,Bag’s Groove I,Thelonious Monk,Same iconic 1954 session highlighting Monk's comping and solo,musicbrainz,c4267824-c699-4c45-a06f-441a0b1fc7b9
78h5ppC6KYQ,Bags Groove,Milt Jackson,The Modern Jazz Quartet,The Modern Jazz Quartet,1957,piano quartet (vibes/piano/bass/drums),https://www.youtube.com/watch?v=78h5ppC6KYQ,Bags' Groove,The Modern Jazz Quartet - Topic,Definitive reading by composer Milt Jackson's own group,musicbrainz,1e37f8fb-c692-4a0d-b996-eb1bf7d6486c
vyTS7uzVM6A,Bags Groove,Milt Jackson,Milt Jackson,Wizard of the Vibes,1952,quintet,https://www.youtube.com/watch?v=vyTS7uzVM6A,Milt Jackson - Bag's Groove,cminor7add9th,Composer-led version showcasing the tune's blues roots,musicbrainz,c30717f8-9c15-4af7-afc8-7f7ef723aa8b
Vsdtve9LKFE,Bags Groove,Milt Jackson,Oscar Peterson Trio,Night Train,1963,piano trio,https://www.youtube.com/watch?v=Vsdtve9LKFE,Bag's Groove,Oscar Peterson (The Estate of Oscar Peterson),Swinging trio interpretation by a master pianist,musicbrainz,b2aa41e5-52fd-4d0f-9386-63f3c1eaaf0e
MiMLOc9h0RM,Bags Groove,Milt Jackson,Kenny Burrell,32 Live,1999,guitar quartet,https://www.youtube.com/watch?v=MiMLOc9h0RM,Bags' Groove,Kenny Burrell - Topic,Bluesy guitar-led version emphasizing the groove,musicbrainz,8315cd55-a7bb-4558-9410-eacb2cc26182
T6kuksmJX3w,Bags Groove,Milt Jackson,Sonny Clark,Oakland 1955,1995,quintet,https://www.youtube.com/watch?v=T6kuksmJX3w,Sonny Clark - Bag's Groove (Transcription),Stijn Wauters,Hard-bop reading with strong soloists,musicbrainz,bd5d62b1-2fd4-4de2-8052-a76214575c00
xJaVtn0LASY,Bags Groove,Milt Jackson,"Jim Hall, Bill Frisell",Hemispheres,2008,guitar duo,https://www.youtube.com/watch?v=xJaVtn0LASY,Jim Hall - Bag's Groove Transcription,Miguel Mateu Jazz Guitar,Modern guitar duo reinvention of the blues line,musicbrainz,1355ceda-a4c8-46ed-9b57-0bd862f36c6b
HVt4792iqcM,Billie's Bounce,Charlie Parker,Charlie Parker's Re-Boppers,Timeless Charlie Parker,2002,quintet,https://www.youtube.com/watch?v=HVt4792iqcM,Charlie Parker's Ree-Boppers - Billie's Bounce - 1945,Lars Bang Andersen,"The original 1945 Savoy recording with Miles Davis, the definitive version",musicbrainz,fbcfc05f-46b7-420f-a3f9-75c416752a25
C_GCdc_uL1c,Billie's Bounce,Charlie Parker,The Red Garland Quintet feat. John Coltrane,Dig It!,1962,quintet,https://www.youtube.com/watch?v=C_GCdc_uL1c,"The Red Garland Quintet, John Coltrane - Billie's Bounce",Jazz Everyday!,Hard-bop reading with Coltrane on tenor,musicbrainz,92dc3fff-aced-4805-82f2-43150075c8f6
A-tlMEMrK-4,Billie's Bounce,Charlie Parker,Stan Getz & J.J. Johnson,Jazz At The Philharmonic Set 1957,1991,quintet,https://www.youtube.com/watch?v=A-tlMEMrK-4,"Stan Getz, J.J Johnson - Billie's Bounce (Live)",Jazz Everyday!,Live tenor/trombone bebop dialogue,musicbrainz,a869bb0a-97cc-4a58-80df-d0383c757ea0
Gv4hS1W922E,Billie's Bounce,Charlie Parker,Wes Montgomery,The Best of Wes,1993,guitar combo,https://www.youtube.com/watch?v=Gv4hS1W922E,Wes Montgomery - Billie's Bounce,MartoJazz,Classic guitar interpretation,musicbrainz,16588f29-598c-4d26-8f1f-23740647275e
v-gBpgFD6bA,Billie's Bounce,Charlie Parker,Jimmy Smith,"Jimmy Smith at the Organ, Volume 2",1958,organ trio,https://www.youtube.com/watch?v=v-gBpgFD6bA,Billie's Bounce,Jimmy Smith - Topic,Hammond organ groove version,musicbrainz,7565b66c-c601-44c9-b61a-2e8d7dc9e852
jqlUwLp_hvI,Billie's Bounce,Charlie Parker,"Keith Jarrett, Gary Peacock, Jack DeJohnette",Still Live (disc 2),1986,piano trio,https://www.youtube.com/watch?v=jqlUwLp_hvI,Billie's Bounce,Keith Jarrett,Modern piano-trio standards-era reading,musicbrainz,ae2d0390-252f-4128-a831-91eb95c8f6d6
1Sy_cy6rQl8,Billie's Bounce,Charlie Parker,Dexter Gordon Quartet,Billie's Bounce,1983,tenor quartet,https://www.youtube.com/watch?v=1Sy_cy6rQl8,Billie's Bounce,Release - Topic,Robust hard-bop tenor version,musicbrainz,a07e6917-2fd0-4fae-9c5d-5cd5dd43ab39
0pLDFGGj3XY,Billie's Bounce,Charlie Parker,"Eddie ""Lockjaw"" Davis & Johnny Griffin",Live at Minton's,1998,two-tenor quintet,https://www.youtube.com/watch?v=0pLDFGGj3XY,Billie's Bounce,"Eddie ""Lockjaw"" Davis",Hard-swinging tenor battle,musicbrainz,dfd25133-b485-4379-9ddc-b22597d90b3e
EUxv3AAaK_Y,Blue Bossa,Kenny Dorham,Joe Henderson,Page One,1963,quintet,https://www.youtube.com/watch?v=EUxv3AAaK_Y,Blue Bossa (Remastered),Joe Henderson,The definitive original recording featuring composer Kenny Dorham on trumpet,musicbrainz,2aab10ef-8dee-4be1-af7a-6e1c48f7cb1d
zdR7v0WbZbA,Blue Bossa,Kenny Dorham,Dexter Gordon,Biting the Apple,1986,quintet,https://www.youtube.com/watch?v=zdR7v0WbZbA,Blue Bossa,Dexter Gordon - Topic,Robust hard-bop tenor reading of the tune,musicbrainz,1d82c1db-ae6a-4d72-ba83-9817a69b7a7f
S-lmYKIqmb8,Blue Bossa,Kenny Dorham,Kenny Burrell,Moon and Sand,1980,guitar combo,https://www.youtube.com/watch?v=S-lmYKIqmb8,Kenny Burrell - Blue Bossa (1979),8aleshka,Warm guitar-led interpretation of the standard,musicbrainz,535ae45e-64a4-4e30-b282-a15cc471d022
pVFr3Kg4V8g,Blue Bossa,Kenny Dorham,McCoy Tyner,Blue Bossa,1999,piano trio/sextet,https://www.youtube.com/watch?v=pVFr3Kg4V8g,Blue Bossa,McCoy Tyner Trio - Topic,Powerful piano voicings from a Coltrane-era master,musicbrainz,d1a4717a-de44-4edb-b553-4030b4f912fa
CWPFfLNaxxE,Blue Bossa,Kenny Dorham,"Milt Jackson, Joe Pass, Ray Brown",The Big 3,1976,vibraphone/guitar/bass trio,https://www.youtube.com/watch?v=CWPFfLNaxxE,Blue Bossa,Milt Jackson - Topic,Intimate chamber-jazz trio reading,musicbrainz,92cf4362-2896-4b05-8ca1-846052b9d87f
FzYUwU0Nzb0,Blue Bossa,Kenny Dorham,The Ray Brown Trio,Live at the Concord Jazz Festival – 1979,1990,piano trio,https://www.youtube.com/watch?v=FzYUwU0Nzb0,"Blue Bossa (Live From The Concord Jazz Festival, Concord, CA / 1979)",Ray Brown Trio - Topic,Swinging bass-anchored trio version,musicbrainz,c32f772c-eeb1-4924-8056-6efb5f21753f
MKAd2sogy9w,Blue Bossa,Kenny Dorham,J.J. Johnson,Quintergy: Live at the Village Vanguard,1991,quintet,https://www.youtube.com/watch?v=MKAd2sogy9w,J.J. Johnson Quintet - Blue Bossa - U. Jazz 1993,sigmundgroid,Trombone master's take on the standard,musicbrainz,8de274b9-6fe2-4cf1-98e2-e67b06ba2bee
nt9tMgxgOoo,Blue Bossa,Kenny Dorham,"Bobby McFerrin, Chick Corea",Play,1992,voice and piano duo,https://www.youtube.com/watch?v=nt9tMgxgOoo,Blue Bossa (Live),The Real Bobby McFerrin,Inventive vocal-piano duet reimagining,musicbrainz,c2d7de3d-a6d2-4b26-9c57-3e92f5b3f0d2
TLDflhhdPCg,Blue In Green,Bill Evans,Miles Davis,Kind of Blue,1987,sextet,https://www.youtube.com/watch?v=TLDflhhdPCg,Miles Davis - Blue In Green (Official Audio),Miles Davis,The original landmark recording from the seminal modal jazz album,musicbrainz,8121ce09-135d-477d-aafb-0404f1f15b78
HxEbT_opgQM,Blue In Green,Bill Evans,Bill Evans Trio,Kind of Blue,2022,piano trio,https://www.youtube.com/watch?v=HxEbT_opgQM,Bill Evans Trio - Blue In Green (Official Visualizer),Bill Evans,Co-composer's intimate trio reading shortly after Kind of Blue,musicbrainz,2b88f0f4-1f7c-4678-a3c8-9078670ce374
iURh6nmAFr4,Blue In Green,Bill Evans,"Bill Evans, Toots Thielemans",Affinity,1978,quintet with harmonica,https://www.youtube.com/watch?v=iURh6nmAFr4,Blue In Green,Toots Thielemans - Topic,Evans revisits his tune with Thielemans' lyrical harmonica,musicbrainz,a9721b27-ff1d-47e1-bb86-e4e75325d3d5
puqp5Z-dQpI,Blue In Green,Bill Evans,"Gary Burton, Stéphane Grappelli",Paris Encounter,1972,vibraphone and violin quartet,https://www.youtube.com/watch?v=puqp5Z-dQpI,Blue in Green,Elkobeloko,Distinctive vibes-and-violin chamber jazz treatment,musicbrainz,264c15af-736c-4767-8fb9-acab7145713d
4b3SV6FrJkM,Blue In Green,Bill Evans,"Fred Hersch, Charlie Haden, Joey Baron",Sarabande,1987,piano trio,https://www.youtube.com/watch?v=4b3SV6FrJkM,Improvisation,Charlie Haden - Topic,Elegant modern piano-trio interpretation,musicbrainz,804dc4e7-b581-464d-b402-1eae4e027eab
zlFJh8X7fqU,Blue In Green,Bill Evans,Pat Martino,Interchange,1994,guitar trio,https://www.youtube.com/watch?v=zlFJh8X7fqU,Blue In Green,Pat Martino,Notable guitar-led reading,musicbrainz,1bd431b7-6568-4372-974f-fdaf972bb223
YeDQp0HFfsY,Blue In Green,Bill Evans,Enrico Pieranunzi,Evans Remembered,2001,piano trio,https://www.youtube.com/watch?v=YeDQp0HFfsY,Blue In Green,Enrico Pieranunzi & Horns - Topic,Evans specialist's refined trio version,musicbrainz,231b473b-7cdd-4071-8e54-3b5bccaedbea
gQZHZtBfkE4,Blue In Green,Bill Evans,Gonzalo Rubalcaba,The Blessing,1991,piano trio,https://www.youtube.com/watch?v=gQZHZtBfkE4,Blue In Green,Gonzalo Rubalcaba - Topic,Virtuosic contemporary piano reinterpretation,musicbrainz,cbcf1dbc-de0d-4a16-a0dd-45dcf4b19c3d
sZ5GvUlahdo,Blue Monk,Thelonious Monk,Thelonious Monk Trio,Thelonious Monk Trio,1956,piano trio,https://www.youtube.com/watch?v=sZ5GvUlahdo,Blue Monk - Thelonious Monk Trio - 1957,Mr. Wolf,Composer's definitive original studio trio recording,musicbrainz,84e19346-286e-4f0e-a632-7620dce32936
Xdy9lugWud0,Blue Monk,Thelonious Monk,Thelonious Monk Quartet with John Coltrane,At Carnegie Hall,2005,quartet,https://www.youtube.com/watch?v=Xdy9lugWud0,John Coltrane & Thelonious Monk - Blue Monk,Classic Mood Experience,Landmark pairing of Monk with Coltrane,musicbrainz,4b953942-2cc5-436b-ac6d-80eeac14f801
YTfTw28Q7L4,Blue Monk,Thelonious Monk,Thelonious Monk Quartet with Johnny Griffin,Thelonious in Action,1961,quartet,https://www.youtube.com/watch?v=YTfTw28Q7L4,Blue Monk,Thelonious Monk,Fiery live Five Spot quartet version,musicbrainz,a49f1c8f-3515-4bc1-bc2b-f5094fa7715a
zTPMXrgPe80,Blue Monk,Thelonious Monk,Abbey Lincoln,Straight Ahead,1972,vocal with combo,https://www.youtube.com/watch?v=zTPMXrgPe80,Abbey Lincoln: Blue Monk (1973),orangefunk,Rare vocal rendition with Abbey Lincoln lyrics treatment,musicbrainz,1217938f-de74-4753-9e76-992dddc23793
ZpSRI8a7ggU,Blue Monk,Thelonious Monk,Steve Lacy & Mal Waldron,Communiqué,1997,soprano sax and piano duo,https://www.youtube.com/watch?v=ZpSRI8a7ggU,Blue Monk,Steve Lacy - Topic,Devoted Monk interpreters in intimate duo,musicbrainz,cdc15afb-4374-4343-a504-1261b2f8a1e1
qGKK3tjB6JU,Blue Monk,Thelonious Monk,Houston Person & Ron Carter,Chemistry,2016,tenor sax and bass duo,https://www.youtube.com/watch?v=qGKK3tjB6JU,"Houston Person, Ron Carter - Blue Monk",Jazz Everyday!,Soulful sax-bass duo reading of the blues,musicbrainz,81dd25c1-23cc-4817-bcb5-3a5150f46ea7
bBXkX5gHKoU,Blue Monk,Thelonious Monk,Michael Brecker with Kenny Barron Trio,Four,,quartet,https://www.youtube.com/watch?v=bBXkX5gHKoU,Blue Monk (Live)  Featuring Kenny Barron & Michael Brecker!,Dinosax69,Modern tenor master with leading Monk pianist,musicbrainz,15604551-86be-43f9-9971-a45fb15b1706
zFEZJXpiyQw,Blue Monk,Thelonious Monk,Wes Montgomery,The Incredible Jazz Guitar of Wes Montgomery,2004,guitar with combo,https://www.youtube.com/watch?v=zFEZJXpiyQw,Blue Monk - Wes Montgomery And Johnny Griffin | Jazz Video Guy | Wes Montgomery Jazz Guitarist,Jazz Video Guy,Guitar-led interpretation by Wes Montgomery,musicbrainz,41841151-61f0-4813-911d-c353c52764b9
zG6uPVdfYtc,Bluesette,Toots Thielemans,Toots Thielemans,Alle 40 goed: Sunday Morning,2013,harmonica with rhythm section,https://www.youtube.com/watch?v=zG6uPVdfYtc,Bluesette,Toots Thielemans - Topic,The composer's original definitive recording of his own tune,musicbrainz,66975f70-e52e-46d6-a862-3f5d6f638628
micPH3vJVs0,Bluesette,Toots Thielemans,Bill Evans,The Sesjun Radio Shows,2011,solo piano,https://www.youtube.com/watch?v=micPH3vJVs0,Bill Evans: Bluesette,q,Lyrical pianistic interpretation by a jazz master,musicbrainz,58b21510-277d-486c-a9be-ccadc1933c55
RHni_Eb01vA,Bluesette,Toots Thielemans,Ahmad Jamal,American Classical Music,1982,piano trio,https://www.youtube.com/watch?v=RHni_Eb01vA,Bluesette (Jazzomatic Cut),Release - Topic,Elegant trio reading with Jamal's signature space and dynamics,musicbrainz,1a233d7d-fa03-4d87-8ecd-c69d0588136b
Tnl4VCLKaZM,Bluesette,Toots Thielemans,Joe Pass,Live at Long Beach City College,1984,solo guitar,https://www.youtube.com/watch?v=Tnl4VCLKaZM,Bluesette - Joe Pass (Transcription),François Leduc,Virtuosic solo guitar treatment of the waltz,musicbrainz,484fc0a1-781d-4b2b-870e-ef1f6c3a4d69
SVz6V7MNPA8,Bluesette,Toots Thielemans,Jimmy Smith,Who’s Afraid of Virginia Woolf?,2005,organ trio,https://www.youtube.com/watch?v=SVz6V7MNPA8,Bluesette,Jimmy Smith - Topic,Soulful Hammond organ take on the standard,musicbrainz,245c22c1-519c-4a54-aa1d-124448a26de0
d5M8tFTj0PE,Bluesette,Toots Thielemans,Quincy Jones and His Orchestra,Mellow Madness,1975,big band,https://www.youtube.com/watch?v=d5M8tFTj0PE,Bluesette,Quincy Jones Productions,Lush big band arrangement showcasing the melody,musicbrainz,7be83172-b825-4600-9f38-d251bc3380c8
_J3ZDD4vjCE,Bluesette,Toots Thielemans,Lee Konitz,Round & Round,1988,alto saxophone with rhythm section,https://www.youtube.com/watch?v=_J3ZDD4vjCE,"Toots Thielemans plays ""Bluesette"" - album ""Philip Catherine and Friends""",robrijn,Cool-toned saxophone improvisation on the changes,musicbrainz,f44fb600-876c-4823-83b8-56b4ae9c6fe0
u1M-qo7aPu4,Bluesette,Toots Thielemans,"Charlie Byrd, Herb Ellis",Guitar/Guitar,1963,guitar duo,https://www.youtube.com/watch?v=u1M-qo7aPu4,Bluesette,Herb Ellis - Topic,Intimate twin-guitar interplay between two masters,musicbrainz,ad05d2cb-97eb-483a-bbe9-d154bd53b80f
LuNrVHCBSjE,Body And Soul,Johnny Green,Coleman Hawkins and His Orchestra,His Greatest Hits (1939-1947),1972,tenor saxophone with orchestra,https://www.youtube.com/watch?v=LuNrVHCBSjE,Body and Soul,Coleman Hawkins - Topic,The definitive 1939 recording that became the tune's gold standard,musicbrainz,b52a003d-3553-4cec-b4b4-41d571a85321
Ko2c5yJp8G8,Body And Soul,Johnny Green,The Benny Goodman Trio,The Smithsonian Collection of Classic Jazz,1973,"clarinet trio (clarinet, piano, drums)",https://www.youtube.com/watch?v=Ko2c5yJp8G8,Benny Goodman Trio - Body and soul,Lennart Länk aka helluvagun,Landmark early small-group swing version,musicbrainz,b7f4e20c-b9f9-45c5-b955-fe2cf18f4345
ualqYDat4_k,Body And Soul,Johnny Green,Art Tatum,Tatum Art: Art Tatum Live Performances 1934-1956,2008,solo piano,https://www.youtube.com/watch?v=ualqYDat4_k,Body and Soul - Art Tatum,Fábio Saravy,Virtuosic solo piano reharmonization,musicbrainz,60880488-6e78-4f52-b838-b20edc923cc9
AXnQeb0rgpU,Body And Soul,Johnny Green,Billie Holiday,The Golden Years 1933-1941,1982,vocal with orchestra,https://www.youtube.com/watch?v=AXnQeb0rgpU,Billie Holiday - Body And Soul (1957),Okmusix,Definitive vocal interpretation,musicbrainz,59d6e914-c685-4841-8fd7-9ad67418a914
oIGO8gL5HmM,Body And Soul,Johnny Green,Thelonious Monk,After Hours at Minton’s,2001,solo piano,https://www.youtube.com/watch?v=oIGO8gL5HmM,Thelonious Monk - Body and Soul (Take 1),Thelonious Monk,"Angular, idiosyncratic bebop-era reading",musicbrainz,1d91d2c8-a429-43a2-9dbd-0672f0ee06f4
Ucq0Xr5g8R4,Body And Soul,Johnny Green,Dexter Gordon,"Bopland: The Legendary Elks Club Concert, L.A. 1947",2004,tenor saxophone quartet,https://www.youtube.com/watch?v=Ucq0Xr5g8R4,Dexter Gordon - Body and Soul (4K 60 FPS Colorized & Restored Audio),Kirill Poudavoff Music,Major bebop tenor statement,musicbrainz,a1de82f1-45e2-41ea-982b-460f17210ee4
QplAkBysk-4,Body And Soul,Johnny Green,Frank Sinatra,Portrait of Sinatra: Columbia Classics,1997,vocal with orchestra,https://www.youtube.com/watch?v=QplAkBysk-4,Frank Sinatra - Body And Soul,Frank Sinatra,Classic crooner ballad treatment,musicbrainz,4578a28b-d1f6-4617-bcdd-08a87903e3bc
K2QApkQL0XY,Body And Soul,Johnny Green,Louis Armstrong,The Essential Recordings 1925 - 1940,1995,trumpet and vocal with orchestra,https://www.youtube.com/watch?v=K2QApkQL0XY,Louis Armstrong - Body And Soul,Don Quixote,Pioneering early jazz vocal/trumpet version,musicbrainz,c73844bf-3e3e-47da-80a1-90a3ce1f665c
SRJNVJv-3xY,But Beautiful,Jimmy Van Heusen,Billie Holiday,Lady in Satin,1997,vocal with jazz combo,https://www.youtube.com/watch?v=SRJNVJv-3xY,But Beautiful,Billie Holiday,Definitive vocal interpretation with sublime phrasing,musicbrainz,659c6c8a-8691-4b8b-b451-4153b7fb62ed
3OJoOom3uoM,But Beautiful,Jimmy Van Heusen,Stan Getz & Bill Evans,But Beautiful,1964,tenor saxophone with piano trio,https://www.youtube.com/watch?v=3OJoOom3uoM,But Beautiful (Live),Bill Evans,Landmark tenor-piano summit reading,musicbrainz,a6004dc1-749b-4a6f-9871-62923f4556fa
-BPdbJ3utYo,But Beautiful,Jimmy Van Heusen,"Frank Sinatra, Axel Stordahl & His Orchestra",The Voice: Over Twenty Years in Music 1939-1960,2012,vocal with orchestra,https://www.youtube.com/watch?v=-BPdbJ3utYo,1948 HITS ARCHIVE: But Beautiful - Frank Sinatra,The78Prof,Early classic crooner version of the tune,musicbrainz,a5124e65-2cc0-4d2e-b2bc-3a164b81807d
_x7PUfpJsCA,But Beautiful,Jimmy Van Heusen,"Bing Crosby, Victor Young and His Orchestra",It’s Easy to Remember,2002,vocal with orchestra,https://www.youtube.com/watch?v=_x7PUfpJsCA,But Beautiful (Single Version),Bing Crosby,Original popularization from the film,musicbrainz,f28f331d-c6e4-4d7c-b7c8-22c9faebf2db
uywr_l2tfdQ,But Beautiful,Jimmy Van Heusen,Nat King Cole,The Very Thought of You,1997,vocal with orchestra,https://www.youtube.com/watch?v=uywr_l2tfdQ,But Beautiful,Nat King Cole,"Smooth, warm vocal ballad rendition",musicbrainz,c5564b36-9155-4bd6-b2db-6698d702936a
iM6iAf0pbU0,But Beautiful,Jimmy Van Heusen,Bill Evans Trio,Since We Met,1976,piano trio,https://www.youtube.com/watch?v=iM6iAf0pbU0,Bill Evans Live - But Beautiful (Jazz Piano),Pianopod,Lyrical pianistic exploration of the harmony,musicbrainz,cb5de800-55f9-45a2-b7e8-d8400e886c48
mh6VBUaazak,But Beautiful,Jimmy Van Heusen,Tony Bennett & Bill Evans,Complete Fantasy Recordings,1989,vocal with piano,https://www.youtube.com/watch?v=mh6VBUaazak,But Beautiful from 'The Tony Bennett/Bill Evans Album',Bill Evans,Intimate voice-and-piano duet masterclass,musicbrainz,adfe9381-e082-48e3-bb06-a243506180f6
shCh2vyVhbE,But Beautiful,Jimmy Van Heusen,Chet Baker & Enrico Pieranunzi,The Heart of the Ballad,1988,trumpet with piano,https://www.youtube.com/watch?v=shCh2vyVhbE,Chet Baker & Enrico Pieranuzi - But Beautiful Take 2,breadbug,Late Chet duo ballad of fragile beauty,musicbrainz,1387ff89-5fb3-47bf-bf29-4bcc378e8912
rqn139fmaNA,But Not For Me,George Gershwin,Ella Fitzgerald,Ella Sings Gershwin,1950,vocal with piano,https://www.youtube.com/watch?v=rqn139fmaNA,But Not for Me (feat. Ellis Larkins),Ella Fitzgerald,"Intimate duet with Ellis Larkins, definitive vocal reading",musicbrainz,b6544598-59ec-43e2-8682-2560028c3e45
R_f_mMJAezM,But Not For Me,George Gershwin,Chet Baker,Too Cool,2007,vocal with quartet,https://www.youtube.com/watch?v=R_f_mMJAezM,Chet Baker - But Not For Me,betttyblue,Iconic soft-toned vocal and trumpet version,musicbrainz,05006ddc-a47c-4805-842f-05ae9eaf7b02
0Oxio9qzTAI,But Not For Me,George Gershwin,Miles Davis,But Not for Me / Doxy,1958,quintet,https://www.youtube.com/watch?v=0Oxio9qzTAI,Miles Davis - But Not For Me (Take 2 / Rudy Van Gelder Remaster) from Bags' Groove,Prestige Jazz,Landmark hard-bop instrumental take,musicbrainz,a4451927-bfac-4a82-933f-1f9e58572e80
VEW2Wx2OsBs,But Not For Me,George Gershwin,Red Garland Trio,Crossings,1978,piano trio,https://www.youtube.com/watch?v=VEW2Wx2OsBs,Red Garland - But not for me (copy),Hosung Joo,Swinging signature piano trio rendition,musicbrainz,de537ef9-3006-4dd8-8f39-d7ceb437dc1c
WIW0bRcV6Ic,But Not For Me,George Gershwin,Ahmad Jamal,Ahmad Jamal at the Pershing: But Not for Me,1958,piano trio,https://www.youtube.com/watch?v=WIW0bRcV6Ic,"But Not For Me (Live At The Pershing, Chicago, 1958)",AHMAD JAMAL - Official channel,Hugely influential live trio interpretation,musicbrainz,9d444787-3f25-4c16-9261-597b9ab021cc
Ll3NK0usuQ0,But Not For Me,George Gershwin,John Coltrane,Live at the Jazz Gallery,2011,quartet,https://www.youtube.com/watch?v=Ll3NK0usuQ0,But Not For Me (Stereo) (2022 Remaster),John Coltrane,"Coltrane's modal, sheets-of-sound quartet version",musicbrainz,9d2b76bb-63c2-429c-b403-6a2f9f254a0b
N_UEZaXxvmE,But Not For Me,George Gershwin,The Modern Jazz Quartet,Django,1956,vibraphone quartet,https://www.youtube.com/watch?v=N_UEZaXxvmE,Modern Jazz Quartet - But Not For Me,Thomas Hicken,Elegant chamber-jazz arrangement,musicbrainz,780d8771-c260-4a46-926a-e3d1a9c1e695
X03uSwM07_A,But Not For Me,George Gershwin,Judy Garland,That’s Entertainment! The Ultimate Anthology of M‐G‐M Musicals,1995,vocal with orchestra,https://www.youtube.com/watch?v=X03uSwM07_A,JUDY GARLAND: 'BUT NOT FOR ME' FROM 'GIRL CRAZY'.,Michele Bell,Famous interpretation of the original musical number,musicbrainz,07a9de4c-6490-4da7-b5ae-b5d4f5d51218
AlSVDvNHLPs,Bye Bye Blackbird,Ray Henderson,Miles Davis Quintet,’Round About Midnight,1957,trumpet quintet,https://www.youtube.com/watch?v=AlSVDvNHLPs,"Miles Davis - Bye Bye Blackbird (Audio) ft. John Coltrane, Red Garland",Miles Davis,Definitive modern jazz reading; the most influential version of the tune,musicbrainz,f850b86a-55d2-41c5-8c4a-e9594cba6ba0
AlSVDvNHLPs,Bye Bye Blackbird,Ray Henderson,John Coltrane,Complete Live At the Sutherland Lounge 1961,2012,saxophone quartet,https://www.youtube.com/watch?v=AlSVDvNHLPs,"Miles Davis - Bye Bye Blackbird (Audio) ft. John Coltrane, Red Garland",Miles Davis,Expansive live quartet exploration,musicbrainz,175387ea-c6be-46ed-a718-2d7de9d1c947
nfSjXNlrn8M,Bye Bye Blackbird,Ray Henderson,"Keith Jarrett, Gary Peacock, Jack DeJohnette",Bye Bye Blackbird,1993,piano trio,https://www.youtube.com/watch?v=nfSjXNlrn8M,Bye Bye Blackbird,Keith Jarrett,Standards Trio tribute to Miles Davis,musicbrainz,bd0b6c14-65ed-495b-8093-011d08cca4bf
VO6hjbRbLUY,Bye Bye Blackbird,Ray Henderson,"Carmen McRae, Ben Webster",Birds Of A Feather,1958,vocal with saxophone and combo,https://www.youtube.com/watch?v=VO6hjbRbLUY,Bye Bye Blackbird (feat. Ben Webster),Carmen McRae - Topic,Warm vocal-tenor pairing,musicbrainz,de182e4f-0352-4407-94fb-828f9a7011a7
wVdz4YuMDQ4,Bye Bye Blackbird,Ray Henderson,Peggy Lee,Songs From Pete Kelly’s Blues,1955,vocal with combo,https://www.youtube.com/watch?v=wVdz4YuMDQ4,Peggy Lee - Bye Bye Blackbird,John1948Ten,Classic intimate vocal interpretation,musicbrainz,af7b4680-e77c-4b6c-bd4d-856a7ec5a4aa
AlSVDvNHLPs,Bye Bye Blackbird,Ray Henderson,Red Garland,Red Garland At The Prelude,1959,piano trio,https://www.youtube.com/watch?v=AlSVDvNHLPs,"Miles Davis - Bye Bye Blackbird (Audio) ft. John Coltrane, Red Garland",Miles Davis,Swinging trio take from Miles's pianist,musicbrainz,5151ea8f-10b5-41ab-a6ba-68ca6c388c38
Cu7Znu36_vA,Bye Bye Blackbird,Ray Henderson,Joe Lovano,Tenor Time,1997,saxophone quartet,https://www.youtube.com/watch?v=Cu7Znu36_vA,"Bye Bye Blackbird by Joe Lovano, Chris Potter, Roy Assaf, Francois Moutin, Kendrick Scott",AlexTerrier,Modern tenor tribute album,musicbrainz,fbe49489-ff79-42e0-88c6-b16d6d5dd2d0
lJMuydUfNcM,Bye Bye Blackbird,Ray Henderson,Nina Simone,At the Village Gate,1962,vocal with combo,https://www.youtube.com/watch?v=lJMuydUfNcM,Nina Simone - Bye Bye Blackbird (1962),Classic Mood Experience,"Soulful, distinctive vocal phrasing",musicbrainz,a5c0f362-0889-46a4-8d15-25011d033a82
TTXYkPYUhEI,Caravan,Duke Ellington,Duke Ellington & His Orchestra,16 Most Requested Songs,1994,big band,https://www.youtube.com/watch?v=TTXYkPYUhEI,Caravan - Live at Musikhuset Aarhus // Aarhus Jazz Orchestra,Aarhus Jazz Orchestra,The original landmark recording by the composer's orchestra,musicbrainz,ceed92f6-daae-47de-bc7e-bb8036057c01
HDbgLJt50ss,Caravan,Duke Ellington,Art Blakey & The Jazz Messengers,Caravan,1962,quintet,https://www.youtube.com/watch?v=HDbgLJt50ss,Art Blakey and the Jazz Messengers - Caravan,Felipe Vanegas,Definitive hard-bop version with explosive drumming,musicbrainz,649411de-0f75-4bd3-94c6-afca1bb496c6
Gfqfz3fdZLo,Caravan,Duke Ellington,Wes Montgomery,In the Beginning,2015,guitar quartet,https://www.youtube.com/watch?v=Gfqfz3fdZLo,Wes Montgomery - Caravan - Virtual Guitar Transcription by Gilles Rea,Gill & Jazz Transcriptions,Iconic guitar interpretation,musicbrainz,d239031a-5d8c-43b2-892b-dd38a8ec36bd
KqsXxXYBOdc,Caravan,Duke Ellington,"Oscar Peterson, Joe Pass, Ray Brown","""The Giants""",1977,piano trio,https://www.youtube.com/watch?v=KqsXxXYBOdc,"Oscar Peterson, Joe Pass & Ray Brown - Caravan",Joseph Passadena,Virtuosic piano-trio reading,musicbrainz,079ba02c-0c39-42d3-a2ba-625f45d8f81c
QLOlMnNVkwA,Caravan,Duke Ellington,Thelonious Monk,Thelonious Monk Plays Duke Ellington,1956,quartet,https://www.youtube.com/watch?v=QLOlMnNVkwA,Thelonious Monk - Caravan,Santoszzz,"Angular, idiosyncratic Monk take",musicbrainz,de606651-4708-41c2-be53-4b722919361c
sTjPAjq8OMY,Caravan,Duke Ellington,Ella Fitzgerald,Ella Fitzgerald Sings the Duke Ellington Song Book,1957,vocal with orchestra,https://www.youtube.com/watch?v=sTjPAjq8OMY,Caravan- Ella Fitzgerald,Michael C.,Definitive vocal version from the Ellington songbook,musicbrainz,0bb5458a-f451-4162-88e4-502b3a53c1b4
TPnB56fQJNQ,Caravan,Duke Ellington,"Duke Ellington, Charlie Mingus, Max Roach",Money Jungle,1962,piano trio,https://www.youtube.com/watch?v=TPnB56fQJNQ,Caravan (Remastered),Duke Ellington - Topic,Adventurous summit-meeting trio version,musicbrainz,4cd6b2b7-f9d5-46e0-b220-9bae1775cde8
FJgLZMFfa18,Caravan,Duke Ellington,Art Tatum Trio,Tatum Art: Art Tatum Live Performances 1934-1956,2008,piano trio,https://www.youtube.com/watch?v=FJgLZMFfa18,Art Tatum plays Caravan (1954),gullivior,Dazzling Tatum virtuosity,musicbrainz,3260dfbe-97c1-4bae-8f75-5b6deeef32ab
9RGTYTaNzXA,Cherokee,Ray Noble,Charlie Barnet and His Orchestra,Cherokee / Pompton Turnpike / Riverboat Shuffle / I Wish I Could Shimmy Like My Sister Kate,1944,big band,https://www.youtube.com/watch?v=9RGTYTaNzXA,CHARLIE BARNET Cherokee (1939) - Jazz instrumental,78 RPM Records,The definitive swing-era hit that made the tune a standard,musicbrainz,1c0d169b-7814-4093-9b4b-e3a3a669874f
Z3vACbUETa0,Cherokee,Ray Noble,Charlie Parker,The Complete Birth of the Bebop,1993,quintet,https://www.youtube.com/watch?v=Z3vACbUETa0,Cherokee-Charlie Parker .,charlieparkerjazzart,Bird's iconic bebop reinvention; basis for 'Ko-Ko',musicbrainz,727cef0b-7dc4-49dc-a283-649e6e4b4804
MLV7yLxswyY,Cherokee,Ray Noble,Ray Noble and His Orchestra,Cherokee / By the Waters of Minnetonka,1938,big band,https://www.youtube.com/watch?v=MLV7yLxswyY,1938 Ray Noble - Cherokee,Rick Colom Collection,Composer's original recording,musicbrainz,5d5b75b0-3fd5-4f76-b8c3-d5104022d56e
UXPzAasKWQg,Cherokee,Ray Noble,Clifford Brown & Max Roach,Study in Brown,1955,quintet,https://www.youtube.com/watch?v=UXPzAasKWQg,Clifford Brown & Max Roach - Cherokee,masqualero,Blistering hard-bop trumpet showcase,musicbrainz,ef79bc02-24f2-420c-930b-08e0ce49755f
MdM7fRE44kE,Cherokee,Ray Noble,Bud Powell Trio,"The Best of Bud Powell 1944-62, Vol. 1",2014,piano trio,https://www.youtube.com/watch?v=MdM7fRE44kE,Cherokee,Bud Powell Trio - Topic,Definitive bebop piano-trio reading,musicbrainz,be001653-dffb-4048-9a49-b081154968b4
HZ6dTQIk8_o,Cherokee,Ray Noble,Art Tatum,The Chronological Classics: Art Tatum 1945-1947,1998,solo piano,https://www.youtube.com/watch?v=HZ6dTQIk8_o,Cherokee (Album Version),Art Tatum - Topic,Virtuosic solo piano interpretation,musicbrainz,af884efc-c5ea-4f19-920c-ea77eb7a0e5f
PyU7ohXXy7s,Cherokee,Ray Noble,Sarah Vaughan,In the Land of Hi-Fi,1955,vocal with orchestra,https://www.youtube.com/watch?v=PyU7ohXXy7s,Sarah Vaughan - Cherokee - Weekendshow - 7 june 1958 • World of Jazz,World of Jazz,Rare vocal treatment of an instrumental warhorse,musicbrainz,e7887cb9-3758-4b42-9d53-39236758e7f6
c0Olxorz1fU,Cherokee,Ray Noble,Sonny Stitt,Kaleidoscope,1957,saxophone with rhythm,https://www.youtube.com/watch?v=c0Olxorz1fU,Sonny Stitt & Hank Jones Quartet - Cherokee,jazzka,Bebop alto/tenor master at full throttle,musicbrainz,9a8b13a6-f18d-4aa7-9164-36dec554098d
BrY66GbxPps,Come Rain Or Come Shine,Harold Arlen,Frank Sinatra,The V‐Discs,1994,vocal with orchestra,https://www.youtube.com/watch?v=BrY66GbxPps,Come Rain or Come Shine,Frank Sinatra,Definitive male vocal reading of the standard,musicbrainz,a9e35cf0-e5e8-4789-bb7d-5c62bd95effa
RL_P-gHxI3Y,Come Rain Or Come Shine,Harold Arlen,Billie Holiday,Music for Torching,1955,vocal with orchestra,https://www.youtube.com/watch?v=RL_P-gHxI3Y,Billie Holiday & Her Orchestra - Come Rain or Come Shine (Clef Records 1955),RoundMidnightTV,Emotive late-career interpretation,musicbrainz,c9643d2a-5023-4f37-b0de-960bc136d0fa
KPXHWeUO2wo,Come Rain Or Come Shine,Harold Arlen,Dinah Washington & Clifford Brown,Brownie: The Complete EmArcy Recordings of Clifford Brown,1989,vocal with quintet,https://www.youtube.com/watch?v=KPXHWeUO2wo,Dinah Washington - Come Rain or Come Shine,Jazz Everyday!,Vocal-trumpet pairing live session,musicbrainz,5732f6b4-7686-4dd0-a733-4c7a8545e5e0
rDSXk0fWCN8,Come Rain Or Come Shine,Harold Arlen,Bill Evans Trio,Portrait in Jazz,1960,piano trio,https://www.youtube.com/watch?v=rDSXk0fWCN8,Bill Evans Trio - Come Rain Or Come Shine,JazzTuna,Lyrical landmark piano-trio treatment,musicbrainz,ed4880ec-4108-4d80-a9ea-bafbdc6ad77f
15j6NQ-BxWc,Come Rain Or Come Shine,Harold Arlen,Art Tatum,Tatum Art: Art Tatum Live Performances 1934-1956,2008,solo piano,https://www.youtube.com/watch?v=15j6NQ-BxWc,Come Rain Or Come Shine,Art Tatum - Topic,Virtuosic solo-piano harmonic reinvention,musicbrainz,4b3a9c07-b51b-4092-ae67-76ced09e475a
71NoqZTjLI0,Come Rain Or Come Shine,Harold Arlen,John Coltrane,The Last Trane,1965,saxophone quartet,https://www.youtube.com/watch?v=71NoqZTjLI0,John Coltrane - Come  Rain or Come Shine,Andrea Corbia (The Pleasure of Jazz),Hard-bop tenor exploration,musicbrainz,40f3f6ba-93a9-4278-b083-d460e14301ee
MCj96k1A95g,Come Rain Or Come Shine,Harold Arlen,Ray Charles,The Genius of Ray Charles,1959,vocal with big band,https://www.youtube.com/watch?v=MCj96k1A95g,Norah Jones (with Wynton Marsalis) - Come Rain or Come Shine,MeEle,Soulful crossover big-band version,musicbrainz,926a35b6-18a5-45a9-881e-4c2640ea8aa8
Qgu9BXiwcBQ,Come Rain Or Come Shine,Harold Arlen,"Keith Jarrett, Gary Peacock, Jack DeJohnette",Still Live (disc 2),1986,piano trio,https://www.youtube.com/watch?v=Qgu9BXiwcBQ,Keith Jarrett / Gary Peacock / Jack DeJohnette - Munich 1986,Norbert Brycht,Modern Standards-trio interpretation,musicbrainz,01ebad64-85c8-4888-ae70-6c13a3f9510f
yXK0pZx92MU,Confirmation,Charlie Parker,Charlie Parker,The Complete Live Performances on Savoy,1998,alto saxophone quartet,https://www.youtube.com/watch?v=yXK0pZx92MU,Charlie Parker- Confirmation,J_Noodles,Parker's own definitive studio recording of his composition,musicbrainz,83f2d77b-6cf9-455f-824b-36c86808f6e0
qHFSoE-3t-o,Confirmation,Charlie Parker,Charlie Parker Quartet,Bird: The Complete Charlie Parker on Verve,1988,alto saxophone quartet,https://www.youtube.com/watch?v=qHFSoE-3t-o,Confirmation,Charlie Parker,"July 1953 take, classic small-group version led by the composer",musicbrainz,532feb6b-bdd8-46c5-83a9-85a1f058de72
cHcJXnVloU0,Confirmation,Charlie Parker,"Dizzy Gillespie, Charlie Parker",Diz 'n' Bird in Concert,1959,quintet (bop),https://www.youtube.com/watch?v=cHcJXnVloU0,"Charlie Parker, Dizzy Gillespie - Confirmation",Jazz Everyday!,"Bird & Diz pairing, essential bebop document of the tune",musicbrainz,9adca306-a26f-4c9f-a347-4cbd40cf50b4
3sD5sxmSkzY,Confirmation,Charlie Parker,"Art Blakey, Clifford Brown","New York City, Birdland Club, February 21, 1954",1988,hard bop quintet,https://www.youtube.com/watch?v=3sD5sxmSkzY,"Confirmation (Live At Birdland, New York/1954)",Art Blakey,Fiery live Birdland reading with Clifford Brown,musicbrainz,8e02efcc-2a46-4dd0-9660-ff006e817449
q--eHmrmgwE,Confirmation,Charlie Parker,Bud Powell,Budism,1992,piano trio,https://www.youtube.com/watch?v=q--eHmrmgwE,Confirmation,Bud Powell Trio - Topic,Definitive bebop piano-trio interpretation,musicbrainz,bf58261b-4fb4-48cf-8a6e-e7c266856aae
nCjibEEpQuI,Confirmation,Charlie Parker,Dexter Gordon Quartet,Complete Kenny Drew & Carl Perkins Sessions,2004,tenor saxophone quartet,https://www.youtube.com/watch?v=nCjibEEpQuI,Dexter Gordon - Confirmation,JazzBreakTV,Robust hard-bop tenor treatment,musicbrainz,4b2ebd45-1928-486b-8fe8-8adb15326810
pT-s1e6en2k,Confirmation,Charlie Parker,The Oscar Peterson Trio,At Baker’s Keyboard Lounge: The Complete Recordings,2026,piano trio,https://www.youtube.com/watch?v=pT-s1e6en2k,Oscar Peterson Trio - Confirmation ( By Charlie Parker ),Rafael Petrossian,Virtuosic swinging trio version,musicbrainz,5adc0a33-0fac-4b56-a0a3-cc51eb1dcef4
wvQGOFcOu2o,Confirmation,Charlie Parker,Bill Charlap Trio,Souvenir,1995,piano trio,https://www.youtube.com/watch?v=wvQGOFcOu2o,Confirmation,Bill Charlap - Topic,Refined modern mainstream trio rendition,musicbrainz,dac65047-f4b9-46f5-9cd7-778a8e78b5dd
VEMWhrfFVDc,Corcovado,Antonio Carlos Jobim,"Stan Getz, João Gilberto, Astrud Gilberto",Autour de minuit,1989,vocal with saxophone and bossa nova combo,https://www.youtube.com/watch?v=VEMWhrfFVDc,Corcovado (Quiet Nights Of Quiet Stars) (Mono Version),Stan Getz,The definitive English/Portuguese bossa nova reading from the landmark Getz/Gilberto album,musicbrainz,e36b598e-a195-435e-9713-e51a83c232a5
C9uHVudI11U,Corcovado,Antonio Carlos Jobim,Antonio Carlos Jobim,A Trip to Brazil: 40 Years of Bossa Nova,1998,piano with orchestra,https://www.youtube.com/watch?v=C9uHVudI11U,Corcovado(Antonio Carlos Jobim) - Bossanova Jazz Piano with sheet by Jazzpian.S,Jazzpian.S,The composer's own instrumental interpretation,musicbrainz,4ade51ab-f554-4370-83dc-d9c218f328f5
cb8qGAsCRa8,Corcovado,Antonio Carlos Jobim,"Elis Regina, Tom Jobim",Elis & Tom,1974,vocal with combo,https://www.youtube.com/watch?v=cb8qGAsCRa8,Corcovado,Elis Regina,Celebrated Brazilian vocal duet from the classic Elis & Tom sessions,musicbrainz,495fba83-45cb-492b-a6da-28af60165532
nUUBi8jJjII,Corcovado,Antonio Carlos Jobim,Miles Davis,Quiet Nights,1963,trumpet with orchestra (Gil Evans),https://www.youtube.com/watch?v=nUUBi8jJjII,Corcovado,Miles Davis,Miles Davis/Gil Evans orchestral take that named the album Quiet Nights,musicbrainz,5a1bf8ed-5fd0-4661-8668-dec1be0b5ea3
sA2i67MHxqo,Corcovado,Antonio Carlos Jobim,Joe Pass,Resonance,2000,solo guitar,https://www.youtube.com/watch?v=sA2i67MHxqo,Corcovado,Joe Pass,Masterful solo guitar interpretation,musicbrainz,3274517e-d260-490a-9451-ed6e3fcc8b4e
rnXOo1yM5MA,Corcovado,Antonio Carlos Jobim,Oscar Peterson,The Classic Verve Albums Collection,2018,piano trio,https://www.youtube.com/watch?v=rnXOo1yM5MA,Quiet Nights Of Quiet Stars (Corcovado),Oscar Peterson (The Estate of Oscar Peterson),Swinging piano trio rendition,musicbrainz,c13287c5-5431-4247-8b7d-a383555042d2
PA8Pv_gTjLg,Corcovado,Antonio Carlos Jobim,Everything but the Girl,Single,1996,vocal with pop arrangement,https://www.youtube.com/watch?v=PA8Pv_gTjLg,"Everything But The Girl - Corcovado - (Live On Red Hot + Rio TV Special, 1996)",Everything But The Girl,Notable modern pop-jazz crossover cover,musicbrainz,67e3b45a-31c4-4b9f-8f6a-f0d070e8e2cf
W-YnyZG8fNU,Corcovado,Antonio Carlos Jobim,João Gilberto,Eu sei que vou te amar,1994,solo voice and guitar,https://www.youtube.com/watch?v=W-YnyZG8fNU,Stan Getz & Joao Gilberto - Corcovado (Quiet Nights of Quiet Stars),declique,Intimate definitive bossa nova guitar-and-voice version,musicbrainz,2c8f2e15-cc6e-4a45-ae0a-31144f828196
psV8Cg46Rnw,Darn That Dream,Jimmy Van Heusen,"Mildred Bailey, Benny Goodman and His Orchestra",Dance Hall Days,1995,vocal with big band,https://www.youtube.com/watch?v=psV8Cg46Rnw,"1940 HITS ARCHIVE: Darn That Dream - Benny Goodman (Mildred Bailey, vocal)",The78Prof,Original hit recording from the Swingin' the Dream musical,musicbrainz,4893cc2d-a9d6-4570-a2a8-317d55747d54
-YGlPjMjiHM,Darn That Dream,Jimmy Van Heusen,Miles Davis,The Complete Live Recordings 1948–1955,2006,nonet with vocal (Kenny Hagood),https://www.youtube.com/watch?v=-YGlPjMjiHM,"Miles Davis, 1955 - Darn That Dream",jazzka,Landmark Birth of the Cool arrangement,musicbrainz,ffa79b37-d782-4721-b742-1566d79eb4cd
BaSu5r9_-3E,Darn That Dream,Jimmy Van Heusen,Billie Holiday,The Silver Collection,1984,vocal with orchestra,https://www.youtube.com/watch?v=BaSu5r9_-3E,Darn That Dream - Billie Holiday,suarez77,Definitive late-period vocal interpretation,musicbrainz,5e1b1297-bfa6-4c71-bbe3-f18b7473f090
0mBpd5X-slQ,Darn That Dream,Jimmy Van Heusen,"Bill Evans, Jim Hall",Undercurrent,1962,piano and guitar duo,https://www.youtube.com/watch?v=0mBpd5X-slQ,Darn That Dream,Bill Evans,"Intimate, harmonically rich duo reading",musicbrainz,7bfee90d-f4e7-4756-a5a1-8a314119d36d
CwoYwn6KWAM,Darn That Dream,Jimmy Van Heusen,Thelonious Monk,The Unique Thelonious Monk,1956,solo piano,https://www.youtube.com/watch?v=CwoYwn6KWAM,Darn That Dream,Thelonious Monk,Idiosyncratic solo piano treatment,musicbrainz,71631007-bbe1-4b14-936c-e8356367a0bf
ba91lKC3xrg,Darn That Dream,Jimmy Van Heusen,Dexter Gordon Quartet,Complete Kenny Drew & Carl Perkins Sessions,2004,tenor saxophone quartet,https://www.youtube.com/watch?v=ba91lKC3xrg,Dexter Gordon/Darn That Dream,JazzBreakTV,Robust hard-bop ballad statement,musicbrainz,3d015c76-bc52-4d2d-82a1-8ce20a7c8c23
P1SoOUQ0H8Y,Darn That Dream,Jimmy Van Heusen,Sarah Vaughan,"The Complete Sarah Vaughan on Mercury, Volume 3: Great Show on Stage: 1957-1959",1986,vocal with combo,https://www.youtube.com/watch?v=P1SoOUQ0H8Y,Sarah Vaughan & Count Basie Orchestra - Darn That Dream (Mercury Records 1958),RoundMidnightTV,"Lush, virtuosic vocal version",musicbrainz,4e2a8631-325f-4e04-a623-a32f23dd035b
GGLZlEFdcTY,Darn That Dream,Jimmy Van Heusen,"Art Pepper, George Cables",Tête-à-tête,1983,alto saxophone and piano duo,https://www.youtube.com/watch?v=GGLZlEFdcTY,Art Pepper & George Cables - Darn That Dream,jazzka,Poignant late-career duo recording,musicbrainz,aed85dc3-1104-4d27-8650-022c8b842c33
SjJzM3Mp9fs,Days Of Wine And Roses,Henry Mancini,Oscar Peterson Trio,We Get Requests,1964,piano trio,https://www.youtube.com/watch?v=SjJzM3Mp9fs,Days Of Wine And Roses,Oscar Peterson (The Estate of Oscar Peterson),Definitive swinging piano-trio reading of the tune,musicbrainz,1df3250e-5996-4f12-afe1-298bba4fd9e1
lTsao5gjbZo,Days Of Wine And Roses,Henry Mancini,Wes Montgomery,Boss Guitar,1963,guitar with orchestra,https://www.youtube.com/watch?v=lTsao5gjbZo,Wes Montgomery - Days Of Wine And Roses (Official Audio),Wes Montgomery,Lyrical octave-style guitar interpretation,musicbrainz,33a9f6e0-3554-4f80-af5e-cf1f2aa7b86e
-gAYagy76vE,Days Of Wine And Roses,Henry Mancini,Tony Bennett & Bill Evans,Complete Fantasy Recordings,1989,vocal with piano,https://www.youtube.com/watch?v=-gAYagy76vE,Days Of Wine And Roses from 'The Tony Bennett/Bill Evans Album',Bill Evans,Intimate landmark voice-and-piano duet,musicbrainz,b8b1a4fc-2efa-450b-b807-70811c138fc4
RmHkaCAt9vM,Days Of Wine And Roses,Henry Mancini,Frank Sinatra,"Frank Sinatra Sings Days of Wine and Roses, Moon River and Other Academy Award Winners",1964,vocal with orchestra,https://www.youtube.com/watch?v=RmHkaCAt9vM,Days Of Wine And Roses,Frank Sinatra,Classic orchestral vocal rendition,musicbrainz,20db05fb-1264-4f71-a73b-2abc0ddc3fae
0nIy-WZCkmg,Days Of Wine And Roses,Henry Mancini,Joe Pass,"The Complete ""Catch Me"" Sessions",1982,solo guitar,https://www.youtube.com/watch?v=0nIy-WZCkmg,The Days Of Wine And Roses,Joe Pass,Masterful solo-guitar treatment,musicbrainz,70ca6372-cf13-4396-aac2-812a05ed2e4a
FDcmiDN-4wc,Days Of Wine And Roses,Henry Mancini,Henry Mancini,Our Man in Hollywood,1963,orchestra,https://www.youtube.com/watch?v=FDcmiDN-4wc,Gorgious And Guilty (Days Of Wine And Roses),Henry Mancini,Composer's own Oscar-winning original arrangement,musicbrainz,a523bbd5-1e3e-47d4-8af3-7eaf8ee5544e
4JL6KyEgmgU,Days Of Wine And Roses,Henry Mancini,Wynton Kelly Trio with Joe Henderson,"Straight, No Chaser",1968,quartet,https://www.youtube.com/watch?v=4JL6KyEgmgU,Days of Wine and Roses - Joe Henderson With Wynton Kelly Trio,knuckletc,Hard-bop quartet take with Joe Henderson,musicbrainz,feb036ed-10aa-4902-984e-0a569c428bf8
lssUdgLdcdQ,Days Of Wine And Roses,Henry Mancini,Bill Evans,Turn Out the Stars: The Final Village Vanguard Sessions,1996,piano trio,https://www.youtube.com/watch?v=lssUdgLdcdQ,Bill Evans Trio - Days Of Wine And Roses ( Henry Mancini )- Consecration [Disk 2] 06,7teacup,Evans' harmonically rich trio interpretation,musicbrainz,1dbb441c-462c-4aa0-a8c5-306e4aa3465d
L7lmMNweUVU,Desafinado,Antonio Carlos Jobim,"Stan Getz, Charlie Byrd",Jazz Samba,1962,saxophone with guitar combo,https://www.youtube.com/watch?v=L7lmMNweUVU,STAN GETZ & CHARLIE BYRD - Desafinado (1962) Full-Length and Highest Quality!,verycoolsound,Grammy-winning hit that launched the bossa nova craze in the US,musicbrainz,db78a007-de4c-45b9-bf4f-b2e55d884876
tCMhuN3053o,Desafinado,Antonio Carlos Jobim,João Gilberto,Eu sei que vou te amar,1994,vocal with guitar,https://www.youtube.com/watch?v=tCMhuN3053o,"Desafinado - João Gilberto, Tom Jobim, Stan Getz",Caleb Hinhan,Definitive original Brazilian bossa nova reading,musicbrainz,92a42784-0b7d-4019-a992-7f59ddb7a518
1Rhq53sCfRU,Desafinado,Antonio Carlos Jobim,Antonio Carlos Jobim,"The Composer of Desafinado, Plays",2009,piano/guitar with orchestra,https://www.youtube.com/watch?v=1Rhq53sCfRU,DESAFINADO - Baila Nova (by Antônio Carlos Jobim & N. Mendonça),BAILA NOVA,The composer's own authoritative interpretation,musicbrainz,bda00c69-932d-4e4c-ba42-1475170fa9d3
STOuIWxs_Pg,Desafinado,Antonio Carlos Jobim,Coleman Hawkins,Desafinado,1962,tenor saxophone with combo,https://www.youtube.com/watch?v=STOuIWxs_Pg,Coleman Hawkins - Desafinado 1963,JazzBreakTV,Veteran tenor giant embracing bossa nova,musicbrainz,08340893-a458-424e-955e-5cede31d4d7b
W-DKtzy-07Y,Desafinado,Antonio Carlos Jobim,"Stan Getz, Astrud Gilberto",música Bossa Nova,2006,vocal and saxophone with combo,https://www.youtube.com/watch?v=W-DKtzy-07Y,04.- Desafinado - Getz / Gilberto - Stan Getz & Joao Gilberto,Jazz & Blues,Landmark vocal-sax bossa collaboration,musicbrainz,6dbd9d39-1e15-44fa-a50c-498bfce4ef83
DCwFTjsN9mM,Desafinado,Antonio Carlos Jobim,"Dizzy Gillespie, Lalo Schifrin",A Musical Safari,1961,trumpet quintet,https://www.youtube.com/watch?v=DCwFTjsN9mM,"Desafinado (feat. Dizzy Gillespie and his Orchestra, Leo Wright, Charlie Ventura, Lalo...",Release - Topic,Bebop master's spirited bossa adaptation,musicbrainz,391b48d5-0c92-4c76-b201-4364c3b0e50f
B_keXh4ha4M,Desafinado,Antonio Carlos Jobim,"Joe Henderson, Antonio Carlos Jobim, Charlie Haden, Al Foster",Carnegie Hall Salutes the Jazz Masters,1994,tenor saxophone quartet,https://www.youtube.com/watch?v=B_keXh4ha4M,"Desafinado - Al Foster, Charlie Haden, Joe Henderson and Antônio Carlos Jobim",Jazz City 500,Modern post-bop tribute to Jobim's music,musicbrainz,c1c1b2e8-9a76-41fc-a15a-6c18cc0f80b4
olkt2VpUaTc,Desafinado,Antonio Carlos Jobim,Ella Fitzgerald,Ella Abraça Jobim,1981,vocal with orchestra,https://www.youtube.com/watch?v=olkt2VpUaTc,"Ella Fitzgerald, in Desafinado, Tv Special, Sweden, 1963",brpmartins,Definitive jazz-vocal interpretation of the standard,claude,
TK6Sfyf8mPI,Donna Lee,Charlie Parker,Charlie Parker,Jazz Portraits,1996,quintet,https://www.youtube.com/watch?v=TK6Sfyf8mPI,Donnalee by  Charlie Parker & Miles Davis,Jazz Nepal,Original 1947 Savoy recording with young Miles Davis; the canonical version,musicbrainz,e0207f9d-8486-46b9-99e8-aea5f90debcb
I4rfe5xHCIg,Donna Lee,Charlie Parker,Jaco Pastorius,Jaco Pastorius,1976,solo electric bass with percussion,https://www.youtube.com/watch?v=I4rfe5xHCIg,Jaco Pastorius-Donna Lee,jcasino55,Revolutionary virtuoso solo bass rendition that became iconic,musicbrainz,377c02db-7d65-488d-91f0-c3a126db6f27
vuScy9j1ib0,Donna Lee,Charlie Parker,"Lee Konitz, Warne Marsh",Lee Konitz with Warne Marsh,1955,saxophone-led quintet,https://www.youtube.com/watch?v=vuScy9j1ib0,Lee Konitz and Warne Marsh - Donna Lee,zigzag5627,Cool-school twin-saxophone interpretation,musicbrainz,64c8df7f-15f8-450b-83b6-a0d0ce1e6d47
Q30bdy5b5-c,Donna Lee,Charlie Parker,"Oscar Peterson, Joe Pass, Niels-Henning Ørsted Pedersen",The Paris Concert,1979,piano-guitar-bass trio,https://www.youtube.com/watch?v=Q30bdy5b5-c,Donna Lee by Joe Pass and Niels-Henning Ørsted Pedersen,Jérôme de Luca,Virtuosic chordless trio reading by master improvisers,musicbrainz,7c5fff03-6a5b-4d55-8881-db55a86b454e
BK3_sAdQxOw,Donna Lee,Charlie Parker,Eric Dolphy,Vintage Dolphy,1986,quintet,https://www.youtube.com/watch?v=BK3_sAdQxOw,Donna Lee,Eric Dolphy - Topic,Adventurous post-bop treatment by a forward-looking improviser,musicbrainz,02f2cc2e-c70f-4d9e-ba5b-4b83a1ddb3b6
lCL92C5kbMI,Donna Lee,Charlie Parker,"Anthony Braxton, George Lewis",Donaueschingen (Duo) 1976,1995,saxophone and trombone duo,https://www.youtube.com/watch?v=lCL92C5kbMI,Donna Lee,Anthony Braxton - Topic,Avant-garde duo deconstruction of the bebop line,musicbrainz,af4aeb3b-464e-4776-a95a-2d1bc6450346
hqd-80Vpai0,Donna Lee,Charlie Parker,Chet Baker,Isn't It Romantic?,1993,trumpet-led quartet,https://www.youtube.com/watch?v=hqd-80Vpai0,Indiana (Donna Lee),Chet Baker,Lyrical trumpet take from the cool-jazz icon,musicbrainz,1c584381-f498-4059-9aca-8e3b3ab0c332
K-K55SliCCY,Donna Lee,Charlie Parker,Wynton Marsalis,Live at the House of Tribes,2005,trumpet quartet,https://www.youtube.com/watch?v=K-K55SliCCY,Donna Lee,Wynton Marsalis,Modern neoclassical bebop tribute by leading trumpeter,musicbrainz,f63fcfcc-2390-4958-8ec5-00a48ee59318
lEIhNZd9xEE,Don't Get Around Much Anymore,Duke Ellington,Duke Ellington and His Orchestra,The Works of Duke - Integrale Volume 10,1972,big band,https://www.youtube.com/watch?v=lEIhNZd9xEE,1943 HITS ARCHIVE: Don’t Get Around Much Anymore - Duke Ellington (instrumental--rec.1940) (#1 R&B),The78Prof,"Composer's original as 'Never No Lament,' the definitive source recording",musicbrainz,c6b2381c-d100-4937-bdef-7d40a973e543
Ik0jULBcY98,Don't Get Around Much Anymore,Duke Ellington,The Ink Spots,Street of Dreams / Don't Get Around Much Anymore,1942,vocal group,https://www.youtube.com/watch?v=Ik0jULBcY98,Don't Get Around Much Anymore,The Ink Spots - Topic,Hit vocal version that popularized the lyric,musicbrainz,a8c763ad-0cca-4dd2-9074-bb46bfbc39cd
qpAFCPhAhmg,Don't Get Around Much Anymore,Duke Ellington,Nat King Cole,Just One Of Those Things,1957,vocal with orchestra,https://www.youtube.com/watch?v=qpAFCPhAhmg,Don't Get Around Much Anymore (Digital Remastered 1992),Nat King Cole,Smooth canonical vocal reading,musicbrainz,1a74795e-08bd-483d-aa15-e1238f5fc286
7xikVWnJVgc,Don't Get Around Much Anymore,Duke Ellington,Ella Fitzgerald,Ella Fitzgerald Sings the Duke Ellington Song Book,1957,vocal with big band,https://www.youtube.com/watch?v=7xikVWnJVgc,Don't Get Around Much Anymore,Ella Fitzgerald,From the landmark Ellington songbook,musicbrainz,67e35b9a-e5e5-4775-807b-0557c8b28b83
XwIETmyjr7U,Don't Get Around Much Anymore,Duke Ellington,Johnny Hodges,The Complete Johnny Hodges Sessions 1951 - 1955,1989,alto saxophone with combo,https://www.youtube.com/watch?v=XwIETmyjr7U,Johnny Hodges -  Don't Get Around Much Anymore,All That Jazz Don Kaart,Ellington's star altoist on the composer's tune,musicbrainz,e77fc191-815e-48e7-8c2b-66c932b04af6
Kzqvm-yXhL8,Don't Get Around Much Anymore,Duke Ellington,Oscar Peterson,Oscar Peterson Plays Duke Ellington,1953,piano trio,https://www.youtube.com/watch?v=Kzqvm-yXhL8,Don't Get Around Much Anymore,Oscar Peterson (The Estate of Oscar Peterson),Virtuosic piano trio interpretation,musicbrainz,ac741304-4895-4a19-bfcc-941d02dc873e
1eJVqsEK8s8,Don't Get Around Much Anymore,Duke Ellington,Louis Armstrong & Duke Ellington,The Great Reunion,1963,vocal/trumpet with combo,https://www.youtube.com/watch?v=1eJVqsEK8s8,Don't Get Around Much Anymore (1990 Remaster),Louis Armstrong,Historic Armstrong-Ellington collaboration,musicbrainz,ef263d8f-bb4c-4d1a-b46e-e8bfdd47ef9d
ZEHIcxHhqkg,Don't Get Around Much Anymore,Duke Ellington,Dinah Washington,My Devotion,2001,vocal with combo,https://www.youtube.com/watch?v=ZEHIcxHhqkg,Don't Get Around Much Anymore,Dinah Washington - Topic,"Bluesy, soulful vocal take",musicbrainz,a06a9f1c-557c-4daf-aba1-ee73f74a1d08
Ah2r9Jzo82Y,Embraceable You,George Gershwin,Charlie Parker,The Complete Birth of the Bebop,1993,alto saxophone quintet,https://www.youtube.com/watch?v=Ah2r9Jzo82Y,Embraceable You (Embraceable),Charlie Parker,"Landmark bebop ballad improvisation, one of Parker's most studied solos",musicbrainz,5c59537c-9f5d-42db-a602-bc42c098adb4
ENb4DJpNNfw,Embraceable You,George Gershwin,Billie Holiday,As Time Goes By / Embraceable You,1944,vocal with orchestra,https://www.youtube.com/watch?v=ENb4DJpNNfw,Billie Holiday with Eddie Heywood & his Orchestra - Embraceable You (1944),Tube Radio,Definitive intimate vocal interpretation with Eddie Heywood,musicbrainz,a798f74c-d1eb-42bc-b8cf-932eba59e0e1
BeJX2QV_5VA,Embraceable You,George Gershwin,Art Tatum,Tatum Art: Art Tatum Live Performances 1934-1956,2008,solo piano,https://www.youtube.com/watch?v=BeJX2QV_5VA,Embraceable You (1953) by Art Tatum,bluesinorbit,Virtuosic solo piano reharmonization,musicbrainz,24f79b67-dbec-4df2-8333-debc4094e607
XInCrPBQM3U,Embraceable You,George Gershwin,Sarah Vaughan with Clifford Brown,Sarah Vaughan,1955,vocal with quintet,https://www.youtube.com/watch?v=XInCrPBQM3U,"Sarah Vaughan, Clifford Brown - Embraceable You",Jazz Everyday!,Lush vocal with Clifford Brown's trumpet,musicbrainz,9944f81a-8c84-4af5-91ab-5b9d48ddcb6b
KQ7BUFg0e5U,Embraceable You,George Gershwin,Frank Sinatra,A Touch of Class,1997,vocal with orchestra,https://www.youtube.com/watch?v=KQ7BUFg0e5U,Embraceable You,Frank Sinatra,Classic crooner reading of the Gershwin standard,musicbrainz,ca9d94c1-f637-4a02-9db1-1b98e60cb1ff
15MYlx2PQvc,Embraceable You,George Gershwin,Nat King Cole Trio,The King Cole Trio,1944,piano-vocal trio,https://www.youtube.com/watch?v=15MYlx2PQvc,Embraceable You,Nat King Cole,Elegant small-group trio version,musicbrainz,d3d994b8-7b40-4010-9df3-6705f539b017
mpSX6e4LeRw,Embraceable You,George Gershwin,The Ornette Coleman Quartet,The Best of Ornette Coleman,1970,alto saxophone quartet,https://www.youtube.com/watch?v=mpSX6e4LeRw,Embraceable You (Remastered),Ornette Coleman,Rare free-jazz treatment of a standard,musicbrainz,dbb6a0c2-990a-4213-bf34-5801c24631f1
GirUHC7C8x0,Embraceable You,George Gershwin,Erroll Garner,The Chronological Classics: Erroll Garner 1945-1946,1997,solo/trio piano,https://www.youtube.com/watch?v=GirUHC7C8x0,Erroll Garner - Embraceable You (1945),Classic Mood Experience,"Garner's lyrical, orchestral piano approach",musicbrainz,b63e56b6-034d-4b33-8023-beb015635310
JYuyWrkwpok,Fly Me To The Moon,Bart Howard,"Frank Sinatra, Count Basie & His Orchestra",Sinatra at the Sands,1966,vocal with big band,https://www.youtube.com/watch?v=JYuyWrkwpok,Frank Sinatra - Fly Me To The Moon (Audio) ft. Count Basie And His Orchestra,Frank Sinatra,"The definitive swinging version, Quincy Jones arrangement, linked to Apollo moon missions",musicbrainz,bf56bda4-063c-4c65-8506-e0cd0497f124
D4-ZYHDE_CM,Fly Me To The Moon,Bart Howard,"Nat King Cole, The George Shearing Quintet",Nat King Cole Sings / George Shearing Plays,1961,vocal with quintet,https://www.youtube.com/watch?v=D4-ZYHDE_CM,Nat King Coles & The George Shearing Quintet- Fly Me To The Moon,TheJazzEscape,"Smooth vocal-piano pairing, an early popular reading",musicbrainz,4cecd3b2-94c0-4958-b3f0-cfd6d56505cf
3KdkDjB2JvM,Fly Me To The Moon,Bart Howard,Sarah Vaughan,Sarah’s Blues,1990,vocal with orchestra,https://www.youtube.com/watch?v=3KdkDjB2JvM,Sarah Vaughan - Fly Me to the Moon,7zokni,Masterful vocal interpretation by one of jazz's greatest singers,musicbrainz,4142fbdb-dd65-4437-916d-3b3733759ab7
njK3mn8Q00w,Fly Me To The Moon,Bart Howard,"The Oscar Peterson Trio, Ray Brown, Ed Thigpen","Ljubljana, 1964",1996,piano trio,https://www.youtube.com/watch?v=njK3mn8Q00w,Fly Me To The Moon (4:17) - The Oscar Peterson Trio,JAZZ RECORD VAULT,"Elegant, definitive piano-trio instrumental version",musicbrainz,27e44f91-acaa-4561-97e9-856a602c5e54
FtwIo8T8b80,Fly Me To The Moon,Bart Howard,Wes Montgomery,Road Song,1968,guitar with orchestra,https://www.youtube.com/watch?v=FtwIo8T8b80,Fly Me To The Moon - Wes Montgomery,Susumu Murakoshi,Iconic octave-style guitar instrumental,musicbrainz,7c00c81d-66f9-4aaf-ac1b-82f46a971444
I71FTuyAiDc,Fly Me To The Moon,Bart Howard,Astrud Gilberto,The Shadow of Your Smile,1965,vocal with orchestra,https://www.youtube.com/watch?v=I71FTuyAiDc,Astrud Gilberto - Fly Me To The Moon (Official Audio),Verve Records,Bossa nova treatment fitting the tune's 3/4 origin and Latin adaptability,musicbrainz,9c7b8b53-5a9d-4f36-9d9b-5b89b08f12b5
HJuZUBJtWUo,Fly Me To The Moon,Bart Howard,Tony Bennett,MTV Unplugged,1994,vocal with orchestra,https://www.youtube.com/watch?v=HJuZUBJtWUo,Tony Bennett - Fly Me to the Moon (Official Audio),Tony Bennett,"Warm, swinging vocal rendition by a master interpreter",musicbrainz,7b2e82d2-a47f-47d9-818c-864677ed3cb6
KiUR8xK6Wrs,Fly Me To The Moon,Bart Howard,"James Moody, Kenny Barron",Fly Me to the Moon,2007,saxophone with piano,https://www.youtube.com/watch?v=KiUR8xK6Wrs,James Moody & Kenny Barron - Fly Me To The Moon,rujazz,Lyrical bebop-rooted instrumental reading,musicbrainz,ed347527-8fbe-4ce8-a606-8e2ba645ded1
LgaIUqH0w6c,Footprints,Wayne Shorter,Wayne Shorter,Adam’s Apple,1967,quartet,https://www.youtube.com/watch?v=LgaIUqH0w6c,Footprints (Remastered),Wayne Shorter - Topic,"Composer's original studio recording, the definitive version",musicbrainz,4426e9ee-2dba-41d6-a5e9-f88c611ec547
Pxb7pNXJvng,Footprints,Wayne Shorter,Miles Davis Quintet,Miles Smiles,1967,quintet,https://www.youtube.com/watch?v=Pxb7pNXJvng,"“Footprints” - The Miles Davis Quintet Live In Sweden: October 31st, 1967",Herbie Hancock,Landmark second-quintet rendition that popularized the tune,musicbrainz,3f5bc90e-55a9-4254-9943-fc0d012e8e31
N7Lp81ahMPM,Footprints,Wayne Shorter,Ahmad Jamal,Digital Works,1985,piano trio,https://www.youtube.com/watch?v=N7Lp81ahMPM,Footprints,AHMAD JAMAL - Official channel,Distinctive piano-trio interpretation by a master,musicbrainz,8457ba5f-90ed-4277-819f-88b4c3c01bd9
bymq1ANMaTY,Footprints,Wayne Shorter,Kenny Barron & Regina Carter,Freefall,2001,piano and violin duo,https://www.youtube.com/watch?v=bymq1ANMaTY,Kenny Barron & Regina Carter - Softly As In A Morning Sunrise,Jam Jazzy,Intimate duo reading with unusual instrumentation,musicbrainz,8d68414a-c17a-4934-8fbd-65d9d3e4b924
L8Ds8M20lOU,Footprints,Wayne Shorter,Ron Carter,Ron Carter's Great Big Band,2011,bass-led quartet,https://www.youtube.com/watch?v=L8Ds8M20lOU,Footprints,Ron Carter - Topic,Interpretation by the original Miles-quintet bassist,musicbrainz,8f933156-eda5-40d6-8dff-0570ad61208b
kWZ7vuQ2Uq0,Footprints,Wayne Shorter,Lionel Loueke,Close Your Eyes,2018,guitar with vocals,https://www.youtube.com/watch?v=kWZ7vuQ2Uq0,Footprints,Lionel Loueke,Modern Afro-influenced guitar take,musicbrainz,cc80bd72-799a-477c-b1c5-a5844d30f7ee
9V0oVEzH-Mg,Footprints,Wayne Shorter,Joey Alexander,My Favorite Things,2015,piano trio,https://www.youtube.com/watch?v=9V0oVEzH-Mg,"Footprints - Wayne Shorter, Esperanza Spalding, Joey Alexander",JazzyJazzBlues,Acclaimed young pianist's trio version,musicbrainz,e0d19e95-1a05-4718-a538-ea9cd0e8ce9c
7rjQ5JwrUYU,Footprints,Wayne Shorter,Frank Morgan,Raising the Standard - Live at the Jazz Standard Vol. 2,2005,quartet,https://www.youtube.com/watch?v=7rjQ5JwrUYU,Frank Morgan - Confirmation,rujazz,Soulful alto-led quartet with George Cables and Billy Hart,musicbrainz,7f637618-52b5-4830-85ac-0a5a5d697381
wtdi8AON1lQ,Georgia On My Mind,Hoagy Carmichael,Hoagy Carmichael and His Orchestra,The Chronological Classics: Bix Beiderbecke 1927-1930,1994,vocal with orchestra,https://www.youtube.com/watch?v=wtdi8AON1lQ,Bix Beiderbecke - Georgia On My Mind,oldblues4ever,The composer's own early recording of his classic,musicbrainz,bc28926e-a8b6-40ba-98dc-52efb07a3b22
9Yan_LApSJM,Georgia On My Mind,Hoagy Carmichael,Frankie Trumbauer & His Orchestra,Jazz in the Charts 011 (1931),2006,big band,https://www.youtube.com/watch?v=9Yan_LApSJM,"1931 HITS ARCHIVE: Georgia On My Mind - Frankie Trumbauer (Art Jarrett & trio, vocal)",The78Prof,Famous early version featuring Bix-era sidemen,musicbrainz,9856e9b9-8b2c-4bf2-b7e5-1320865ec62b
5xuqytpfxic,Georgia On My Mind,Hoagy Carmichael,Louis Armstrong & His Orchestra,Lazy River / Georgia on My Mind,1932,vocal with big band,https://www.youtube.com/watch?v=5xuqytpfxic,Georgia On My Mind,Louis Armstrong,Definitive early jazz interpretation by Armstrong,musicbrainz,dd0c5abd-ab55-4970-a4d7-874f64cd2d32
v6wc41N-GYY,Georgia On My Mind,Hoagy Carmichael,"Billie Holiday, Eddie Heywood and His Orchestra",Lady Day: The Complete Billie Holiday on Columbia (1933–1944),2001,vocal with small group,https://www.youtube.com/watch?v=v6wc41N-GYY,Georgia on my mind -- Billie Holiday,suarez77,"Holiday's intimate, expressive vocal reading",musicbrainz,5f467d73-ee81-4128-b0ff-b55d4d3b4819
pcJq5CTrCko,Georgia On My Mind,Hoagy Carmichael,Art Tatum,God Is in the House,1973,solo piano,https://www.youtube.com/watch?v=pcJq5CTrCko,Georgia On My Mind,Art Tatum - Topic,Virtuoso solo piano treatment,musicbrainz,4c396941-e51c-46ca-9804-6a926df77818
qIp9TwSEgFg,Georgia On My Mind,Hoagy Carmichael,Ray Charles,Georgia on My Mind,1960,vocal with orchestra,https://www.youtube.com/watch?v=qIp9TwSEgFg,Ray Charles - Georgia On My Mind (Live),Ray Charles,The iconic chart-topping definitive version,musicbrainz,f0d04f76-b77a-4e88-8cdd-37aeba83e6cb
Z1tYTglszrE,Georgia On My Mind,Hoagy Carmichael,Wes Montgomery,"Classics, Volume 22",1987,guitar with orchestra,https://www.youtube.com/watch?v=Z1tYTglszrE,Georgia On My Mind,Wes Montgomery,Lyrical guitar interpretation,musicbrainz,b4cd9299-18e2-428c-951a-b6a380d86f90
rV1DRLJpylY,Georgia On My Mind,Hoagy Carmichael,Willie Nelson,Stardust,1978,vocal with band,https://www.youtube.com/watch?v=rV1DRLJpylY,Willie Nelson & Wynton Marsalis - Georgia On My Mind (Live at the Lincoln Center New York),Mercury Studios,Beloved country-pop standard interpretation,musicbrainz,57866fe0-3d43-48f3-8704-c15c6c3114e5
xy_fxxj1mMY,Giant Steps,John Coltrane,John Coltrane,The Heavyweight Champion: The Complete Atlantic Recordings,1995,quartet,https://www.youtube.com/watch?v=xy_fxxj1mMY,John Coltrane - Giant Steps (2020 Remaster) [Full Album],John Coltrane,The original landmark recording (alternate take from the sessions),musicbrainz,5238583d-d19d-48ca-a7f0-7aba0f3fb140
O3PWynH-CEc,Giant Steps,John Coltrane,Tommy Flanagan,Giant Steps (In Memory of John Coltrane),1982,piano trio,https://www.youtube.com/watch?v=O3PWynH-CEc,Giant Steps,Tommy Flanagan - Topic,Pianist from the original session revisits the tune as a tribute,musicbrainz,792f8e7a-66b7-4154-9aec-0508afd5af3f
QTZtY9fDfp4,Giant Steps,John Coltrane,"Tommy Flanagan, Ron Carter, Tony Williams",Blues in the Closet,1984,piano trio,https://www.youtube.com/watch?v=QTZtY9fDfp4,Giant Steps - Tommy Flanagan Trio,johnnystaccata,Authoritative trio reading by the original sideman,musicbrainz,d5cd7874-b08d-4bcf-a175-da49a62f2993
a1jq-54VkaQ,Giant Steps,John Coltrane,Joe Pass,Virtuoso #2,1977,solo guitar,https://www.youtube.com/watch?v=a1jq-54VkaQ,Giant Steps,Joe Pass,Astonishing solo guitar interpretation of the harmonic maze,musicbrainz,fcb5244a-192d-447d-86c6-22025d267111
dQdf1YhmAbU,Giant Steps,John Coltrane,Woody Herman Big Band,Jazz Jamboree 77 Vol. 2,1977,big band,https://www.youtube.com/watch?v=dQdf1YhmAbU,Woody Herman Big Band - Giant Steps  1973,JazzBreakTV,Grammy-winning big band arrangement,musicbrainz,c517a273-1304-4011-9ca3-1360fc1957b5
pbBZQvsrzVk,Giant Steps,John Coltrane,Michel Petrucciani Trio,Jazz Club Montmartre - CPH 1988,2024,piano trio,https://www.youtube.com/watch?v=pbBZQvsrzVk,Giant Steps (Live),The Michel Petrucciani Trio - Topic,Virtuosic piano trio rendition,musicbrainz,e73535a7-1e96-4f85-b224-6af2f2d7831e
GD7vit_Mr0M,Giant Steps,John Coltrane,Kenny Barron,1+1+1,1986,piano trio,https://www.youtube.com/watch?v=GD7vit_Mr0M,Ron Carter - Giant Steps - from 1+1+1 by Kenny Barron #roncarterbassist,Ron Carter Bassist,Master pianist's clean modern reading,musicbrainz,8c5ce7ff-2e84-4e9b-9343-6bc365df2cbf
oHHGTqAKN3Y,Giant Steps,John Coltrane,Tete Montoliu Trio,Tete!,1975,piano trio,https://www.youtube.com/watch?v=oHHGTqAKN3Y,Giant Steps,Tete Montoliu - Topic,Fluid bebop-rooted trio interpretation,musicbrainz,f571233c-3dd2-4a38-b986-dcd74664f24e
6ScgUCDd9l0,Groovin High,Dizzie Gillespie,Dizzy Gillespie Sextet,The Development of an American Artist,1976,sextet,https://www.youtube.com/watch?v=6ScgUCDd9l0,Dizzy Gillespie Sextet  - Groovin' High,Classic Mood Experience,The original 1945 bebop landmark recording by the composer,musicbrainz,74e3b7af-dc40-43a5-8a64-d2cdda3c676d
VaelMqlQ-n4,Groovin High,Dizzie Gillespie,"Charlie Parker, Dizzy Gillespie",Together,2003,quintet,https://www.youtube.com/watch?v=VaelMqlQ-n4,"Groovin' High - Dizzy Gillespie Sextette (w/Charlie Parker, alto sax) - Guild 1001-A",James Phillips,Definitive Bird and Diz collaboration on the tune,musicbrainz,1b7c5dcf-f541-460f-9047-8f911cfca202
K_WQu4DJGaI,Groovin High,Dizzie Gillespie,Bud Powell,Live at Birdland 1957,2013,piano trio,https://www.youtube.com/watch?v=K_WQu4DJGaI,Groovin' High,Bud Powell Trio - Topic,Bebop piano master's interpretation,musicbrainz,d0a8e246-930b-4438-b16e-51a6ffc7dcd4
GxJpBXlTU5I,Groovin High,Dizzie Gillespie,Art Pepper,Art Pepper + Eleven,1959,alto saxophone quartet,https://www.youtube.com/watch?v=GxJpBXlTU5I,Groovin' High (feat. Sonny Stitt),Art Pepper,West Coast alto reading of the standard,musicbrainz,9334faea-e68f-4cf9-9ad6-48180a0f54f0
3lqk626OGZk,Groovin High,Dizzie Gillespie,Supersax,Salt Peanuts,1974,saxophone ensemble,https://www.youtube.com/watch?v=3lqk626OGZk,Groovin' High,Supersax - Topic,Harmonized Parker solos for sax section,musicbrainz,97d2d6de-934e-4d0d-aa65-86dea856cec0
81PTEVewZmg,Groovin High,Dizzie Gillespie,Erroll Garner,Up in Erroll’s Room,1968,solo piano,https://www.youtube.com/watch?v=81PTEVewZmg,Erroll Garner - Groovin' High (Official Audio),Mack Avenue,Distinctive swing-piano treatment,musicbrainz,64d79895-6d9b-4b9c-9da6-76fc0871c32b
XYaVbTVMZtA,Groovin High,Dizzie Gillespie,"Keith Jarrett, Gary Peacock, Jack DeJohnette",Whisper Not,2000,piano trio,https://www.youtube.com/watch?v=XYaVbTVMZtA,"Standards I (Keith Jarret, Gary Peacock, Jack Dejohnette)",A Chaves,Modern Standards Trio live interpretation,musicbrainz,e1344570-4bd2-4859-8a97-e6716d7fbee0
os7Wv3kVdiY,Groovin High,Dizzie Gillespie,"The Modern Jazz Quartet, Sonny Stitt, Stan Getz, Dizzy Gillespie","Jazz at the Philharmonic, Seattle 1956",2011,quintet with vibraphone,https://www.youtube.com/watch?v=os7Wv3kVdiY,Groovin’ High Jazz Quartet,Groovin’ High,All-star summit featuring the composer and MJQ,musicbrainz,407b1baa-f2ab-4180-8bb2-9a4d4f8fff68
ytqWCV6I53U,Have You Met Miss Jones,Richard Rodgers,Art Tatum,The Art Tatum - Ben Webster Quartet,1958,"quartet (piano, tenor sax, bass, drums)",https://www.youtube.com/watch?v=ytqWCV6I53U,Have You Met Miss Jones? (Album Version),Art Tatum - Topic,Definitive Tatum-Webster collaboration on this tune,musicbrainz,c306c170-18ef-4f77-a941-b2c1b1439b92
fQyndw2g6_A,Have You Met Miss Jones,Richard Rodgers,Coleman Hawkins,The Hawk in Hi-Fi,2001,tenor saxophone with combo,https://www.youtube.com/watch?v=fQyndw2g6_A,Coleman Hawkins - Have You Met Miss Jones?,Heinz Becker,Hawkins brings rich tenor sophistication to the changes,musicbrainz,59fd646f-08fc-4052-b003-d1b31d113f91
0gjUhFbp3XE,Have You Met Miss Jones,Richard Rodgers,The Oscar Peterson Trio,We Get Requests,1964,piano trio,https://www.youtube.com/watch?v=0gjUhFbp3XE,Have You Met Miss Jones?,Oscar Peterson (The Estate of Oscar Peterson),"Swinging, virtuosic trio treatment",musicbrainz,a1b1c4d8-b36c-4f29-bedd-f6bc78e984a0
SvVpqgz5kHw,Have You Met Miss Jones,Richard Rodgers,Frank Sinatra,Ring-a-Ding Ding!,2011,vocal with big band,https://www.youtube.com/watch?v=SvVpqgz5kHw,Have You Met Miss Jones (Outtake),Frank Sinatra,Classic vocal reading of the Rodgers & Hart lyric,musicbrainz,8534312e-4012-44a8-8147-8a30151d2513
O1o39xxw8tY,Have You Met Miss Jones,Richard Rodgers,Joe Pass,Virtuoso,1974,solo guitar,https://www.youtube.com/watch?v=O1o39xxw8tY,Joe Pass - Have You Met Miss Jones? - Virtual Guitar Transcription by Gilles Rea,Gill & Jazz Transcriptions,Landmark solo-guitar interpretation,musicbrainz,73756098-ed09-456d-85e5-831a4df0f3b2
qius3oWA3nA,Have You Met Miss Jones,Richard Rodgers,McCoy Tyner Trio,Reaching Fourth,1963,piano trio,https://www.youtube.com/watch?v=qius3oWA3nA,Have You Met Miss Jones?,McCoy Tyner Trio - Topic,"Modern, harmonically adventurous trio version",musicbrainz,02f5ad0a-1d96-424e-be56-ae7c3af2d362
F79W9y80aas,Have You Met Miss Jones,Richard Rodgers,Sarah Vaughan,The Divine One,1961,vocal with orchestra,https://www.youtube.com/watch?v=F79W9y80aas,Have You Met Miss Jones? (2007 Remaster),Sarah Vaughan - Topic,"Lush, masterful vocal performance",musicbrainz,1f134971-72fd-40b8-921b-98664daad3bd
H4aFcaAwOPU,Have You Met Miss Jones,Richard Rodgers,Stan Getz,The Chronological Classics: Stan Getz 1952-1953,2007,tenor saxophone quartet,https://www.youtube.com/watch?v=H4aFcaAwOPU,Have You Met Miss Jones? (Album Version),Stan Getz,"Cool-toned, lyrical tenor reading",musicbrainz,890e0b1a-040b-4ad8-8d62-9718d12eea4b
8nBFRCqFjIA,Here's That Rainy Day,Jimmy Van Heusen,Frank Sinatra,No One Cares,1959,vocal with orchestra,https://www.youtube.com/watch?v=8nBFRCqFjIA,Here's That Rainy Day,Frank Sinatra,Definitive vocal reading of the ballad,musicbrainz,29a7c9b0-fe31-4282-9e13-7e55c69d8019
YNdr78_fRG4,Here's That Rainy Day,Jimmy Van Heusen,Bill Evans,Alone,1969,solo piano,https://www.youtube.com/watch?v=YNdr78_fRG4,Here's That Rainy Day,Bill Evans,Introspective solo piano interpretation,musicbrainz,f8e340dc-4950-48b3-92d6-d5177a57f3fc
-iVgONy8kMY,Here's That Rainy Day,Jimmy Van Heusen,Wes Montgomery,The Incredible Jazz Guitar of Wes Montgomery,2004,guitar with ensemble,https://www.youtube.com/watch?v=-iVgONy8kMY,Wes Montgomery - Here's That Rainy Day -  Live London 1965,saag111,Lyrical guitar treatment by a master,musicbrainz,3de497f1-95f4-4288-9922-c22e8b36a0e4
UnNUi3ey-Xc,Here's That Rainy Day,Jimmy Van Heusen,"Stan Getz, João Gilberto",Getz/Gilberto #2,1993,saxophone with vocal and guitar,https://www.youtube.com/watch?v=UnNUi3ey-Xc,Here's That Rainy Day,Stan Getz,Bossa-tinged duo rendition,musicbrainz,948237bf-657d-4b5f-aaa4-5023e93246c2
N7qRoYNX9tI,Here's That Rainy Day,Jimmy Van Heusen,"Paul Desmond, The Modern Jazz Quartet",Paul Desmond & The Modern Jazz Quartet,1981,quintet (alto sax with vibes quartet),https://www.youtube.com/watch?v=N7qRoYNX9tI,Here's That Rainy Day (Live),Paul Desmond - Topic,Elegant chamber-jazz collaboration,musicbrainz,686ad489-b84e-4fe6-83be-4683a1050d1b
VEVFaJlcr9E,Here's That Rainy Day,Jimmy Van Heusen,Joe Pass,Virtuoso,1974,solo guitar,https://www.youtube.com/watch?v=VEVFaJlcr9E,Joe Pass Here's That Rainy Day Transcription,jazz guitar style master,Solo guitar virtuoso showcase,musicbrainz,1c635c9b-a28b-45dc-932f-d879fb6547f4
5u5o7O2W5UA,Here's That Rainy Day,Jimmy Van Heusen,Irene Kral,Just for Now,2004,vocal with piano,https://www.youtube.com/watch?v=5u5o7O2W5UA,Here's That Rainy Day,Irene Kral - Topic,Intimate vocal-piano duo classic,musicbrainz,1a747f1d-819b-4440-9667-6c9a3dc9b740
1w-2-i-e3wI,Here's That Rainy Day,Jimmy Van Heusen,"Oscar Peterson Trio, The Singers Unlimited",In Tune,2005,vocal group with piano trio,https://www.youtube.com/watch?v=1w-2-i-e3wI,Oscar Peterson Trio & Singers Unlimited - In Tune - Here's That Rainy Day,MPS Records,Lush vocal-harmony arrangement,musicbrainz,a3f5f2a3-fd23-437b-87f0-4e7d325507cf
nfZ6fOBgAec,Honeysuckle Rose,Fats Waller,Fats Waller and His Rhythm,"If You Got to Ask, You Ain’t Got It!",1926,small group with vocal/piano,https://www.youtube.com/watch?v=nfZ6fOBgAec,"Fats Waller And His Rhythm- ""Honeysuckle Rose""",jawspinkid,"Composer's own definitive, exuberant rendition",musicbrainz,030e1c71-a7ef-4bad-9ed3-b293322322df
cpHhHS9o8_0,Honeysuckle Rose,Fats Waller,"Django Reinhardt, Stéphane Grappelli",Enregistrements Originaux,1986,string quintet (guitar/violin),https://www.youtube.com/watch?v=cpHhHS9o8_0,Stéphane Grappelli - Honeysuckle Rose - vers 1959,Ronan Pinc,Landmark Gypsy-jazz interpretation,musicbrainz,4075d949-bcf6-4b4c-828e-f15ce7d35ed6
GyBjDsgo2Y0,Honeysuckle Rose,Fats Waller,Count Basie & His Orchestra,Volume 3 - 1929-1937 - Complete Edition,1991,big band,https://www.youtube.com/watch?v=GyBjDsgo2Y0,Count Basie  - Honeysuckle Rose,Classic Mood Experience,Swinging Kansas City big band treatment,musicbrainz,3deeefce-3906-4c58-9cf8-ebbe40691eb3
GrkXKx8a3w0,Honeysuckle Rose,Fats Waller,"Coleman Hawkins & His All-Star ""Jam"" Band",Honeysuckle Rose / Crazy Rhythm,1937,tenor saxophone with combo,https://www.youtube.com/watch?v=GrkXKx8a3w0,Coleman Hawkins & His All Star Jam Band - Honeysuckle Rose,Heinz Becker,Celebrated European jam-session improvisation,musicbrainz,e0e885ac-80ea-4f44-8319-5cde6f184657
Nm_F-EbfnK4,Honeysuckle Rose,Fats Waller,Art Tatum,Tatum Art: Art Tatum Live Performances 1934-1956,2008,solo piano,https://www.youtube.com/watch?v=Nm_F-EbfnK4,"Art Tatum plays ""Honeysuckle Rose"" (1951) + my transcribed score",Albert de la Fuente,Virtuosic stride-influenced solo piano,musicbrainz,2ff10ca1-dcca-4e89-a0c8-4533a30d4f45
rmRqpsmRxK4,Honeysuckle Rose,Fats Waller,Benny Goodman Trio,The Chronological Classics: Benny Goodman and His Orchestra 1949-1951,2007,piano trio with clarinet,https://www.youtube.com/watch?v=rmRqpsmRxK4,Benny Goodman - Honeysuckle Rose Jam Session Full Version,Shhh Peaceful,Classic small-group swing chamber jazz,musicbrainz,23bc48a5-f92e-470d-bbcf-838f65eb9e30
uFUE4FpqLSU,Honeysuckle Rose,Fats Waller,"Django Reinhardt, Duke Ellington & His Orchestra",The Great Chicago Concerts,1994,guitar with big band,https://www.youtube.com/watch?v=uFUE4FpqLSU,"Django Reinhardt - Honeysuckle Rose - London, 31.01.1938",Heinz Becker,Notable Reinhardt-Ellington collaboration,musicbrainz,a3aecc49-e036-43be-9b55-5e42184590cf
vlj5qx0zvDU,Honeysuckle Rose,Fats Waller,Louis Armstrong & His All-Stars,Satchmo at Pasadena,1951,trumpet/vocal with combo,https://www.youtube.com/watch?v=vlj5qx0zvDU,Honeysuckle Rose (Album Version),Louis Armstrong,Armstrong's joyful All-Stars version,musicbrainz,7a61b8fd-0b07-4569-bc0f-30b6a27c5f16
7TUtN-YMC4A,Hot House,Tadd Dameron,Dizzy Gillespie & Charlie Parker,Salt Peanuts / Hot House,1945,quintet,https://www.youtube.com/watch?v=7TUtN-YMC4A,"SIDNEY CATLETT (great drum solo) with Charlie Parker & Dizzy Gillespie - 1945 - ""Hot House""",Billy Ponzio,"Definitive 1945 bebop recording with Gillespie, Parker, Al Haig, Curley Russell, Sid Catlett",musicbrainz,36098d99-6a64-437c-b2b9-73d5368dc5c2
UwB9sUvYnVk,Hot House,Tadd Dameron,"Charlie Parker, Dizzy Gillespie, Bud Powell, Charles Mingus, Max Roach",Jazz at Massey Hall,1956,quintet,https://www.youtube.com/watch?v=UwB9sUvYnVk,"Charlie Parker, Dizzy Gillespie, Bud Powell, Max Roach, Charles Mingus - Hot House",Classic Mood Experience,Legendary 1953 Massey Hall 'greatest concert ever' performance,musicbrainz,ace622f8-1d0f-4504-97f5-2efcf895bcc1
i06rjXGH_KI,Hot House,Tadd Dameron,The Quintet,Complete Jazz at Massey Hall,2003,quintet,https://www.youtube.com/watch?v=i06rjXGH_KI,The Quintet-Hot House,jaywilton,Massey Hall under the famous 'The Quintet' billing,musicbrainz,119e1f90-1d29-4ff9-84ee-72a08f7c62a6
6FmjLlBafK4,Hot House,Tadd Dameron,Bud Powell,Bud Powell,1993,piano trio,https://www.youtube.com/watch?v=6FmjLlBafK4,"Bud Powell ""Hot House"" Piano Transcription",AT Jazz Piano Transcription,Bebop piano master's trio reading,musicbrainz,f583b40c-eaf8-406b-818d-96f3780cf677
ayapUmcDnHM,Hot House,Tadd Dameron,Clifford Brown & Max Roach,Live at The Bee Hive,1979,quintet,https://www.youtube.com/watch?v=ayapUmcDnHM,Hot House,Clifford Brown - Topic,Hard bop interpretation with Brownie's brilliant trumpet,musicbrainz,9f132f21-aa36-49e8-b1e7-8c858e463087
15IHNYq6stw,Hot House,Tadd Dameron,Chick Corea & Gary Burton,Hot House,2012,piano and vibraphone duo,https://www.youtube.com/watch?v=15IHNYq6stw,Chick Corea & Gary Burton: Tiny Desk Concert,NPR Music,Acclaimed modern piano-vibes duo interpretation,musicbrainz,7b229fd6-3d4f-4abd-a20a-c457b57532cd
rXYzNK2Hsoc,Hot House,Tadd Dameron,Steve Lacy & Mal Waldron,Hot House,1991,soprano sax and piano duo,https://www.youtube.com/watch?v=rXYzNK2Hsoc,Hot House,Charlie Parker,"Spare, modern duo exploration of the tune",musicbrainz,e73836c6-a126-4a32-a4f3-9914247456ca
bhf7pYWLfJk,Hot House,Tadd Dameron,Emily Remler,East to Wes,1988,guitar quartet,https://www.youtube.com/watch?v=bhf7pYWLfJk,Hot House,Emily Remler - Topic,Notable guitar-led version showcasing different instrumentation,musicbrainz,82c608a9-2c70-4b7c-9ee1-5fb7ece847b0
G6byjloC6-A,How Deep Is The Ocean,Irving Berlin,Bing Crosby,Temptation,1994,vocal with orchestra,https://www.youtube.com/watch?v=G6byjloC6-A,How Deep Is the Ocean (Remastered),Bing Crosby,Early hit recording the year the song was published,musicbrainz,e061094a-0daf-4516-add9-68e0b163e26b
a4TzyrCiWWM,How Deep Is The Ocean,Irving Berlin,Coleman Hawkins,The Chronological Classics: Coleman Hawkins 1943-1944,1995,tenor saxophone with orchestra,https://www.youtube.com/watch?v=a4TzyrCiWWM,Coleman Hawkins And His Orchestra - How Deep Is The Ocean,Heinz Becker,Landmark swing-era tenor ballad reading,musicbrainz,12033d39-2ece-4151-a641-25e0c5ac99f9
gJbSXFylm98,How Deep Is The Ocean,Irving Berlin,Charlie Parker,"Bird's Eyes: Last Unissued, Vol. 17",1947,alto saxophone quintet,https://www.youtube.com/watch?v=gJbSXFylm98,Charlie Parker- How Deep is the Ocean?.m4v,Zack Sierzega,Definitive bebop interpretation by Bird,musicbrainz,f3535edf-8530-41a7-98f6-5173edfc3d53
q5SK1zD09Lc,How Deep Is The Ocean,Irving Berlin,The Nat King Cole Trio,The Complete Capitol Recordings of the Nat King Cole Trio,1991,piano trio with vocal,https://www.youtube.com/watch?v=q5SK1zD09Lc,Nat King Cole Trio. How Deep Is The Ocean?,Miles Dewey,Elegant Cole trio rendition,musicbrainz,5e3f77d7-b26a-43b9-9157-fe2f528c890b
0vEum7syn00,How Deep Is The Ocean,Irving Berlin,Billie Holiday,The Complete Verve Studio Master Takes,2005,vocal with band,https://www.youtube.com/watch?v=0vEum7syn00,Billie Holiday - How Deep Is The Ocean? (How High Is The Sky) Clef Records 1954,RoundMidnightTV,Emotive Lady Day vocal version,musicbrainz,a0ea347b-015d-40db-9f10-3bbb7547aab0
54_rzAdy57A,How Deep Is The Ocean,Irving Berlin,Bill Evans Trio,Explorations,1961,piano trio,https://www.youtube.com/watch?v=54_rzAdy57A,How Deep Is The Ocean by the Bill Evans Trio from Explorations,Bill Evans,Lyrical modern piano trio treatment,musicbrainz,6008401d-8273-4d30-9520-9936a20059ea
3BE-wUPEO6A,How Deep Is The Ocean,Irving Berlin,Frank Sinatra,Young Frank Sinatra: In The Blue Of Evening,1992,vocal with orchestra,https://www.youtube.com/watch?v=3BE-wUPEO6A,How Deep Is The Ocean? (2020 Mix),Frank Sinatra,Classic Sinatra ballad phrasing,musicbrainz,2455764a-7b1e-4418-b02c-9751bfa35da0
acuR014vnwg,How Deep Is The Ocean,Irving Berlin,"Ben Webster, Oscar Peterson",Ben Webster Meets Oscar Peterson,1959,tenor saxophone with piano trio,https://www.youtube.com/watch?v=acuR014vnwg,Ben Webster and Oscar Peterson - How deep is the ocean,ana jankovic,Sumptuous Webster-Peterson ballad collaboration,musicbrainz,9daa7fb6-e9fd-4676-9319-d31cfb6890f3
1GUmxnYheK0,How High The Moon,Morgan Lewis,Ella Fitzgerald,The Chronological Classics: Ella Fitzgerald 1947–1948,1999,vocal with big band,https://www.youtube.com/watch?v=1GUmxnYheK0,"Ella Fitzgerald- ""How High The Moon/Epic scat"" LIVE 1966 [RITY Archives]",ReelinInTheYears66,"Iconic live scat performance, definitive vocal version",musicbrainz,1773cd2e-4a3c-42a2-8d52-22fd211d1555
vXHg_u0iFTc,How High The Moon,Morgan Lewis,Charlie Parker & Dizzy Gillespie,"The Legendary Town Hall Concert: New York City, 1945",2006,bebop quintet,https://www.youtube.com/watch?v=vXHg_u0iFTc,"""How High the Moon?"" - Charlie Parker 1949 Jazz at the Philharmonic",Phawin Phanudom,"Landmark bebop reading, basis for 'Ornithology'",musicbrainz,a5c20819-9857-46e9-afc6-8b1556191d9c
NkGf1GHAxhE,How High The Moon,Morgan Lewis,Les Paul & Mary Ford,How High the Moon,1951,vocal with multitrack guitar,https://www.youtube.com/watch?v=NkGf1GHAxhE,HOW HIGH THE MOON   LES PAUL   MARY FORD   1951,Sunday Funnies,Massive #1 hit; pioneering multitrack recording,claude,
eMM908tw9uU,How High The Moon,Morgan Lewis,Quintette du Hot Club de France,How High the Moon / Lover Man,1947,string quintet (gypsy jazz),https://www.youtube.com/watch?v=eMM908tw9uU,"Django Reinhardt - How High The Moon - Paris, 28 November 1947",Heinz Becker,Django and Grappelli's classic gypsy-swing version,musicbrainz,5baa07a4-1b7c-47b9-b9f8-8d2dfcae299a
J20UzQrI4h4,How High The Moon,Morgan Lewis,Art Tatum,Tatum Art: Art Tatum Live Performances 1934-1956,2008,solo piano,https://www.youtube.com/watch?v=J20UzQrI4h4,How High The Moon (Digitally Remastered 97),Art Tatum - Topic,Virtuosic solo piano interpretation,musicbrainz,46eb2a94-927e-4b6b-9d55-92f0120e8709
azk8gPlWCj8,How High The Moon,Morgan Lewis,Bud Powell,Birdland 1953,2004,piano trio,https://www.youtube.com/watch?v=azk8gPlWCj8,How High the Moon,Bud Powell Trio - Topic,Bebop piano benchmark paired with Ornithology,musicbrainz,a6a516ff-9a7c-4f7a-a02f-8cd3f5737761
_PMPM0oTAsc,How High The Moon,Morgan Lewis,Stan Getz & Chet Baker,L.A. Get-Together!,1992,quintet (tenor sax & trumpet),https://www.youtube.com/watch?v=_PMPM0oTAsc,How High the Moon,Stan Getz,Cool-school cross-coast pairing,musicbrainz,6db1bc30-2d00-4735-af09-41190269bb6b
lpI_YwhYcL4,How High The Moon,Morgan Lewis,Wes Montgomery,In the Beginning,2015,guitar combo,https://www.youtube.com/watch?v=lpI_YwhYcL4,Wes Montgomery on How High the Moon - Solo Transcription,sylv_,Octave-driven modern guitar approach,musicbrainz,4bd11cd3-9d38-4305-8b95-df45e23fe5ff
UFGA1f8dnA4,How Insensitive,Antonio Carlos Jobim,Frank Sinatra & Antônio Carlos Jobim,Sinatra/Jobim: The Complete Reprise Recordings,1967,vocal with orchestra,https://www.youtube.com/watch?v=UFGA1f8dnA4,How Insensitive (Insensatez),Tom Jobim Oficial,"Landmark Sinatra-Jobim collaboration, definitive vocal reading",musicbrainz,b675de69-d459-45cd-87e4-454e22cfaa30
XxVWqOdn150,How Insensitive,Antonio Carlos Jobim,Astrud Gilberto,The Astrud Gilberto Album,1965,vocal with orchestra,https://www.youtube.com/watch?v=XxVWqOdn150,Astrud Gilberto - How Insensitive,Smile892011,"Iconic bossa nova vocalist, authentic Brazilian phrasing",musicbrainz,c822b309-4600-4f54-8e6a-da5ff033e627
GAoXA4IoSyE,How Insensitive,Antonio Carlos Jobim,Wes Montgomery,The Girl From Ipanema: The Antonio Carlos Jobim Songbook,1995,guitar with orchestra,https://www.youtube.com/watch?v=GAoXA4IoSyE,How Insensitive,Wes Montgomery,"Lush guitar interpretation, classic jazz-bossa crossover",musicbrainz,a6f37cc1-1060-4469-bbff-09ec969e7a95
DFKbhIkbpno,How Insensitive,Antonio Carlos Jobim,Oscar Peterson,Soul Español,1966,piano trio,https://www.youtube.com/watch?v=DFKbhIkbpno,Oscar Peterson - How Insensitive (Jazz 1966),Rebel B,Elegant trio rendition by a jazz piano master,musicbrainz,b1601583-8560-4143-a863-b67beb72ffd9
JcEUMiIDMAQ,How Insensitive,Antonio Carlos Jobim,Shirley Horn Trio,All Night Long,1981,vocal with piano trio,https://www.youtube.com/watch?v=JcEUMiIDMAQ,Shirley Horn & Trio - How insensitive - Heineken Concerts 99,chicooceano,"Intimate, slow-burning vocal-piano treatment",musicbrainz,571ca71d-ccc6-4335-bb3d-1f15c4a225f7
Yx2s5INMOnQ,How Insensitive,Antonio Carlos Jobim,Ella Fitzgerald,The Pablo Years,1990,vocal with ensemble,https://www.youtube.com/watch?v=Yx2s5INMOnQ,Ella Fitzgerald - How Insensitive,Öykü Demirkır,From Ella's celebrated all-Jobim songbook album,musicbrainz,df4eb9a0-924a-4bcc-9289-8a32771ebcc0
XLYJR4TSCGo,How Insensitive,Antonio Carlos Jobim,Grant Green,Slick! - Live at Oil Can Harry’s,2018,guitar quartet,https://www.youtube.com/watch?v=XLYJR4TSCGo,How Insensitive (Insensatez),Grant Green,Soulful guitar take on the bossa standard,musicbrainz,6ca0a3ca-861a-4fde-9421-1bd9ced5d780
RKgJHSSRcn4,How Insensitive,Antonio Carlos Jobim,Eliane Elias,Eliane Elias Sings Jobim,1998,piano trio,https://www.youtube.com/watch?v=RKgJHSSRcn4,How Insensitive,Eliane Elias Official,Brazilian pianist's authoritative Jobim interpretation,musicbrainz,d98ddc0d-7140-4e55-bf7c-e978f0c36082
yxeqyhpjLjM,I Can't Get Started,Vernon Duke,Bunny Berigan and His Orchestra,Swing That Music!,1994,big band with trumpet/vocal,https://www.youtube.com/watch?v=yxeqyhpjLjM,"1938 HITS ARCHIVE: I Can’t Get Started - Bunny Berigan (Bunny Berigan, vocal) (Victor version)",The78Prof,The definitive recording; Berigan's signature trumpet feature and vocal,musicbrainz,199786e4-a552-4fc4-a19b-1e715e49ac39
BA7z-4hZJuQ,I Can't Get Started,Vernon Duke,"Lester Young, Nat King Cole Trio",Volume 2 - 1939-1942 - The Complementary Works,1993,tenor saxophone with piano trio,https://www.youtube.com/watch?v=BA7z-4hZJuQ,"I Can't Get Started (feat. Nat ""King"" Cole) (Bonus Track)",Lester Young - Topic,Sublime small-group ballad reading by Young and Cole,musicbrainz,536e8257-9315-4414-bd99-e3a47f74ad98
nwP8C2xhKBs,I Can't Get Started,Vernon Duke,Charlie Parker,Verve Jazz Masters 15,1994,alto saxophone with combo,https://www.youtube.com/watch?v=nwP8C2xhKBs,Charlie Parker – Jazz At The Philharmonic - I Can't Get Started,All That Jazz Don Kaart,Bebop master's lyrical ballad interpretation,musicbrainz,6060d537-80bc-4c86-ad40-2204cff5ab99
W3cKifJYLi8,I Can't Get Started,Vernon Duke,"Billie Holiday, Lester Young",Complete Recordings,2001,vocal with orchestra,https://www.youtube.com/watch?v=W3cKifJYLi8,Billie Holiday - I Can't Get Started With You (Vocalion Records 1938),RoundMidnightTV,Holiday vocal classic paired with Young's tenor,musicbrainz,f49eaa69-6e50-41d9-9934-37954bacbfd4
ZBCEnEk4WDI,I Can't Get Started,Vernon Duke,"Sarah Vaughan, Ted Dale and His Orchestra",The Chronological Classics: Sarah Vaughan 1946-1947,1998,vocal with orchestra,https://www.youtube.com/watch?v=ZBCEnEk4WDI,I Can't Get Started,Sarah Vaughan - Topic,"Lush, virtuosic vocal treatment",musicbrainz,8da7f2ac-a745-46a7-95bf-8752b27ca371
dnTzxG5lT4E,I Can't Get Started,Vernon Duke,The Clifford Brown–Max Roach Quintet,"The Encyclopedia of Jazz, Part 5/5: Modern Jazz - Cool Jazz",2008,hard bop quintet,https://www.youtube.com/watch?v=dnTzxG5lT4E,I Can't Get Started,Clifford Brown - Topic,Brilliant trumpet ballad feature from a landmark quintet,musicbrainz,289e53d2-aafc-49e3-a785-222d3ede6d6f
HbJHzPTW5Wk,I Can't Get Started,Vernon Duke,Bill Evans,Kind of Evans,2011,solo piano,https://www.youtube.com/watch?v=HbJHzPTW5Wk,I Can't Get Started,Bill Evans,"Evans's introspective, harmonically rich solo reading",musicbrainz,7d010289-9b28-4e5b-98a4-2880053a7f3f
bic58iEVPEk,I Can't Get Started,Vernon Duke,The Modern Jazz Quartet,"The Modern Jazz Quartet at Music Inn, Volume 2",1959,vibraphone quartet,https://www.youtube.com/watch?v=bic58iEVPEk,I Can't Get Started,The Modern Jazz Quartet - Topic,Elegant chamber-jazz interpretation within ballad medley,musicbrainz,fd1b188e-9ee5-45ab-9bf1-e96cf60e761d
M-cej-5dkc0,I Got Rhythm,George Gershwin,Louis Armstrong,V.S.O.P. Vol. 7/8,1974,vocal with big band,https://www.youtube.com/watch?v=M-cej-5dkc0,LOUIS ARMSTRONG - I Got Rhythm (1938),Giorgio Cùscito,Early landmark vocal/trumpet reading by a jazz giant,musicbrainz,94c10302-3a04-44a1-8fbd-73e8a9884828
oLNwQ1GFz44,I Got Rhythm,George Gershwin,"Django Reinhardt, Stéphane Grappelli",Swing From Paris,1990,string quintet (guitars and violin),https://www.youtube.com/watch?v=oLNwQ1GFz44,"Stéphane Grappelli plays ""I Got Rhythm"" (1984)",musicanth,Definitive gypsy-jazz swing version,musicbrainz,6289717f-d861-4d38-9346-d3a62634e7bf
n50DVFOlDFc,I Got Rhythm,George Gershwin,Art Tatum,California Melodies,1994,solo piano,https://www.youtube.com/watch?v=n50DVFOlDFc,I got rhythm - Art Tatum the Genius of Jazz,RUSH E - NO COPYRIGHT MUSIC,Dazzling virtuoso solo piano interpretation,musicbrainz,6f2baf83-2ccf-4c04-9bbb-60f7878a58d9
znh7FK29yqE,I Got Rhythm,George Gershwin,Charlie Christian,Electric,2011,sextet with electric guitar,https://www.youtube.com/watch?v=znh7FK29yqE,I Got Rhythm - Charlie Christian (Full Transcription),RenatoDiasMusic,Pioneering electric-guitar improvisation over rhythm changes,musicbrainz,ca67a72e-28d5-4ae4-8e84-93ecbf83c33b
VaoTROVfFQ4,I Got Rhythm,George Gershwin,Count Basie & His Orchestra,Volume 4 - 1937 - Complete Edition,1993,big band,https://www.youtube.com/watch?v=VaoTROVfFQ4,I Got Rhythm,Count Basie,Swinging Kansas City big-band treatment,musicbrainz,7f159afe-c79b-4293-a6d1-21b8f5b7f39b
r-6Pb8W_Qes,I Got Rhythm,George Gershwin,Oscar Peterson Trio,The Classic Years,2006,piano trio,https://www.youtube.com/watch?v=r-6Pb8W_Qes,The Oscar Peterson Trio - I Got Rhythm,Jazz Everyday!,Virtuosic trio swing,musicbrainz,b5108940-80da-4c20-a7e8-71da0ce8878a
3fgxyyrqZ-I,I Got Rhythm,George Gershwin,"Charlie Parker, Lester Young",The Complete JATP Performances,1999,all-star jam combo,https://www.youtube.com/watch?v=3fgxyyrqZ-I,Charlie Parker  - I've Got Rhythm (Best jazz ever),arne3788,Bebop saxophone summit on the famous rhythm changes,musicbrainz,018aa247-e9d2-4944-8950-869c91b3a610
34RZrsvWBsg,I Got Rhythm,George Gershwin,Gerry Mulligan Quartet,Reunion,1988,piano-less quartet (baritone sax and trumpet),https://www.youtube.com/watch?v=34RZrsvWBsg,I Got Rhythm,Gerry Mulligan - Topic,Cool-jazz contrapuntal reading,musicbrainz,8caa7355-9465-4ba3-bf18-3427a04a2cfa
0bUYqoutIYA,I Hear A Rhapsody,"George Fragos,Jack Baker,Dick Gasparre",Charlie Barnet and His Orchestra,"Nipper's Greatest Hits, Volume 1: The 40's",1989,big band,https://www.youtube.com/watch?v=0bUYqoutIYA,"1941 HITS ARCHIVE: I Hear A Rhapsody - Charlie Barnet (Bob Carroll, vocal)",The78Prof,One of the original hit big-band recordings of the tune,musicbrainz,a47cc67b-784e-4606-9abc-61f50a8c6dd7
S5nZaOmy8XA,I Hear A Rhapsody,"George Fragos,Jack Baker,Dick Gasparre","Frank Sinatra, Tommy Dorsey and His Orchestra",The Song Is You,1994,vocal with big band,https://www.youtube.com/watch?v=S5nZaOmy8XA,I Hear A Rhapsody (1994 Remastered),Frank Sinatra,Early Sinatra vocal that helped popularize the standard,musicbrainz,60a7cb41-cf8b-45c1-b014-90c88c1cc801
_IDGrksRvbg,I Hear A Rhapsody,"George Fragos,Jack Baker,Dick Gasparre",Charlie Parker / Klook's Clique (Kenny Clarke),Klook's the Man,2007,quintet,https://www.youtube.com/watch?v=_IDGrksRvbg,I Hear a Rhapsody,Kenny Clarke - Topic,Bebop combo reading featuring strong soloists,musicbrainz,48c34b89-6b92-46e7-8dd5-df636bcfdcc6
rnIwf7858xQ,I Hear A Rhapsody,"George Fragos,Jack Baker,Dick Gasparre",John Coltrane,Lush Life,1961,quartet,https://www.youtube.com/watch?v=rnIwf7858xQ,John Coltrane - I Hear A Rhapsody (Official Audio),John Coltrane,Coltrane's lyrical hard-bop interpretation,musicbrainz,3656fd66-aab4-4f7e-8e84-772172d1e0fb
oGwd-EP740o,I Hear A Rhapsody,"George Fragos,Jack Baker,Dick Gasparre",Jackie McLean,Makin' the Changes,1960,quintet,https://www.youtube.com/watch?v=oGwd-EP740o,"Jackie McLean on ""I Hear a Rhapsody"" | Solo Transcription (Eb)",Wesley Chin,Classic Prestige hard-bop alto rendition,musicbrainz,97a3ef71-7378-4e4c-b4d9-63bc3495fa0b
_yllZCBksf0,I Hear A Rhapsody,"George Fragos,Jack Baker,Dick Gasparre","Bill Evans, Jim Hall",Undercurrent,1962,guitar and piano duo,https://www.youtube.com/watch?v=_yllZCBksf0,I Hear A Rhapsody,Bill Evans,Definitive intimate piano-guitar duo version,musicbrainz,12028da3-566d-44de-8a62-a9f42c34ef95
tbH-jg-4hmQ,I Hear A Rhapsody,"George Fragos,Jack Baker,Dick Gasparre","Chick Corea, Miroslav Vitous, Roy Haynes","Trio Music, Live in Europe",1986,piano trio,https://www.youtube.com/watch?v=tbH-jg-4hmQ,I Hear A Rhapsody (Live),Chick Corea,Landmark modern piano-trio interpretation,musicbrainz,c2f5feeb-4901-42b7-99d0-9cbcd05896fe
LP4Hp49zlTY,I Hear A Rhapsody,"George Fragos,Jack Baker,Dick Gasparre","Keith Jarrett, Gary Peacock, Jack DeJohnette",Standards in Norway,1989,piano trio,https://www.youtube.com/watch?v=LP4Hp49zlTY,I Hear A Rhapsody,Keith Jarrett,Standards Trio's refined modern reading,musicbrainz,16afc93a-6a1b-42e8-8552-1bdfe2b6ff3f
owCLRr6dMzU,I Love You,Cole Porter,Coleman Hawkins and His All Stars,Body and Soul,1986,tenor saxophone with combo,https://www.youtube.com/watch?v=owCLRr6dMzU,I love you,Coleman Hawkins - Topic,Bebop-era reading by the tenor master,musicbrainz,9403ef03-5477-4436-a69d-ca969d5f260d
2GrIlU46KMM,I Love You,Cole Porter,The Oscar Peterson Trio,Oscar Peterson Plays Cole Porter,1953,piano trio,https://www.youtube.com/watch?v=2GrIlU46KMM,I Love You (Remastered),Oscar Peterson (The Estate of Oscar Peterson),"Swinging, definitive trio interpretation",musicbrainz,e4f99eab-501d-44d6-a245-5a23ccdf6f53
A-qt6DOlGV8,I Love You,Cole Porter,Bill Evans Trio,New Jazz Conceptions,1957,piano trio,https://www.youtube.com/watch?v=A-qt6DOlGV8,BILL EVANS - I Love You #빌에반스 #데뷔앨범 #엘피 #jazz #굿인터내셔널 #한정판 #턴테이블 #lp #전설의시작 #재즈피아노,굿인터내셔널,"Evans with Kotick and Motian, lyrical early trio",musicbrainz,607fa31f-8540-4475-b7e2-6e586e76ff58
-HnakTUpoSs,I Love You,Cole Porter,Chet Baker,"The Encyclopedia of Jazz, Part 5/5: Modern Jazz - Cool Jazz",2008,trumpet with strings,https://www.youtube.com/watch?v=-HnakTUpoSs,I Love You (Chet Baker & Strings),Chet Baker,"Cool, melodic trumpet over lush strings",musicbrainz,4ad64923-f08b-4da3-afb1-488785556568
2x6zEVtQfXA,I Love You,Cole Porter,Art Pepper,Intensity,1963,alto saxophone quartet,https://www.youtube.com/watch?v=2x6zEVtQfXA,Art Pepper - I Love You (Official Visualizer),Art Pepper,Fiery West Coast alto with Miles' rhythm section,musicbrainz,6dab3edc-d677-4e5f-afc4-a9cb52ade24a
s0T4sSEtXgI,I Love You,Cole Porter,Anita O'Day,Anita O’Day Swings Cole Porter With Billy May,1959,vocal with big band,https://www.youtube.com/watch?v=s0T4sSEtXgI,I Love You,Anita O'Day - Topic,Brisk swinging vocal with Billy May arrangement,musicbrainz,75ab4a6a-7999-4b74-b2de-11803894471b
5M7a7lcXftE,I Love You,Cole Porter,Stan Getz,Cole Porter in Concert: Just One of Those Live Things,1994,tenor saxophone quartet,https://www.youtube.com/watch?v=5M7a7lcXftE,Stan Getz Quartet - I Love You - Umbria Jazz 1989,sigmundgroid,Warm-toned tenor classic,musicbrainz,8d353f93-a527-4f38-99ff-1ba64134003b
I_JFlFteXSI,I Love You,Cole Porter,Django Reinhardt,Djangology,2004,guitar with combo,https://www.youtube.com/watch?v=I_JFlFteXSI,I Love You,Release - Topic,Gypsy-jazz guitar perspective on the standard,musicbrainz,a5a6066f-972b-4be4-b29d-1d2358d8873e
JWghK0Exagg,I Mean You,Thelonious Monk,Coleman Hawkins and His Orchestra,The Chronological Classics: Coleman Hawkins 1946-1947,1998,octet/small band,https://www.youtube.com/watch?v=JWghK0Exagg,Coleman Hawkins - I Mean You,johnnystaccata,"First-ever recording of the tune, co-led with Monk",musicbrainz,f1730c67-c888-47b9-bb4d-89b58a48a034
lIhQrRPcCSs,I Mean You,Thelonious Monk,Thelonious Monk Quartet with John Coltrane,Live at the Five Spot Discovery!,1993,quartet,https://www.youtube.com/watch?v=lIhQrRPcCSs,Thelonious Monk & John Coltrane - I Mean You Live,Classic Mood Experience,Landmark Monk-Coltrane reading,musicbrainz,c9a5a941-aec3-4439-9e76-3b02d7bdc25a
ak3IcTKS4-A,I Mean You,Thelonious Monk,Art Blakey's Jazz Messengers with Thelonious Monk,Art Blakey's Jazz Messengers With Thelonious Monk,1958,quintet,https://www.youtube.com/watch?v=ak3IcTKS4-A,04.- I Mean You - Art Blakey - Art Blakey´s Jazz Messengers With Thelonious Monk,Jazz & Blues,Definitive hard-bop collaboration,musicbrainz,c1ad1181-1d56-47c5-a19b-681509b0880f
DIaPOh_LhRs,I Mean You,Thelonious Monk,"Thelonious Monk, Gerry Mulligan",Mulligan Meets Monk,1957,"quartet (piano, baritone sax, bass, drums)",https://www.youtube.com/watch?v=DIaPOh_LhRs,"Thelonious Monk, Gerry Mulligan - I Mean You",Jazz Everyday!,Classic Monk-Mulligan summit,musicbrainz,9e1051a2-d193-4dbf-be3c-f8e41796d2ce
-rnayopW7ag,I Mean You,Thelonious Monk,Thelonious Monk,"Genius of Modern Music, Volume One",1956,quartet,https://www.youtube.com/watch?v=-rnayopW7ag,Esbjörn Svensson Trio - I Mean You,Eduardo,Iconic live Five Spot version,musicbrainz,0eea4b93-fe71-49d8-86cb-5f7fc9e559ac
jYUCrCcNHpc,I Mean You,Thelonious Monk,"Eddie ""Lockjaw"" Davis, Johnny Griffin",Lookin’ at Monk!,1998,two-tenor quintet,https://www.youtube.com/watch?v=jYUCrCcNHpc,Johnny Griffin & Eddie Lockjaw Davis -  Lookin' At Monk -  07 -  Stickball I Mean You,All That Jazz Don Kaart,Hard-swinging tenor battle take,musicbrainz,feef8872-4267-4940-b8b7-8f34ff73a535
49eIefljgxE,I Mean You,Thelonious Monk,McCoy Tyner,Supertrios,1989,piano trio,https://www.youtube.com/watch?v=49eIefljgxE,McCoy Tyner - I Mean You,Praguedive,Notable post-Coltrane pianist interpretation,musicbrainz,7e085053-52c0-40b1-ae6a-6f9bed6bf34f
XKz5G7FyJKY,I Mean You,Thelonious Monk,29th Street Saxophone Quartet,The Real Deal,1987,saxophone quartet,https://www.youtube.com/watch?v=XKz5G7FyJKY,"29th Street Saxophone Quartet - My Little Suede Shoes, I Mean You, K.C.Q. (Freiburg 1986)",Bfutz,Inventive all-saxophone arrangement,musicbrainz,e0c2763d-7e02-480e-9ff5-338ae3a67ac8
TELZsbr_XiU,I Should Care,"Axel Stordahl,Paul Weston,Sammy Cahn",Frank Sinatra,When Your Lover Has Gone / I Should Care,1945,vocal with orchestra,https://www.youtube.com/watch?v=TELZsbr_XiU,I Should Care,Frank Sinatra,Definitive vocal interpretation of the standard,musicbrainz,bab3ad39-7c05-43f6-81a7-fbbe3ccc0005
qCCFnM644uE,I Should Care,"Axel Stordahl,Paul Weston,Sammy Cahn",Thelonious Monk,The Complete Blue Note Recordings of Thelonious Monk,1983,solo piano,https://www.youtube.com/watch?v=qCCFnM644uE,I Should Care (Rudy Van Gelder Edition),Thelonious Monk,"Iconic, harmonically daring solo piano reading",musicbrainz,7c23a03c-35be-4c4c-b96a-594487ffb876
D1PD3EIHCsM,I Should Care,"Axel Stordahl,Paul Weston,Sammy Cahn",Bill Evans Trio,How My Heart Sings!,1962,piano trio,https://www.youtube.com/watch?v=D1PD3EIHCsM,Vol.440【 Bill Evans Solo on I Should Care 】,杉山ジャズピアノ教室｜新横浜,"Lyrical Evans treatment, a study in touch",musicbrainz,c1d14d58-962f-41a6-96c2-ffabe0f8890a
TQjJsZGEnuM,I Should Care,"Axel Stordahl,Paul Weston,Sammy Cahn",Bud Powell Trio,Bud Powell Trio,1951,piano trio,https://www.youtube.com/watch?v=TQjJsZGEnuM,I Should Care (1990 Remaster),Bud Powell Trio - Topic,Bebop piano master's expressive ballad,musicbrainz,c1113b97-5fff-407d-8cf3-e54e4583cef2
mD1Zg1qNJLU,I Should Care,"Axel Stordahl,Paul Weston,Sammy Cahn",Dexter Gordon Quartet,Complete Kenny Drew & Carl Perkins Sessions,2004,tenor saxophone quartet,https://www.youtube.com/watch?v=mD1Zg1qNJLU,I Should Care,Dexter Gordon - Topic,"Warm, robust tenor ballad statement",musicbrainz,65a455bb-9617-4667-8552-b4e82f6c1174
sFcB1_kNf78,I Should Care,"Axel Stordahl,Paul Weston,Sammy Cahn",The Modern Jazz Quartet,European Concert,1960,piano-vibes quartet,https://www.youtube.com/watch?v=sFcB1_kNf78,I Should Care (European Concert),The Modern Jazz Quartet - Topic,Elegant chamber-jazz arrangement,musicbrainz,170957d7-68c3-41dd-8d95-9b556f55e10f
NhMkPcc3Axs,I Should Care,"Axel Stordahl,Paul Weston,Sammy Cahn",Chet Baker,Early Chet (Chet Baker in Germany 1955–1959),2013,trumpet with combo,https://www.youtube.com/watch?v=NhMkPcc3Axs,I Should Care [1959] (Chet Baker) Solo Transcription #43,silvertone2,"Cool, intimate trumpet balladry",musicbrainz,101e4454-8e49-4d46-a137-0e2fd60b52b7
HPJXMqrO-h4,I Should Care,"Axel Stordahl,Paul Weston,Sammy Cahn",Sarah Vaughan,Close to You,1960,vocal with combo,https://www.youtube.com/watch?v=HPJXMqrO-h4,Sarah Vaughan - I Should Care,Music Legends Book,"Rich, expressive vocal masterclass",musicbrainz,2f1c2eaf-e609-4042-95d0-ea21a50d262c
G6EZ-JIeTXc,I Thought About You,Jimmy Van Heusen,Frank Sinatra,Songs for Swingin’ Lovers!,1956,vocal with orchestra,https://www.youtube.com/watch?v=G6EZ-JIeTXc,I Thought About You (Remastered 1998),Frank Sinatra,Definitive Sinatra reading of the lyric,musicbrainz,cef0f42a-3d1d-4bdd-8332-3512970767e5
LlcayLOGdcY,I Thought About You,Jimmy Van Heusen,Billie Holiday,Lady Sings the Blues,1956,vocal with small group,https://www.youtube.com/watch?v=LlcayLOGdcY,Billie Holiday - I Thought About You (Verve Records 1954),RoundMidnightTV,"Intimate, classic vocal interpretation",musicbrainz,19cce65c-797b-4e5d-9b5c-570ebc4e8ec2
gOnqdc5wLfo,I Thought About You,Jimmy Van Heusen,Miles Davis Sextet,Someday My Prince Will Come,1961,sextet,https://www.youtube.com/watch?v=gOnqdc5wLfo,I Thought About You,Miles Davis,Miles' celebrated muted ballad treatment,musicbrainz,c0193f3f-c42a-41bc-bc00-04ede2e17018
Vl-YGRVSZGo,I Thought About You,Jimmy Van Heusen,Art Tatum,California Melodies,1994,solo piano,https://www.youtube.com/watch?v=Vl-YGRVSZGo,"Art Tatum plays  ""I Thought About You""",gullivior,Virtuosic solo piano harmonization,musicbrainz,746920c5-358b-4c0e-b629-ca25fd61a3d5
p2TTamr_X04,I Thought About You,Jimmy Van Heusen,"Keith Jarrett, Gary Peacock, Jack DeJohnette",Bye Bye Blackbird,1993,piano trio,https://www.youtube.com/watch?v=p2TTamr_X04,Keith Jarrett Trio - I Thought About You,TJazz,Modern Standards Trio benchmark,musicbrainz,8369f8d1-109f-4600-850b-0a04d33bd0e2
Y7tpfgXH3oQ,I Thought About You,Jimmy Van Heusen,Carmen McRae,The Great American Songbook,1990,vocal with trio,https://www.youtube.com/watch?v=Y7tpfgXH3oQ,I Thought About You (Live),Carmen McRae - Topic,Refined jazz vocal phrasing,musicbrainz,8dbc88e1-e72b-4c4a-bd4c-5375c0ecf4a0
l45Z38zUCxA,I Thought About You,Jimmy Van Heusen,"Kenny Burrell, Coleman Hawkins",Bluesey Burrell,1963,guitar and tenor saxophone group,https://www.youtube.com/watch?v=l45Z38zUCxA,I Thought About You,Kenny Burrell - Topic,Guitar/tenor pairing of master players,musicbrainz,405cc9dc-d013-46f7-9124-4b5b5a39d772
LY5UlfTJ_-M,I Thought About You,Jimmy Van Heusen,"Joe Pass, Red Mitchell",Finally: Live in Stockholm,1992,guitar and bass duo,https://www.youtube.com/watch?v=LY5UlfTJ_-M,I Thought of You,Red Mitchell - Topic,"Spare, conversational duo treatment",musicbrainz,e830ad81-f09c-4906-a3f0-84974be5291c
mvythpyPUoM,I'll Remember April,"Gene De Paul,Patricia Johnston,Don Raye",Charlie Parker Quintet,"Complete Live at Birdland May 17, 1950",2009,quintet,https://www.youtube.com/watch?v=mvythpyPUoM,Charlie Parker Quintet - I'll Remember April,Okmusix,Landmark bebop reading paired with 52nd Street Theme,musicbrainz,4b8be031-b2f0-4581-ada7-7fb35676699e
OfQvMpihfak,I'll Remember April,"Gene De Paul,Patricia Johnston,Don Raye",Erroll Garner,Concert by the Sea,1956,piano trio,https://www.youtube.com/watch?v=OfQvMpihfak,I'll Remember April - Erroll Garner,Francesca Skelhorn,Iconic swinging live solo-piano-led trio version,musicbrainz,fdba5e22-4ef7-4427-b7d1-43bc047d4a07
yFmXRxM-EXQ,I'll Remember April,"Gene De Paul,Patricia Johnston,Don Raye",Clifford Brown & Max Roach,At Basin Street,1956,quintet,https://www.youtube.com/watch?v=yFmXRxM-EXQ,Clifford Brown Max Roach - I'll Remember April,Modern Jazz Classics,Hard-bop classic with virtuosic trumpet,musicbrainz,e55a1818-17cc-4969-8dac-d66ea67d306e
69kkkyEom8Y,I'll Remember April,"Gene De Paul,Patricia Johnston,Don Raye",Sonny Rollins,"A Night At The ""Village Vanguard"" Volume 3",1983,saxophone trio/quartet,https://www.youtube.com/watch?v=69kkkyEom8Y,I'll Remember April (Evening) (Live At The Village Vanguard/1957 / Remastered 1999/Rudy Van...,Sonny Rollins,Muscular tenor improvisation on the changes,musicbrainz,762b85e1-d3d0-498f-9600-8752d05663c2
YaLM1L_w8KE,I'll Remember April,"Gene De Paul,Patricia Johnston,Don Raye",Bud Powell,The Complete Blue Note and Roost Recordings,1994,piano trio,https://www.youtube.com/watch?v=YaLM1L_w8KE,[Jazz Live] (Rare footage) Bud Powell Solo w/ Charlie Mingus at Antibes - I'll Remember April (1960),"Jazz, Blues & Zeitgeist",Definitive bebop piano interpretation,musicbrainz,2543f849-6494-4143-b31c-133e240420c1
9umh1Y7y5fU,I'll Remember April,"Gene De Paul,Patricia Johnston,Don Raye","Stan Getz, Chet Baker",Stan Meets Chet,1996,quintet,https://www.youtube.com/watch?v=9umh1Y7y5fU,"Stan Getz, Chet Baker - I'll Remember April",Jazz Everyday!,Cool-school pairing of tenor and trumpet,musicbrainz,0107c39d-527a-418c-919b-216c34c5eb85
uXDMBX5HDp4,I'll Remember April,"Gene De Paul,Patricia Johnston,Don Raye",Bill Evans,The Secret Sessions,1996,piano trio,https://www.youtube.com/watch?v=uXDMBX5HDp4,I'll Remember April,Bill Evans,"Lyrical, harmonically refined trio version",musicbrainz,6e418abb-166c-40f8-9c6f-e67772c24f3c
0udof4-CsGY,I'll Remember April,"Gene De Paul,Patricia Johnston,Don Raye",Dexter Gordon,Cry Me a River,1994,quintet,https://www.youtube.com/watch?v=0udof4-CsGY,Dexter Gordon Quartet -‎ I'll Remember April,rujazz,Robust hard-bop tenor statement,musicbrainz,f30fad73-49bb-41d9-b108-4fe538255e7f
2MsUFTUfCkY,Impressions,John Coltrane,John Coltrane Quartet,Coltrane,2002,saxophone quartet,https://www.youtube.com/watch?v=2MsUFTUfCkY,"Emmet Cohen w/ Christian McBride, Marcus Strickland, and Giveton Gelin | Impressions",Emmet Cohen,The definitive Coltrane quartet recording that gave the album its name,musicbrainz,66c1f283-4d0b-451b-a4e7-23bd4cb1fda3
0SDSVEIVOCs,Impressions,John Coltrane,"John Coltrane, Eric Dolphy",Impressions (live),2023,quintet,https://www.youtube.com/watch?v=0SDSVEIVOCs,IMPRESSIONS - John Coltrane Featuring Eric Dolphy,zero53071,Landmark live Village Vanguard performance with Dolphy,musicbrainz,f192c8b3-f274-4915-8de2-6d3c07fada4d
8Vai7lTj4aI,Impressions,John Coltrane,"Wynton Kelly Trio, Wes Montgomery",Smokin’ at the Half Note,1990,guitar quartet,https://www.youtube.com/watch?v=8Vai7lTj4aI,Wynton Kelly Trio (Wes Montgomery)_ Impressions,rapitroy,Celebrated guitar reading from a classic live set,musicbrainz,dae28443-0f57-4c4a-8068-37e128b488b8
FzwVeEpFjvE,Impressions,John Coltrane,McCoy Tyner,Trident,1975,piano trio,https://www.youtube.com/watch?v=FzwVeEpFjvE,Impressions,McCoy Tyner Trio - Topic,Coltrane's own pianist offers a modal trio interpretation,musicbrainz,cbdd2d66-cd00-4f45-be0f-603a0fbbeb8f
tcwXYnaU4ak,Impressions,John Coltrane,Sonny Rollins,Buffalo 78,2023,saxophone combo,https://www.youtube.com/watch?v=tcwXYnaU4ak,"Sonny Rollins - Impressions (1978-11-04, Buffalo State College, Buffalo, NY)",Vintage Music Experience,Fellow tenor titan tackles Coltrane's tune,musicbrainz,6db13a52-2acf-412c-a5f3-60656cd48d4b
1ln36YA6_xM,Impressions,John Coltrane,Stan Getz Quartet,Getz at the Gate: The Stan Getz Quartet Live at the Village Gate Nov. 26 1961,2019,saxophone quartet,https://www.youtube.com/watch?v=1ln36YA6_xM,"Impressions (Live At The Village Gate, 1961)",Stan Getz,Lyrical tenor take from a different stylistic angle,musicbrainz,dff55f53-c087-4026-ae38-cdbdad14374a
WXeng7h0AYg,Impressions,John Coltrane,"Wayne Shorter, Dave Liebman, Richie Beirach, Eddie Gomez, Jack DeJohnette",Tribute To John Coltrane (Select Live Under The Sky '87 10th Special),1999,quintet,https://www.youtube.com/watch?v=WXeng7h0AYg,"MR. P.C.---TRIBUTE TO JOHN COLTRANE(Liebman, Shorter,Beirach,Gomez, DeJohnette)",koolpaw,All-star tribute pairing India and Impressions,musicbrainz,796c261d-0023-4e92-8c5a-6d14cc3deada
iqYXCni06KY,Impressions,John Coltrane,Pat Martino,Consciousness,1974,guitar combo,https://www.youtube.com/watch?v=iqYXCni06KY,"""Impressions"" - Pat Martino (Jazz Guitar Transcription)",Let's Transcribe,Fiery guitar interpretation in the modal tradition,musicbrainz,917580b5-834c-4d3a-9495-d9f0d105f4ac
9ViNtwMk9Gg,In A Mellow Tone,Duke Ellington,Duke Ellington and His Famous Orchestra,In a Mellotone / Rumpus in Richmond,1940,big band,https://www.youtube.com/watch?v=9ViNtwMk9Gg,In a Mellow Tone - Duke Ellington - Arr. Oliver Nelson,Jonny Vaux,"The original 1940 Ellington recording, the definitive source",musicbrainz,0d8187d0-854e-4221-adc4-95a49663020b
Dh8Qjrtoa_s,In A Mellow Tone,Duke Ellington,Oscar Peterson Trio,The Complete Clef/Mercury Studio Recordings of the Oscar Peterson Trio (1951–1953),2008,piano trio,https://www.youtube.com/watch?v=Dh8Qjrtoa_s,In a mellow tone - Oscar Peterson full trio transcription,the Higgs-file,Swinging trio interpretation by a master pianist,musicbrainz,0f7095f5-dbce-42ac-84d4-540c00d2ebac
QtRFw53nrlE,In A Mellow Tone,Duke Ellington,Ella Fitzgerald,Ella Fitzgerald Sings the Duke Ellington Song Book,1957,vocal with big band,https://www.youtube.com/watch?v=QtRFw53nrlE,In a Mellow Tone,Ella Fitzgerald,Definitive vocal version from the Ellington Songbook,musicbrainz,75ce8b4e-a994-438e-8e46-b78b5455b6c1
UGIYaqz5rI0,In A Mellow Tone,Duke Ellington,Louis Armstrong & Duke Ellington,The Great Summit: The Master Takes,2000,vocal/trumpet with combo,https://www.youtube.com/watch?v=UGIYaqz5rI0,"Louis Armstrong & Duke Ellington ""In A Mellow Tone"" on The Ed Sullivan Show",The Ed Sullivan Show,Historic summit pairing of two giants,musicbrainz,52cde003-446c-4663-a515-eb987a1d28a8
aJZ6VGKxCQM,In A Mellow Tone,Duke Ellington,"Ben Webster, Kenny Drew Trio",Live in Denmark,2009,tenor sax with rhythm,https://www.youtube.com/watch?v=aJZ6VGKxCQM,In A Mellotone,Release - Topic,Webster's warm tenor on an Ellington classic he helped originate,musicbrainz,6a23304b-2c0a-4701-84bf-eb4340797103
fSLKtkU16YQ,In A Mellow Tone,Duke Ellington,Wes Montgomery & Clark Terry,Wes Montgomery and the Billy Taylor Trio,2006,guitar with trumpet quintet,https://www.youtube.com/watch?v=fSLKtkU16YQ,In A Mellow Tone,Release - Topic,Notable guitar-trumpet treatment,musicbrainz,92185c52-bcaa-4e44-ba26-eaca45b81b69
waq7Elk4gQI,In A Mellow Tone,Duke Ellington,Coleman Hawkins,The Genius of Coleman Hawkins,1997,tenor sax combo,https://www.youtube.com/watch?v=waq7Elk4gQI,Coleman Hawkins - In A Mellow Tone,Heinz Becker,Tenor sax giant's robust reading,musicbrainz,65d89891-535d-467e-882c-2bc51779ba4d
KszuEBB7B-I,In A Mellow Tone,Duke Ellington,Count Basie & His Orchestra,Complete Live at the Americana Hotel 1959 (1),2011,big band,https://www.youtube.com/watch?v=KszuEBB7B-I,Count Basie - In A Mellow Tone,Thiago Alves,Powerhouse big band swing arrangement,musicbrainz,88a4bc9b-bdce-4916-8945-514125b09ccd
sCQfTNOC5aE,In A Sentimental Mood,Duke Ellington,Duke Ellington & His Orchestra,16 Most Requested Songs,1994,big band,https://www.youtube.com/watch?v=sCQfTNOC5aE,Duke Ellington & John Coltrane - In a sentimental mood,nardewww,Original 1935 Ellington recording of his own composition,musicbrainz,36e38d42-e099-458a-8f06-e9b4a4721c81
sCQfTNOC5aE,In A Sentimental Mood,Duke Ellington,Duke Ellington & John Coltrane,Duke Ellington & John Coltrane,1963,quartet (sax with piano trio),https://www.youtube.com/watch?v=sCQfTNOC5aE,Duke Ellington & John Coltrane - In a sentimental mood,nardewww,"The definitive, most beloved version of this standard",musicbrainz,bf3e74f9-5930-4b22-98d2-75e4ca1a23fc
aIdSzFd8t7A,In A Sentimental Mood,Duke Ellington,Art Tatum,The Complete Pablo Group Masterpieces,1991,solo piano,https://www.youtube.com/watch?v=aIdSzFd8t7A,In a Sentimental Mood Art Tatum 1953 (Piano Transcription),Freddy Pérez Ortiz,Virtuosic solo piano interpretation,musicbrainz,1d41f3d3-33c1-4102-a168-3772e0ad4491
1gOij0El_IY,In A Sentimental Mood,Duke Ellington,Ella Fitzgerald,Ella Fitzgerald Sings the Duke Ellington Song Book,1957,vocal with orchestra,https://www.youtube.com/watch?v=1gOij0El_IY,Ella Fitzgerald - In a sentimental mood,Marcelo Maldonado,Definitive vocal reading from her Ellington songbook,musicbrainz,3fa2618c-26e6-45fe-9315-bf24e52c683e
Xm-9qQu8yKA,In A Sentimental Mood,Duke Ellington,Sonny Rollins & Modern Jazz Quartet,Sonny Rollins With the Modern Jazz Quartet,1956,quintet (tenor sax with vibes quartet),https://www.youtube.com/watch?v=Xm-9qQu8yKA,Sonny Rollins with the Modern Jazz Quartet - In a Sentimental Mood,60otaku4,Rollins fronting the MJQ,musicbrainz,fbab66a9-7104-4c29-9c08-d9e13a4dcfa9
UJRqhTi81vs,In A Sentimental Mood,Duke Ellington,Ben Webster,For the Guv'nor,1969,tenor saxophone with rhythm section,https://www.youtube.com/watch?v=UJRqhTi81vs,BEN WEBSTER: «In a Sentimental Mood» (1969),poncela50,"Webster's breathy, romantic tenor ideal for the ballad",musicbrainz,447f6c5c-b1cc-430c-834e-bb8064a06616
0d6auI6qUmw,In A Sentimental Mood,Duke Ellington,McCoy Tyner,Atlantis,1974,piano trio,https://www.youtube.com/watch?v=0d6auI6qUmw,Sonny Rollins and McCoy Tyner - In a Sentimental Mood,Ellington Reflections,Coltrane-associated pianist's lyrical take,musicbrainz,a4ad8207-4589-4c6f-a93a-7c51d13c4187
SEmYi_S_u9o,In A Sentimental Mood,Duke Ellington,Kenny Burrell,"Ellington Is Forever, Volume Two",1977,jazz guitar with combo,https://www.youtube.com/watch?v=SEmYi_S_u9o,Kenny Burell Quartet - In a sentimental mood (live),Guillaume Desdoigts,Guitar version from Burrell's Ellington tribute,musicbrainz,b5958470-4575-48b4-83de-6fee8484ed6d
NwzLGx8klcc,In Your Own Sweet Way,Dave Brubeck,The Dave Brubeck Quartet,Dave Brubeck and Jay & Kai at Newport,1956,piano quartet,https://www.youtube.com/watch?v=NwzLGx8klcc,Dave Brubeck Quartet   In Your Own Sweet Way Belgium 1964   YouTube,ronbweather,The composer's own definitive reading of his standard,musicbrainz,58db2f0c-c1b4-4e32-a80c-66648e14522f
YjR2McDgmqE,In Your Own Sweet Way,Dave Brubeck,Miles Davis Quintet,Workin’ With the Miles Davis Quintet,1959,quintet,https://www.youtube.com/watch?v=YjR2McDgmqE,3   In Your Own Sweet Way by Miles Davis from 'Workin' With The Miles Davis Quintet',Miles Davis,Landmark hard-bop version that popularized the tune,musicbrainz,24e2b1c6-9073-4651-9e25-060f13de0bd6
GlHsckrAAa4,In Your Own Sweet Way,Dave Brubeck,Bill Evans Trio,The Complete Riverside Recordings,1991,piano trio,https://www.youtube.com/watch?v=GlHsckrAAa4,Bill Evans Trio - In Your Own Sweet Way [Take 1] (Official Visualizer),Bill Evans,"Lyrical, harmonically rich trio interpretation",musicbrainz,817da9a8-cb1d-4875-bc4d-51d8ed096841
kKGuEhRHTac,In Your Own Sweet Way,Dave Brubeck,Wes Montgomery,The Incredible Jazz Guitar of Wes Montgomery,1960,guitar quartet,https://www.youtube.com/watch?v=kKGuEhRHTac,Wes Montgomery - In Your Own Sweet Way (Official Audio),Wes Montgomery,Influential guitar reading of the standard,musicbrainz,901dbd94-9605-47d2-9040-28b818bede47
45gJEmsIu-g,In Your Own Sweet Way,Dave Brubeck,"Kai Winding, J.J. Johnson, Dave Brubeck",Dave Brubeck and Jay & Kai At Newport,1956,trombone group with rhythm,https://www.youtube.com/watch?v=45gJEmsIu-g,"In Your Own Sweet Way (feat. J.J. Johnson, Kai Winding) (Remastered)",Dave Brubeck,Notable trombone-led take with the composer on piano,musicbrainz,af8e5e79-d6fb-40bd-8aed-1cf1cb705064
uXTwh2AsZ4g,In Your Own Sweet Way,Dave Brubeck,The Stan Getz Quartet,At Large PLUS! Volume 1,1991,saxophone quartet,https://www.youtube.com/watch?v=uXTwh2AsZ4g,"In Your Own Sweet Way (Live In Kildevælds Church, Copenhagen, Denmark / 1960)",Stan Getz,Warm tenor saxophone version,musicbrainz,f9a44de0-a665-4e34-98eb-728405ebf5de
K3Z7LFUObXA,In Your Own Sweet Way,Dave Brubeck,Keith Jarrett,Live at Open Theater East,2001,piano trio,https://www.youtube.com/watch?v=K3Z7LFUObXA,Keith Jarrett Trio - In Your Own Sweet Way,barkofink,Modern Standards Trio interpretation,musicbrainz,df10bb52-304d-441b-ad91-c7b37257b441
jjb88v-ImO4,In Your Own Sweet Way,Dave Brubeck,Chet Baker Trio,Someday My Prince Will Come,,trumpet trio,https://www.youtube.com/watch?v=jjb88v-ImO4,Chet Baker - In Your Own Sweet Way,Frottola,"Lyrical, intimate trumpet rendition",musicbrainz,c498ae27-d640-4df0-85a3-fe6a45b70fc8
6nsJtrTpewU,Invitation,Bronislau Kaper,John Coltrane,Standard Coltrane,1962,saxophone quintet,https://www.youtube.com/watch?v=6nsJtrTpewU,Invitation,John Coltrane,Early modal-leaning reading by Coltrane on the tune,musicbrainz,c1d37312-806d-4bf5-bc12-c079fb350236
oqB-sz2SBsg,Invitation,Bronislau Kaper,Joe Henderson,In Pursuit of Blackness,1971,saxophone quartet,https://www.youtube.com/watch?v=oqB-sz2SBsg,Joe Henderson - Invitation,Praguedive,"Definitive hard-bop tenor interpretation, a touchstone version",musicbrainz,94fb7780-58ea-41f0-b82c-c48b6d1b6b7a
DNznxukhejM,Invitation,Bronislau Kaper,Milt Jackson,Invitation,1963,vibraphone sextet,https://www.youtube.com/watch?v=DNznxukhejM,Milt Jackson Sextet - Invitation,GotYouFish,Title-track sextet performance featuring Jimmy Heath arrangement,musicbrainz,4d42e369-4854-4ee9-b077-e28126715cc9
aPHEB4kNInU,Invitation,Bronislau Kaper,Jaco Pastorius,Punk Jazz: The Jaco Pastorius Anthology,2003,big band,https://www.youtube.com/watch?v=aPHEB4kNInU,Jaco Pastorius Big Band - Live In Japan 1982 (Stereo) - 01.Invitation,askg ask,Iconic large-ensemble live arrangement showcasing the bassist,musicbrainz,86b74b1a-648f-4fb8-9f01-faa9ac1ef432
Jy6yPKCfgPQ,Invitation,Bronislau Kaper,Dexter Gordon,Something Different,1988,saxophone quartet,https://www.youtube.com/watch?v=Jy6yPKCfgPQ,Invitation,Dexter Gordon - Topic,Robust tenor quartet rendition from Gordon's European period,musicbrainz,a0979339-563a-46d0-bd85-23e855bdfeaf
lbXNTPwlR78,Invitation,Bronislau Kaper,Sarah Vaughan,You’re Mine You,1962,vocal with trio,https://www.youtube.com/watch?v=lbXNTPwlR78,"Invitation / Sarah Vaughan Gm(원키, 여성)키 #MR #노래방 #반주 #karaoke",Pop Song MR TV,Lush vocal interpretation by a master balladeer,musicbrainz,2176bc38-d353-4d3f-909b-b1ee37df312e
CRp0aChFQQc,Invitation,Bronislau Kaper,Bill Evans & Eddie Gomez,Complete Fantasy Recordings,1989,piano-bass duo,https://www.youtube.com/watch?v=CRp0aChFQQc,Invitation,Bill Evans,Intimate duo reading by the influential pianist,musicbrainz,191caa63-c9d2-4574-9801-58d38e1c3405
DDVbdRqQ_qs,Invitation,Bronislau Kaper,Kenny Barron,Invitation,1991,piano quartet,https://www.youtube.com/watch?v=DDVbdRqQ_qs,Invitation,Kenny Barron - Topic,Elegant modern piano-led treatment of the standard,musicbrainz,619b7910-0cca-4ac5-b9fa-d9157731ea9c
pvqyK2j_6b4,It Could Happen To You,Jimmy Van Heusen,Miles Davis Quintet,Relaxin' With the Miles Davis Quintet,1958,quintet,https://www.youtube.com/watch?v=pvqyK2j_6b4,The Miles Davis Quintet - It Could Happen To You from Relaxin' With The Miles Davis Quintet,Miles Davis,Iconic hard bop quintet reading with Coltrane and Garland,musicbrainz,5352e5d2-3ec5-4d6d-a454-b257ec40711d
-CBcJ59t4E4,It Could Happen To You,Jimmy Van Heusen,Sonny Rollins,The Sound of Sonny,1957,tenor saxophone quartet,https://www.youtube.com/watch?v=-CBcJ59t4E4,It Could Happen To You (2007 Re-master),Sonny Rollins,Famous unaccompanied/sparse Rollins ballad interpretation,musicbrainz,21e45751-827d-4c9b-bde3-53e2253fdd0a
hgKa8Sm2rUY,It Could Happen To You,Jimmy Van Heusen,The Bud Powell Trio,Winter Broadcasts 1953,1993,piano trio,https://www.youtube.com/watch?v=hgKa8Sm2rUY,It Could Happen To You (Remastered 1994),Bud Powell Trio - Topic,Landmark bebop piano trio take,musicbrainz,0849b82d-cf5b-47a9-b382-147eeac4f586
lBm8R6mRBss,It Could Happen To You,Jimmy Van Heusen,"Bill Evans, Eddie Gomez, Jack DeJohnette",Some Other Time: The Lost Session From the Black Forest,2016,piano trio,https://www.youtube.com/watch?v=lBm8R6mRBss,It Could Happen To You,Bill Evans,"Lyrical Evans trio version, Grammy-winning live set",musicbrainz,91a64c06-a5fb-4ebc-b982-6b3bbb86e72e
xqwZJwakaIk,It Could Happen To You,Jimmy Van Heusen,Chet Baker,It Could Happen to You: Chet Baker Sings,1958,vocal with trumpet,https://www.youtube.com/watch?v=xqwZJwakaIk,Chet Baker - It Could Happen To You (Official Audio),Chet Baker,Tender vocal-and-trumpet West Coast rendition,musicbrainz,2a22605a-6b2c-43fc-bc47-ec7b25ad89cf
4LP1ubu2dhA,It Could Happen To You,Jimmy Van Heusen,Frank Sinatra,Unheard Frank Sinatra Vol. 1 - As Time Goes By,1990,vocal with orchestra,https://www.youtube.com/watch?v=4LP1ubu2dhA,Frank Sinatra - It could happen to you,Marcelo Maldonado,Definitive vocal interpretation,musicbrainz,fd3581ae-24e5-45d6-bc9b-32ad4ca58673
3Ledy7re908,It Could Happen To You,Jimmy Van Heusen,Erroll Garner,Long Ago and Far Away,1987,solo piano/trio,https://www.youtube.com/watch?v=3Ledy7re908,Erroll Garner - It Could Happen to You (Official Audio),Mack Avenue,"Swinging, ornate Garner treatment",musicbrainz,debbf1bb-5a36-4ea6-8545-71e6243661df
H150vT7zHpQ,It Could Happen To You,Jimmy Van Heusen,"Keith Jarrett, Gary Peacock, Jack DeJohnette",Tokyo '96,1998,piano trio,https://www.youtube.com/watch?v=H150vT7zHpQ,It Could Happen To You,Keith Jarrett,Modern Standards Trio interpretation,musicbrainz,058a967c-a132-45e4-ae9d-d5696687e989
iN7cuJtbVfM,It Don't Mean A Thing,Duke Ellington,Earl Hines,Earl Hines Plays Duke Ellington Volume Two,1997,solo piano,https://www.youtube.com/watch?v=iN7cuJtbVfM,"It Don't Mean a Thing - Earl Hines Plays Duke Ellington, Vol. II",New World Records / CRi,Masterful solo piano reinterpretation by a stride/swing piano legend,musicbrainz,17994397-cdfd-4521-9b63-a4216fb8608a
,It Don't Mean A Thing,Duke Ellington,"Duke University Chorale, Rodney Wynkoop",I’m Gonna Sing ’Til the Spirit Moves in My Heart,2001,choral ensemble,,,,A cappella choral arrangement showcasing the tune's vocal adaptability,musicbrainz,1115cd09-6e1b-4da2-8c42-0aa89b952b61
jzjfL7h9KTw,It Don't Mean A Thing,Duke Ellington,Duke Ellington and His Orchestra,It Don't Mean a Thing (If It Ain't Got That Swing),1932,big band with vocal,https://www.youtube.com/watch?v=jzjfL7h9KTw,"It Don't Mean a Thing (If It Ain't Got That Swing), arr. Ralph Ford – Score & Sound",Alfred Music Jazz,The original 1932 recording with Ivie Anderson on vocals that named the swing era,claude,
myRc-3oF1d0,It Don't Mean A Thing,Duke Ellington,Ella Fitzgerald,Ella Fitzgerald Sings the Duke Ellington Song Book,1957,vocal with big band,https://www.youtube.com/watch?v=myRc-3oF1d0,"Ella Fitzgerald and Duke Ellington ""It Don't Mean A Thing (If It Ain't Got That Swing)""",The Ed Sullivan Show,Definitive vocal version from Ella's landmark Ellington songbook,claude,
G6Z6ZYNyQbE,It Might As Well Be Spring,Richard Rodgers,Stan Getz Quartet,The Chronological Classics: Stan Getz 1951,2003,saxophone quartet,https://www.youtube.com/watch?v=G6Z6ZYNyQbE,"It Might As Well Be Spring (Live At Café Au Go-Go,1964)",Stan Getz,"Definitive lyrical tenor reading, an oft-cited instrumental version",musicbrainz,1e91d07e-cf1e-48fe-83ce-6de84915da58
g5TMvOYgcR0,It Might As Well Be Spring,Richard Rodgers,Clifford Brown & Max Roach,Verve Jazz Masters 44,1995,quintet,https://www.youtube.com/watch?v=g5TMvOYgcR0,It Might As Well Be Spring / Clifford Brown - The Paris Collection,MINICQQPER,Hard bop landmark with brilliant trumpet phrasing,musicbrainz,faf6488f-836b-452c-9c7f-770f2ee7fe42
FSqyXT9krro,It Might As Well Be Spring,Richard Rodgers,Sarah Vaughan,The Chronological Classics: Sarah Vaughan 1944-1946,1997,vocal with orchestra,https://www.youtube.com/watch?v=FSqyXT9krro,Sarah Vaughan - It Might as Well Be Spring,Music Legends Book,"Lush, virtuosic vocal interpretation",musicbrainz,f3e0bdae-c5e9-4ca5-bfb1-3d88bfbf0cfb
CzIrtTX0uek,It Might As Well Be Spring,Richard Rodgers,"Ella Fitzgerald, André Previn and His Orchestra",Sweet and Hot,1955,vocal with orchestra,https://www.youtube.com/watch?v=CzIrtTX0uek,It Might As Well Be Spring (feat. Ella Fitzgerald),André Previn - Topic,From the celebrated songbook series,musicbrainz,e49d36a5-dd3a-409f-8202-4ea357bd0d50
Pp-SfTpuJA0,It Might As Well Be Spring,Richard Rodgers,The Oscar Peterson Trio,The Complete Clef/Mercury Studio Recordings of the Oscar Peterson Trio (1951–1953),2008,piano trio,https://www.youtube.com/watch?v=Pp-SfTpuJA0,It Might As Well Be Spring,Oscar Peterson (The Estate of Oscar Peterson),"Swinging, polished trio rendition",musicbrainz,71dc0610-5d1b-4edc-bd9d-4fe3b437c762
HtZN-fEm96Y,It Might As Well Be Spring,Richard Rodgers,Bill Evans Trio,Moon Beams,1962,piano trio,https://www.youtube.com/watch?v=HtZN-fEm96Y,The Bill Evans Trio - It Might As Well Be Spring (Official Visualizer),Bill Evans,Introspective interplay-driven trio version,musicbrainz,77dfb21a-6791-4c29-88ef-86a6e47afeae
g34V9s9YjnE,It Might As Well Be Spring,Richard Rodgers,Astrud Gilberto,Compact Jazz: Astrud Gilberto,1987,vocal with orchestra,https://www.youtube.com/watch?v=g34V9s9YjnE,It Might As Well Be Spring,Astrud Gilberto,Bossa nova-flavored vocal reading,musicbrainz,ee1cf806-dee9-4fca-a6ac-a40069f8f02a
IenmkFNhEJA,It Might As Well Be Spring,Richard Rodgers,"Keith Jarrett, Charlie Haden",Last Dance,2014,piano and bass duo,https://www.youtube.com/watch?v=IenmkFNhEJA,It Might As Well Be Spring,Keith Jarrett,Intimate modern duo interpretation,musicbrainz,6154cfcc-edaa-43a1-87d0-15a3920fdc83
dnK6OHPQZbA,Joy Spring,Clifford Brown,Clifford Brown & Max Roach,Jordu,2005,quintet,https://www.youtube.com/watch?v=dnK6OHPQZbA,Clifford Brown & Max Roach - Joy Spring,Santoszzz,The original definitive recording by the composer's quintet,musicbrainz,70c1bd61-4fd2-4f8f-b684-b13619110a62
mK43Rt8ahOY,Joy Spring,Clifford Brown,"Clifford Brown, Zoot Sims",Jazz Immortal,1954,quintet with two horns,https://www.youtube.com/watch?v=mK43Rt8ahOY,Joy Spring / CLIFFORD BROWN  jazz immortal  FEATURING  ZOOT SIMS,MINICQQPER,West Coast session featuring Brown with Zoot Sims,musicbrainz,c0054e1c-9ec3-4b04-963b-56d5c1de85f3
AIlDkJht3oM,Joy Spring,Clifford Brown,The Stan Getz Quartet,The Dolphin,1981,saxophone quartet,https://www.youtube.com/watch?v=AIlDkJht3oM,"The Stan Getz Quartet ""Joy Spring""",JazzyEdu,Lyrical tenor saxophone reading of the tune,musicbrainz,cccce2d8-890b-4dbf-816e-34b3c662669f
98CLnPEbCLY,Joy Spring,Clifford Brown,Freddie Hubbard,Born to Be Blue,1982,quintet,https://www.youtube.com/watch?v=98CLnPEbCLY,Freddie Hubbard - Joy Spring,Austin Casey,Trumpet tribute carrying the Brownie lineage,musicbrainz,017459d2-d6bd-4b8a-9cb6-4c7bd10bd157
Em4EFWrQSEY,Joy Spring,Clifford Brown,The Oscar Peterson Trio,On the Town With the Oscar Peterson Trio,2001,piano trio,https://www.youtube.com/watch?v=Em4EFWrQSEY,Joy Spring,Oscar Peterson (The Estate of Oscar Peterson),Polished piano-trio interpretation,musicbrainz,a0c27189-66ee-4a08-97df-59888f56ba39
Sm2xMvSk96U,Joy Spring,Clifford Brown,McCoy Tyner,Things Ain't What They Used to Be,1989,piano-led ensemble,https://www.youtube.com/watch?v=Sm2xMvSk96U,"Joy Spring (Live At Merkin Hall, NYC / 1989)",McCoy Tyner Trio - Topic,Powerful modern pianistic take,musicbrainz,28c111aa-6f9d-463c-a6ef-6683a10f5c9e
OeqC-LP8_oY,Joy Spring,Clifford Brown,Helen Merrill,Brownie: Homage to Clifford Brown,1994,vocal with ensemble,https://www.youtube.com/watch?v=OeqC-LP8_oY,Joy Spring,Helen Merrill - Topic,Notable vocal version of the standard,musicbrainz,90ca2602-0e4e-4dc0-8230-a1d877d78727
i7equj-RvaA,Joy Spring,Clifford Brown,Barney Kessel,The Artistry of Barney Kessel,1986,guitar quartet,https://www.youtube.com/watch?v=i7equj-RvaA,Barney Kessel - Joy Spring (live),Joseph Passadena,Swinging guitar-led interpretation,musicbrainz,96c272df-57f0-4233-bf21-8f91aef76eeb
DmRkZeGFONg,Just Friends,John Klenner,Charlie Parker,Boss Bird!,1998,alto saxophone with strings,https://www.youtube.com/watch?v=DmRkZeGFONg,Charlie Parker with Strings - Just Friends,Roberto Massafra,"Definitive performance, one of Bird's most celebrated solos",musicbrainz,1d970da2-8de9-48b5-ba42-4c6080862167
70eiPAom-Ng,Just Friends,John Klenner,Sarah Vaughan,Summertime,1984,vocal with orchestra,https://www.youtube.com/watch?v=70eiPAom-Ng,Sarah Vaughan - Just Friends (Columbia Records 1949),RoundMidnightTV,Landmark vocal interpretation,musicbrainz,eb072b99-e625-4021-9839-5c59a2f41c1f
6dXYVhhp45U,Just Friends,John Klenner,Chet Baker Quartet,"Sings and Plays With Bud Shank, Russ Freeman and Strings",1955,trumpet quartet,https://www.youtube.com/watch?v=6dXYVhhp45U,"Chet Baker live in Isernia 1981 - ""Just Friends"" (Exclusive - Very Rare Live Version)",HandEye Family,Cool-school West Coast reading,musicbrainz,79c49bcd-91f8-4ea3-9954-6d93aa84e389
UFtDg4z4dV8,Just Friends,John Klenner,"Bill Evans, Warne Marsh, Jimmy Garrison, Paul Motian",Live at the Half Note,2008,quintet,https://www.youtube.com/watch?v=UFtDg4z4dV8,Just Friends,Warne Marsh - Topic,Pairing of Evans and Marsh in a Tristano-influenced lineage,musicbrainz,d6f271d0-c58e-4c08-8a0f-6fa186153a83
jhb96V5Tk6w,Just Friends,John Klenner,"Wes Montgomery, Clark Terry",Wes Montgomery and the Billy Taylor Trio,2006,guitar with quintet,https://www.youtube.com/watch?v=jhb96V5Tk6w,Just Friends,Lou Donaldson Quintet - Topic,Wes's swinging guitar take with Clark Terry,musicbrainz,15509dd8-fb19-41b8-9f7f-082c8db73233
qgGWi4qEaOE,Just Friends,John Klenner,"Lee Konitz, Charlie Haden",Sweet & Lovely,1997,saxophone duo with bass,https://www.youtube.com/watch?v=qgGWi4qEaOE,Just Friends ---Lee Konitz &  Charlie Haden /1996,ibizamore,Intimate duo from the cool/Tristano tradition,musicbrainz,e23cff8a-3321-4412-a580-ed853e1f8b9f
g-QUbHfnj-A,Just Friends,John Klenner,"Sonny Rollins, Coleman Hawkins",Sonny Meets Hawk!,1963,two tenor saxophones with rhythm,https://www.youtube.com/watch?v=g-QUbHfnj-A,Sonny Rollins/Coleman Hawkins (1963) [JUST FRIENDS],JGC History,Cross-generational tenor summit,musicbrainz,37c7c408-265c-4327-b2bb-a5d292ad70c2
DqCM-qeS1Lo,Just Friends,John Klenner,Oscar Peterson,Oscar Peterson in Russia,1996,piano trio,https://www.youtube.com/watch?v=DqCM-qeS1Lo,Just Friends (Remastered),Oscar Peterson (The Estate of Oscar Peterson),Virtuosic swinging trio rendition,musicbrainz,e659156d-2336-4288-ba9a-3b7ab655f4c2
chJgX7KzxlA,Lady Bird,Tadd Dameron,Tadd Dameron Sextet,The Smithsonian Collection of Classic Jazz,1973,sextet,https://www.youtube.com/watch?v=chJgX7KzxlA,Lady Bird by Tadd Dameron Sextet with Fats Navarro,Mike Y,Composer's own definitive reading of his tune,musicbrainz,77467301-b079-4f83-917a-378402abcc17
chJgX7KzxlA,Lady Bird,Tadd Dameron,Fats Navarro,Fats Navarro Memorial Album,1951,sextet,https://www.youtube.com/watch?v=chJgX7KzxlA,Lady Bird by Tadd Dameron Sextet with Fats Navarro,Mike Y,Classic bebop trumpet feature with Dameron,musicbrainz,383e00f1-4dee-4aab-b402-dc0934a65449
uCFhd9Vt9fc,Lady Bird,Tadd Dameron,Miles Davis / Tadd Dameron Quintet,"In Paris Festival International De Jazz - May, 1949",1977,quintet,https://www.youtube.com/watch?v=uCFhd9Vt9fc,Lady Bird (feat. Tadd Dameron),Miles Davis,Historic 1949 Paris festival performance,musicbrainz,5c3698f8-4e21-47a2-a4bf-831a302af63d
r0vhqDCy9eQ,Lady Bird,Tadd Dameron,Dexter Gordon,More Power!,1969,quartet,https://www.youtube.com/watch?v=r0vhqDCy9eQ,"Dexter Gordon -Lady Bird  (Belgium, 1964) [1/2]",Julio Cortázar,Robust tenor saxophone interpretation,musicbrainz,0f8f363a-d13a-4be5-90fb-37c31b0bd0b8
RJ6NUhttHO8,Lady Bird,Tadd Dameron,Chet Baker Quartet,The Complete Pacific Jazz Live Recordings of the Chet Baker Quartet With Russ Freeman,1989,quartet,https://www.youtube.com/watch?v=RJ6NUhttHO8,Lady Bird (feat. Gerry Mulligan),Chet Baker,Cool-toned trumpet rendition,musicbrainz,edd873e6-48fd-4bef-aa7a-ea08de66e149
fuMNjmN51Hk,Lady Bird,Tadd Dameron,Bud Powell,The Best of Bud Powell on Verve,1994,piano trio,https://www.youtube.com/watch?v=fuMNjmN51Hk,"Bud Powell ""Lady Bird"" Piano Transcription",AT Jazz Piano Transcription,Quintessential bebop piano trio version,musicbrainz,cee6681b-4548-4ef9-aeba-4764790a0886
Dwg4fTDaeCw,Lady Bird,Tadd Dameron,Tete Montoliu Trio,"Catalonian Nights, Volume 1",1989,piano trio,https://www.youtube.com/watch?v=Dwg4fTDaeCw,Ladybird (Live),Tete Montoliu - Topic,Virtuosic European piano trio take,musicbrainz,034e4470-3824-48ff-8a68-afd64a6c15f9
8xW7ll2mgHk,Lady Bird,Tadd Dameron,Dameronia,Live At The Theatre Boulogne-Paris,1994,big band,https://www.youtube.com/watch?v=8xW7ll2mgHk,Lady Bird,Dameronia - Topic,Philly Joe Jones tribute ensemble honoring Dameron,musicbrainz,014854d1-440d-4953-96a7-f371a3e3a172
uC1Qt8Hwi54,Laura,David Raksin,Charlie Parker,The Charlie Parker Story #1,1957,alto saxophone with strings,https://www.youtube.com/watch?v=uC1Qt8Hwi54,"Laura - Charlie Parker with Strings, Birdland 1951",EveningMelancholy,"Lush, definitive ballad reading in Bird's celebrated strings session",musicbrainz,92d8cb04-e6e5-4232-bf2f-0a61c1893048
sRA-WV01Ogk,Laura,David Raksin,Erroll Garner,"Errol Garner Playing Piano Solos, Vol. 2",1950,solo piano,https://www.youtube.com/watch?v=sRA-WV01Ogk,Erroll Garner - Laura [Jazz 625],Apolineo Dionisiaco,Early influential solo piano interpretation by a master balladeer,musicbrainz,4fb5ce7a-7746-447e-84e5-6399d8608390
Yv4MepFhr_M,Laura,David Raksin,Nat King Cole Trio,Penthouse Serenade,1952,piano trio with vocal,https://www.youtube.com/watch?v=Yv4MepFhr_M,Laura,Nat King Cole,Intimate Cole rendering of the famous film theme,musicbrainz,439a4af0-9806-456d-bfb3-b128416b1f04
O6_KA8lKdig,Laura,David Raksin,Woody Herman & His Orchestra,The Complete Columbia Recordings of Woody Herman and His Orchestra & Woodchoppers (1945–1947),2004,big band,https://www.youtube.com/watch?v=O6_KA8lKdig,LAURA ~ Woody Herman & his Orchestra (1945),MrRJDB1969,Hit big-band version from the year of the film,musicbrainz,45cb2b9f-63a7-4eef-abcf-95e5b5f9b774
6abYzamJ06g,Laura,David Raksin,Charlie Brown / Clifford Brown,With Strings,1955,trumpet with strings,https://www.youtube.com/watch?v=6abYzamJ06g,Laura / Clifford Brown,hk613,"Brownie's warm, lyrical trumpet ballad treatment",musicbrainz,b33b3244-ff19-4a4c-8fe8-a49b396ec792
4Rhv8PqbbVk,Laura,David Raksin,Gerry Mulligan Quartet,That Old Feeling,2007,pianoless baritone sax quartet,https://www.youtube.com/watch?v=4Rhv8PqbbVk,Laura,Gerry Mulligan - Topic,Cool-school counterpoint reading without piano,musicbrainz,3a6251c5-fe29-4f00-ab30-0c9063590352
e6D3QNdXMAQ,Laura,David Raksin,"Frank Sinatra, Axel Stordahl & His Orchestra",The Voice: Over Twenty Years in Music 1939-1960,2012,vocal with orchestra,https://www.youtube.com/watch?v=e6D3QNdXMAQ,Laura (feat. Axel Stordahl and His Orchestra),Frank Sinatra,Definitive vocal interpretation with Stordahl's lush arrangement,musicbrainz,3c29f3fd-aec7-4a80-ba60-3690dd80a55a
1jnSC4DTHS8,Laura,David Raksin,Jimmy Smith,Cherokee,1996,organ combo,https://www.youtube.com/watch?v=1jnSC4DTHS8,Laura,Jimmy Smith - Topic,Soulful Hammond B-3 take on the standard,musicbrainz,c53a4a57-b492-45f1-b220-3143322dcee0
qnJzcUu0rXg,Like Someone In Love,Jimmy Van Heusen,John Coltrane,Lush Life,1961,"saxophone trio (sax, bass, drums)",https://www.youtube.com/watch?v=qnJzcUu0rXg,John Coltrane - Like Someone In Love (1958),Joe Kulik,"Famous pianoless trio rendition, a definitive jazz reading",musicbrainz,39e0d44e-65ee-404d-9409-a26e8ee71980
ZnD_rZmPZcs,Like Someone In Love,Jimmy Van Heusen,Bill Evans,New Jazz Conceptions,2009,solo piano,https://www.youtube.com/watch?v=ZnD_rZmPZcs,Bill Evans - Like Someone In Love (Official Audio),Bill Evans,Evans' lyrical harmonic approach to the tune,musicbrainz,ae3449f3-0ba8-4b74-a81e-d810d751968e
X4WaVLVPl2k,Like Someone In Love,Jimmy Van Heusen,Chet Baker,Chet Baker Sings,1956,vocal/trumpet with quartet,https://www.youtube.com/watch?v=X4WaVLVPl2k,Like Someone In Love (Vocal Version),Chet Baker,Iconic intimate vocal/trumpet version,musicbrainz,c278955a-547b-4e8f-8cb7-62279523b05f
z1wdTf3igAg,Like Someone In Love,Jimmy Van Heusen,Frank Sinatra,Swing Easy! / Songs for Young Lovers,1955,vocal with orchestra,https://www.youtube.com/watch?v=z1wdTf3igAg,"Frank Sinatra ""Like Someone In Love""",catman916,Definitive vocal interpretation of the standard,musicbrainz,329a60ab-261e-4779-94fc-9e81173ba14f
SH4_HNbyWt8,Like Someone In Love,Jimmy Van Heusen,Sonny Rollins Quintet,Quintet & Sextet,1988,saxophone quintet,https://www.youtube.com/watch?v=SH4_HNbyWt8,Like Someone In Love,Sonny Rollins,Hard-bop tenor treatment,musicbrainz,8ebe5450-358f-43fe-9c3d-bf2b17899d87
zXVKDEEnF1U,Like Someone In Love,Jimmy Van Heusen,The Oscar Peterson Trio,"Ljubljana, 1964",1996,piano trio,https://www.youtube.com/watch?v=zXVKDEEnF1U,Like Someone in Love (Live),Oscar Peterson (The Estate of Oscar Peterson),Polished swinging piano-trio version with Ray Brown and Ed Thigpen,musicbrainz,c78c1c84-6a79-41eb-8507-84a5af3ae59b
BawbiyzzsGs,Like Someone In Love,Jimmy Van Heusen,"Stan Getz, Kenny Barron",People Time,1992,saxophone and piano duo,https://www.youtube.com/watch?v=BawbiyzzsGs,"Like Someone In Love (Live At Jazzhus Montmartre, Copenhagen / March 5th 1991)",Stan Getz,Late-career intimate tenor/piano duo,musicbrainz,3a788f26-2b52-44a6-8ef5-ca9050a63945
6IvT4IQL3GA,Like Someone In Love,Jimmy Van Heusen,Björk,Celebrating Wood and Metal,1997,vocal with harp,https://www.youtube.com/watch?v=6IvT4IQL3GA,Björk - Like Someone In Love | Best Jazz For Chill Out,Chill Out Music,Distinctive modern pop/art reinterpretation,musicbrainz,9ac48e8a-73c4-4b4e-b9af-59523d6ec1d2
-i6wNgg5kq4,Love For Sale,Cole Porter,Miles Davis,Black Giants,1975,sextet,https://www.youtube.com/watch?v=-i6wNgg5kq4,Miles Davis - Love for Sale (Audio) (Official Audio),Miles Davis,"Modal-era Davis with Coltrane and Cannonball, propulsive reading",musicbrainz,a5caef0c-84ee-4190-8335-602e4a8480ff
euh2_RwW1Ew,Love For Sale,Cole Porter,Charlie Parker,The Chronological Classics: Charlie Parker 1952-1954,1952,quintet,https://www.youtube.com/watch?v=euh2_RwW1Ew,Love For Sale,Charlie Parker,Bebop benchmark interpretation,musicbrainz,d5cdc162-5a78-4d85-8a15-9d4389d7e6b3
Z3TTnMY9ptg,Love For Sale,Cole Porter,Cannonball Adderley,Somethin’ Else,1958,quintet,https://www.youtube.com/watch?v=Z3TTnMY9ptg,Love For Sale,Cannonball Adderley,Hard-bop classic with Miles Davis and Art Blakey,musicbrainz,d5e82ffa-d988-4022-bdee-31059f768b33
rYgklbb6BrA,Love For Sale,Cole Porter,Wes Montgomery,In the Beginning,2015,guitar quartet,https://www.youtube.com/watch?v=rYgklbb6BrA,Wes Montgomery - Love for sale,Σάκης,Definitive guitar treatment,musicbrainz,f2b748ce-45c2-4df3-86dc-fd9afbea1df4
O16wJqC-dQI,Love For Sale,Cole Porter,Art Tatum,20th Century Piano Genius,1996,solo piano,https://www.youtube.com/watch?v=O16wJqC-dQI,Love for Sale,Release - Topic,Virtuosic solo piano harmonic reinvention,musicbrainz,7ce7f33f-c733-45cd-ae4d-e15c20366df4
fduTAHV0M_g,Love For Sale,Cole Porter,Billie Holiday,From This Moment On,1994,vocal with orchestra,https://www.youtube.com/watch?v=fduTAHV0M_g,Billie Holiday (1952) [LOVE FOR SALE],JGC History,Landmark vocal reading of the risqué lyric,musicbrainz,90a9abac-3e4b-4f3e-8136-3d36780719f2
DbefFKarLE8,Love For Sale,Cole Porter,The Oscar Peterson Trio,1959,1994,piano trio,https://www.youtube.com/watch?v=DbefFKarLE8,Love For Sale,Oscar Peterson (The Estate of Oscar Peterson),Swinging trio with Ray Brown and Ed Thigpen,musicbrainz,e4eaf138-0076-4895-8b24-1368731105e1
qc6Y9YxXPgc,Love For Sale,Cole Porter,Cecil Taylor Trio,Love for Sale,1959,piano trio,https://www.youtube.com/watch?v=qc6Y9YxXPgc,Love for Sale,Cecil Taylor Trio - Topic,Avant-garde deconstruction of the standard,musicbrainz,5bb348bb-fee1-43fa-87e9-436b6bdd5980
0Hly6_fHkH8,Love Is Here To Stay,George Gershwin,Ella Fitzgerald & Louis Armstrong,Ella and Louis Again,1957,vocal duo with piano trio,https://www.youtube.com/watch?v=0Hly6_fHkH8,Love Is Here to Stay (feat. Louis Armstrong),Ella Fitzgerald,"Definitive vocal duet rendition, warm and iconic",musicbrainz,2ead5fc7-508c-42c3-b5e8-ed9c09c05070
qq57pw67ttw,Love Is Here To Stay,George Gershwin,Nat King Cole,Sings for Two in Love,1953,vocal with orchestra,https://www.youtube.com/watch?v=qq57pw67ttw,"Tony Bennett, Diana Krall - Love Is Here to Stay",Tony Bennett,Smooth canonical vocal interpretation,musicbrainz,0b8a9b73-8dd2-4473-b1fe-c2265a53b9bb
LuAZbw-099s,Love Is Here To Stay,George Gershwin,Clifford Brown,Together,2005,trumpet with strings,https://www.youtube.com/watch?v=LuAZbw-099s,Our Love Is Here To Stay / Clifford Brown + Eric Dolphy,MINICQQPER,Lyrical trumpet ballad with lush strings,musicbrainz,4d70892f-5097-4b2a-be5b-f0b496d76db3
UkV4L7kPOuY,Love Is Here To Stay,George Gershwin,Bill Evans Trio,"At Shelly’s Manne‐Hole, Hollywood, California",1966,piano trio,https://www.youtube.com/watch?v=UkV4L7kPOuY,Bill Evans Trio - Our Love Is Here To Stay (Official Visualizer),Bill Evans,Influential interactive piano trio reading,musicbrainz,0b71204e-4032-4342-81b7-6e18f05452df
betISckxhvI,Love Is Here To Stay,George Gershwin,Oscar Peterson,The Complete Quartets and Quintets with Oscar Peterson on Verve,1999,piano trio,https://www.youtube.com/watch?v=betISckxhvI,Oscar Peterson - Love Is Here To Stay (Piano Transcription),Daan Schreuder,Swinging virtuosic piano treatment,musicbrainz,b18af5c8-c4c4-4e2e-8a95-d2d380978e6d
Wi6f5YO6om0,Love Is Here To Stay,George Gershwin,Frank Sinatra,Songs for Swingin’ Lovers!,1956,vocal with orchestra,https://www.youtube.com/watch?v=Wi6f5YO6om0,Love Is Here To Stay (Remastered 1998),Frank Sinatra,Classic Sinatra phrasing of the lyric,musicbrainz,d99410d9-fd89-4ea8-8b5e-bfe57f382df9
nrK6iIGBDGg,Love Is Here To Stay,George Gershwin,Stan Getz,Stan Getz and the Cool Sounds,2002,tenor saxophone quartet,https://www.youtube.com/watch?v=nrK6iIGBDGg,Stan Getz Quartet - Love Is Here to Stay,rujazz,Lyrical cool-toned tenor version,musicbrainz,8ac56ae9-2730-4984-b83a-291a55d05014
lE_k3f1TpRQ,Love Is Here To Stay,George Gershwin,Sarah Vaughan,Gershwin Live!,1983,vocal with orchestra,https://www.youtube.com/watch?v=lE_k3f1TpRQ,But Not for Me / Love Is Here to Stay / Embraceable You / Someone to Watch Over Me,Michael Tilson Thomas - Topic,Rich vocal medley with full orchestra,musicbrainz,742153f3-0b48-414c-b742-eb698158218a
0rUBz28BL-A,Lover Man,Jimmy Davis,Billie Holiday,"Lover Man (Oh, Where Can You Be?) / That Ole Devil Called Love",1945,vocal with orchestra,https://www.youtube.com/watch?v=0rUBz28BL-A,Lover Man (feat. Toots Camarata and His Orchestra),Billie Holiday,The definitive vocal reading and signature hit that popularized the tune,musicbrainz,40ec12e0-2596-4b79-bad4-b4200bdef450
mJrhOjvDbtg,Lover Man,Jimmy Davis,Charlie Parker,The Complete Savoy and Dial Studio Recordings 1944-1948,2002,alto saxophone quintet,https://www.youtube.com/watch?v=mJrhOjvDbtg,Charlie Parker-Lover Man,Ma3FoisPlusEfficace,Famously harrowing performance recorded during Parker's breakdown,musicbrainz,966a4539-7049-41b7-b210-c5c128855416
4CTap8Pm9jE,Lover Man,Jimmy Davis,"Sarah Vaughan, Dizzy Gillespie & His All Star Quintette",The Jazz Collector Edition,1991,vocal with bebop quintet,https://www.youtube.com/watch?v=4CTap8Pm9jE,"Dizzy Gillespie feat. Sarah Vaughn - Lover Man (Oh, Where Can You Be)",Classic Mood Experience,Landmark early bebop vocal with Bird and Dizzy in the band,musicbrainz,11832d18-5835-49a3-925e-975394179248
89zDxsjyS14,Lover Man,Jimmy Davis,"Charlie Parker, Dizzy Gillespie and His Orchestra","The Unheard Charlie Parker: Bird Seed, Volume One",1995,bebop quintet,https://www.youtube.com/watch?v=89zDxsjyS14,Lover Man,Dizzy Gillespie - Topic,Classic Parker-Gillespie collaboration of the standard,musicbrainz,be4846a0-d9ea-4ee9-90a4-31d9e9e53d6c
lkmuGdECXfs,Lover Man,Jimmy Davis,The Clifford Brown–Max Roach Quintet,More Live at The Bee Hive,2006,trumpet quintet,https://www.youtube.com/watch?v=lkmuGdECXfs,Lover Man,Clifford Brown - Topic,Brownie's lyrical hard-bop trumpet feature,musicbrainz,b8db385a-845e-434d-98ba-08a9bcf7bdc4
nulOncsGmMg,Lover Man,Jimmy Davis,Bud Powell,Live at Birdland 1957,2013,piano trio,https://www.youtube.com/watch?v=nulOncsGmMg,Lover Man,Bud Powell Trio - Topic,Definitive bebop piano interpretation,musicbrainz,710b2db6-af1c-4c04-bf8e-f15af518748a
sWR2i0P6_DM,Lover Man,Jimmy Davis,Art Pepper,Everything Happens To Me: 1959 - Live At The Cellar,2026,alto saxophone quartet,https://www.youtube.com/watch?v=sWR2i0P6_DM,"Art Pepper & George Cables - Lover Man (Oh, Where Can You Be?) (Official Audio)",Art Pepper,Emotionally intense West Coast alto ballad performance,musicbrainz,4f7ac655-e6e6-4697-9255-e76e6d36355d
5GGgxAtCP_c,Lover Man,Jimmy Davis,Bill Evans Trio,Time Remembered,1999,piano trio,https://www.youtube.com/watch?v=5GGgxAtCP_c,Bill Evans Trio - Lover Man,The Pleasure of Jazz,Introspective harmonic reworking by the master pianist,musicbrainz,02a2373f-112b-43bb-8bf3-f6df70c6f052
2gbaLitmPUc,Lullaby Of Birdland,George Shearing,George Shearing Quintet,History of Jazz 1948–1955,2005,quintet,https://www.youtube.com/watch?v=2gbaLitmPUc,1952 HITS ARCHIVE: Lullaby Of Birdland - George Shearing Quintet (original version),The78Prof,Composer's own definitive quintet rendition of his signature tune,musicbrainz,5f0ebe1a-1bb2-4941-9211-c0cfbe545328
2OOOodYzRt8,Lullaby Of Birdland,George Shearing,Sarah Vaughan with Clifford Brown Sextet,Sarah Vaughan,1955,vocal with sextet,https://www.youtube.com/watch?v=2OOOodYzRt8,Sarah Vaughan with Clifford Brown Sextet - Lullaby of Birdland,60otaku4,Landmark vocal version with Clifford Brown's trumpet,musicbrainz,27bf94aa-a2df-412a-8832-e40e366a2283
1_BvWeofmTc,Lullaby Of Birdland,George Shearing,"Ella Fitzgerald, Sy Oliver and His Orchestra",Lullaby of Birdland / Later,1954,vocal with orchestra,https://www.youtube.com/watch?v=1_BvWeofmTc,Lullaby of Birdland (Version by Ella Fitzgerald / Sy Oliver and His Orchestra),Ella Fitzgerald,"Iconic Ella reading, title track of her album",musicbrainz,d1f67765-36af-44aa-89f5-3765b963e03e
9llkbAsGm0U,Lullaby Of Birdland,George Shearing,Stan Getz Quintet,The Sound,2003,quintet,https://www.youtube.com/watch?v=9llkbAsGm0U,Stan Getz Quintet - Lullaby of Birdland,60otaku4,Cool-toned tenor interpretation,musicbrainz,9f398544-752a-492f-bacd-edb1b93fa250
vUmEkL3WHqY,Lullaby Of Birdland,George Shearing,Erroll Garner,The Chronological Classics: Erroll Garner 1953,2005,solo piano,https://www.youtube.com/watch?v=vUmEkL3WHqY,Erroll Garner - Lullaby of Birdland,Jazz Everyday!,Distinctive swinging solo piano take,musicbrainz,49dfb466-8d26-4e25-a38e-0d8d03cdcf98
tlnUEBDIvDA,Lullaby Of Birdland,George Shearing,Bud Powell Trio,"The Best of Bud Powell 1944-62, Vol. 1",2014,piano trio,https://www.youtube.com/watch?v=tlnUEBDIvDA,Bud Powell Trio - Lullaby Of Birdland (Rare Live Take),Classic Mood Experience,Bebop piano trio version live at Birdland,musicbrainz,1f218a26-a35f-44a3-a1e3-7634b68bdd34
7C1kqrwvTDc,Lullaby Of Birdland,George Shearing,Mel Tormé & George Shearing,An Evening With George Shearing & Mel Tormé,1982,vocal with piano,https://www.youtube.com/watch?v=7C1kqrwvTDc,George Shearing & Mel Tormé - Lullaby Of Birdland (Official Audio),Concord Jazz,Grammy-winning intimate vocal-piano duo,musicbrainz,8d1bdd45-0acd-490f-ba5c-3a8c1c888616
7hIKcG7Fm-k,Lullaby Of Birdland,George Shearing,Cal Tjader Quintet,Cal Tjader Quintet,1956,vibraphone quintet (Latin),https://www.youtube.com/watch?v=7hIKcG7Fm-k,Lullaby of Birdland - Cal Tjader,swell1954,Latin-jazz vibraphone arrangement,musicbrainz,214b4ad8-8a97-42b5-bfd2-62b9c3d2fe66
ygVgxGSQIsw,Mack The Knife,Kurt Weill,Bobby Darin,Kurt Weill’s Songs,2018,vocal with big band,https://www.youtube.com/watch?v=ygVgxGSQIsw,Mack the Knife,Bobby Darin,Definitive swinging pop-jazz hit version that won a Grammy,musicbrainz,2690b1de-8261-4fcd-aa42-21a62b079712
fZ0OOHLWo4w,Mack The Knife,Kurt Weill,Louis Armstrong & His All-Stars,Gold,2006,vocal with Dixieland combo,https://www.youtube.com/watch?v=fZ0OOHLWo4w,Louis Armstrong - Mack The Knife (Live At The BBC),Louis Armstrong,First major American jazz recording that popularized the tune,musicbrainz,66ba8f21-e4bd-46fb-9aec-299225e1e6a4
hgWJdiYxl4U,Mack The Knife,Kurt Weill,Ella Fitzgerald,The Complete Ella in Berlin: Mack the Knife,1993,vocal with quartet,https://www.youtube.com/watch?v=hgWJdiYxl4U,"Mack The Knife by Ella Fitzgerald, The Paul Smith Quartet - 100 Songs For A Centennial",quchen,Famous live version where she forgets and improvises the lyrics,musicbrainz,3c89f681-1e0a-41de-9c68-f954339d8145
oqPV9_DF6so,Mack The Knife,Kurt Weill,Sonny Rollins,Kurt Weill’s Songs,2018,saxophone quartet,https://www.youtube.com/watch?v=oqPV9_DF6so,Sonny Rollins Moritat a.k.a Mack The Knife ( Saxophone Colossus ) - Transcribed by Jacob thomas,Jetoregonian,Landmark instrumental 'Moritat' on a classic hard bop album,musicbrainz,9bbf6fd8-9030-4f88-bb26-7defee1011d0
bwDAQkxhHzA,Mack The Knife,Kurt Weill,Frank Sinatra,"Sinatra in Japan - Concert April 26 1985 - Budokan, Tokyo",2001,vocal with big band,https://www.youtube.com/watch?v=bwDAQkxhHzA,Mack The Knife,Frank Sinatra,Quincy Jones-arranged swinging take referencing prior singers,musicbrainz,ebdc20fa-3624-4b8f-af38-f67ef4f97361
nGg7cyvAJaQ,Mack The Knife,Kurt Weill,Lotte Lenya,Lotte Lenya singt Kurt Weill,1955,vocal with orchestra,https://www.youtube.com/watch?v=nGg7cyvAJaQ,Mack The Knife   SD 480p,Herb Michael,"Authentic German 'Moritat' from Weill's wife, the original source",musicbrainz,6ca9fa00-fae3-4afd-a570-18fce6bb2684
HMGOti4LvuI,Mack The Knife,Kurt Weill,"Ella Fitzgerald, Duke Ellington & His Orchestra",Côte d’Azur Concerts on Verve,1998,vocal with big band,https://www.youtube.com/watch?v=HMGOti4LvuI,"Mack The Knife (Live At The Cote d'Azur, 7/28/1966)",Ella Fitzgerald,Spirited big band collaboration live on the Riviera,musicbrainz,3045296a-eaf5-4e6c-bef1-2b84fb980194
jekcuk8tYOk,Mack The Knife,Kurt Weill,Jimmy Smith,Crazy! Baby,1960,organ with big band,https://www.youtube.com/watch?v=jekcuk8tYOk,Jimmy Smith - Mack The Knife,Rico Jazz,Soul-jazz Hammond organ arrangement by Oliver Nelson,musicbrainz,8b2dfb59-3376-46d5-a692-71dbbe997094
EWC5x9G45yo,Maiden Voyage,Herbie Hancock,Herbie Hancock,Maiden Voyage,1965,quintet,https://www.youtube.com/watch?v=EWC5x9G45yo,Maiden Voyage (Remastered 1999/Rudy Van Gelder Edition),Herbie Hancock,The definitive original; Hancock's classic Blue Note recording with Freddie Hubbard,musicbrainz,7b486d22-ade1-4d61-940b-334071aad0cf
SAjg5B31iQc,Maiden Voyage,Herbie Hancock,Bobby Hutcherson / Harold Land Quintet,Blow Up,1971,quintet (vibes/sax front line),https://www.youtube.com/watch?v=SAjg5B31iQc,Bobby Hutcherson Harold Land Quintet - Maiden Voyage,tomcowley,Vibraphone-led interpretation by a leading vibes innovator,musicbrainz,a732a77d-00f5-4368-9eb4-a93f92a998cd
p0SX_1h8IZY,Maiden Voyage,Herbie Hancock,Ramsey Lewis,Maiden Voyage,1968,piano trio,https://www.youtube.com/watch?v=p0SX_1h8IZY,Maiden Voyage,Ramsey Lewis - Topic,Soul-jazz piano trio reading from a popular crossover artist,musicbrainz,76160659-c7f2-4eca-87ff-e738a27ec4a9
9rjVoPzSki4,Maiden Voyage,Herbie Hancock,"Karin Krog, John Surman, Albert Mangelsdorff, Francy Boland, Niels‐Henning Ørsted Pedersen, Daniel Humair",Open Space (The Down Beat Poll Winners in Europe),1969,vocal with sextet,https://www.youtube.com/watch?v=9rjVoPzSki4,Maiden Voyage,Down Beat Poll Winners In Europe - Topic,Notable European vocal version with all-star accompaniment,musicbrainz,735ef01f-473b-43db-82db-e318b2fd198c
z_5Q8jPNnvw,Maiden Voyage,Herbie Hancock,Robert Glasper,In My Element,2007,piano trio (mashup),https://www.youtube.com/watch?v=z_5Q8jPNnvw,Maiden Voyage / Everything In Its Right Place,Robert Glasper,Modern reharmonized take blending Radiohead,musicbrainz,07bc25a0-f4ca-4f3c-94e3-fcbcb62cf71c
f-pkgFcpDJw,Maiden Voyage,Herbie Hancock,SFJAZZ Collective,Live 2006: 3rd Annual Concert Tour,2006,octet,https://www.youtube.com/watch?v=f-pkgFcpDJw,San Francisco Jazz Collective - Maiden Voyage,Seba Rosales Drummer,Contemporary large-ensemble arrangement honoring Hancock,musicbrainz,6219876b-1530-4c67-a8a5-cd0b963c9f9f
e3asbFsfkaU,Maiden Voyage,Herbie Hancock,"Joey Alexander, Chris Potter",Countdown,2016,quartet,https://www.youtube.com/watch?v=e3asbFsfkaU,Joey Alexander Trio - Maiden Voyage ft. Chris Potter (In-Studio Performance),Joey Alexander,Acclaimed young pianist with leading tenor saxophonist,musicbrainz,4b3d99db-d66c-435c-86fe-1a0daade8890
qL20Wn5Zjuc,Maiden Voyage,Herbie Hancock,Gonzalo Rubalcaba,The Trio,1998,piano trio,https://www.youtube.com/watch?v=qL20Wn5Zjuc,"Gonzalo Rubalcaba  ""maiden voyage"".wmv",MrBigmays,Virtuosic live reinterpretation by a major modern pianist,musicbrainz,0dc768e1-4e87-48ad-84cc-5c89ac5e6316
usdHWu-yMsQ,Meditation,Antonio Carlos Jobim,Antônio Carlos Jobim,"The Composer of Desafinado, Plays",1963,orchestra with piano,https://www.youtube.com/watch?v=usdHWu-yMsQ,Meditation (Meditação),Tom Jobim Oficial,Composer's own instrumental rendition of his bossa nova classic,musicbrainz,5fb24a25-ad68-444a-8440-8365e00d8943
usdHWu-yMsQ,Meditation,Antonio Carlos Jobim,Frank Sinatra & Antônio Carlos Jobim,Sinatra/Jobim: The Complete Reprise Recordings,1967,vocal with orchestra,https://www.youtube.com/watch?v=usdHWu-yMsQ,Meditation (Meditação),Tom Jobim Oficial,Definitive vocal version from landmark Sinatra-Jobim collaboration,musicbrainz,9432d427-3c92-44ec-b72e-51f2423f0d46
-pJu0XjRFk0,Meditation,Antonio Carlos Jobim,Astrud Gilberto,The Astrud Gilberto Album,1965,vocal with orchestra,https://www.youtube.com/watch?v=-pJu0XjRFk0,Astrud Gilberto - Meditation,Smile892011,Quintessential bossa nova vocal interpretation,musicbrainz,4afbca5d-b44b-4593-adc8-9e8226323261
wB_OXa0phE0,Meditation,Antonio Carlos Jobim,Oscar Peterson,Soul Español,1966,piano trio,https://www.youtube.com/watch?v=wB_OXa0phE0,Meditation (Remastered),Oscar Peterson (The Estate of Oscar Peterson),Elegant piano trio take from a classic Peterson album,musicbrainz,00670430-3fcf-46ba-8867-0245b3dc458c
aLLP-E6395E,Meditation,Antonio Carlos Jobim,The Paul Desmond Quartet,Like Someone in Love,1992,saxophone quartet,https://www.youtube.com/watch?v=aLLP-E6395E,"Paul Desmond Quartet   ""Meditation""  (Toronto 1975)",kaleoride,Lyrical alto sax reading with bossa feel,musicbrainz,86d7cbf6-677f-4423-9da2-b2c83d198bfe
Mz2nNNj7O8o,Meditation,Antonio Carlos Jobim,Dexter Gordon,More Power!,1969,tenor saxophone quartet,https://www.youtube.com/watch?v=Mz2nNNj7O8o,Meditation (Instrumental),Dexter Gordon - Topic,Robust tenor saxophone interpretation,musicbrainz,a35e16f8-98e1-4429-bc9f-8ac2314eda6d
YTC7oAFXB3E,Meditation,Antonio Carlos Jobim,Shirley Horn Trio,All Night Long,1981,vocal with piano trio,https://www.youtube.com/watch?v=YTC7oAFXB3E,Meditation,Shirley Horn - Topic,"Intimate, unhurried vocal-piano treatment",musicbrainz,927f8f1e-a5f0-4255-80b0-fd0849ac961b
mg2YfXbJfHc,Meditation,Antonio Carlos Jobim,Joe Pass,Intercontinental,1970,solo/duo guitar,https://www.youtube.com/watch?v=mg2YfXbJfHc,Meditation,Joe Pass,Virtuosic solo guitar interpretation,musicbrainz,4cb1d7e1-3ba0-4309-b74d-a23f560221c8
k94zDsJ-JMU,Milestones,Miles Davis,Miles Davis,Milestones,1998,sextet,https://www.youtube.com/watch?v=k94zDsJ-JMU,Miles Davis - Milestones (Audio) (Official Audio),Miles Davis,The definitive 1958 modal version that defined the tune,musicbrainz,3235e2c8-1fdb-4453-9ade-3ca90555d26c
GQUMW4VPvtU,Milestones,Miles Davis,Miles Davis All Stars,Selection of Miles Davis,1997,sextet,https://www.youtube.com/watch?v=GQUMW4VPvtU,Miles Davis' All Stars - Milestones,60otaku4,Original 1947 bebop 'Milestones' with Charlie Parker,musicbrainz,7862e4e6-47bb-4149-910d-6b0f35ef49c2
pOqAjFJC4dg,Milestones,Miles Davis,Charlie Parker All-Stars,Conception,2004,quintet,https://www.youtube.com/watch?v=pOqAjFJC4dg,Charlie Parker's All Stars - Milestones - 1947,Lars Bang Andersen,Early bebop recording from the Savoy sessions,musicbrainz,5022a218-94b9-488d-92bd-9a80d4c04e48
JsvUqJNgGvI,Milestones,Miles Davis,Wes Montgomery,Impressions: The Verve Jazz Sides,1995,guitar quartet,https://www.youtube.com/watch?v=JsvUqJNgGvI,Milestones,Wes Montgomery,Notable guitar interpretation of the modal tune,musicbrainz,d17636fe-6860-45a1-80cd-705036655c96
V22WD2l_X0g,Milestones,Miles Davis,Joe Henderson,"So Near, So Far",1993,saxophone quartet,https://www.youtube.com/watch?v=V22WD2l_X0g,Milestones,Joe Henderson,Tenor saxophone tribute to Miles,musicbrainz,f7acf6a8-842c-4000-a839-ed9f183f765f
G8nHYtHOrrU,Milestones,Miles Davis,The Buddy Rich Band,Very Alive at Ronnie Scott's,2008,big band,https://www.youtube.com/watch?v=G8nHYtHOrrU,Milestones,Burning For Buddy - A Tribute To The Music Of Buddy Rich - Topic,Driving big band arrangement,musicbrainz,f14708c0-644d-4307-b0ae-10d4bfbad6fe
DLmsUpk4sB4,Milestones,Miles Davis,Tommy Flanagan,The Master Trio,1983,piano trio,https://www.youtube.com/watch?v=DLmsUpk4sB4,Milestones,Tommy Flanagan - Topic,Elegant piano trio reading with Ron Carter and Tony Williams,musicbrainz,a620c113-d3f8-449f-a3d2-f8f692e3af4e
sEEQVt5tvbs,Milestones,Miles Davis,Jimmy Smith & Wes Montgomery,Further Adventures of Jimmy and Wes,1969,organ-guitar combo,https://www.youtube.com/watch?v=sEEQVt5tvbs,Jimmy Smith & Wes Montgomery - Milestones,Pop's Picks,Organ and guitar collaboration,musicbrainz,71bffbb4-cee9-4a9d-b4e1-053ff35204e6
P_tAU3GM9XI,Misty,Erroll Garner,Erroll Garner,The Hit Sound of Willie Mitchell,1967,piano trio,https://www.youtube.com/watch?v=P_tAU3GM9XI,Erroll Garner plays Misty,Joris Holderbeke,Composer's original definitive instrumental version,musicbrainz,d2956dce-423c-4d50-bee9-1fb09b5b89f0
DkC9bCuahC8,Misty,Erroll Garner,Johnny Mathis,Heavenly,1959,vocal with orchestra,https://www.youtube.com/watch?v=DkC9bCuahC8,Johnny Mathis - Misty (Audio),Johnny Mathis,Iconic pop vocal hit that popularized the song,claude,
OQ-JgK9h_MU,Misty,Erroll Garner,"Sarah Vaughan, the Quincy Jones Orchestra",Vaughan and Violins,1958,vocal with orchestra,https://www.youtube.com/watch?v=OQ-JgK9h_MU,Sarah Vaughan ft Quincy Jones & His Orchestra - Misty (Mercury Records 1958),RoundMidnightTV,"Lush, masterful vocal interpretation",musicbrainz,ca740779-3047-4e90-ac3c-183c4cc0bf1d
rPOlakkBlj8,Misty,Erroll Garner,"Ella Fitzgerald, Duke Ellington & His Orchestra",Côte d’Azur Concerts on Verve,1998,vocal with big band,https://www.youtube.com/watch?v=rPOlakkBlj8,Ella Fitzgerald - Misty,Love Letter to Jazz,First lady of song with the Ellington orchestra,musicbrainz,0ac626ed-72f9-418d-900f-b027b76ad83a
H2R3o35fA14,Misty,Erroll Garner,"Richard ""Groove"" Holmes","The Prestige Soul Jazz Encyclopedia, Volume 1",1994,organ trio,https://www.youtube.com/watch?v=H2R3o35fA14,Misty,"Richard ""Groove"" Holmes - Topic",Hit soul-jazz organ instrumental rendition,musicbrainz,ced14b4c-81cc-4867-8fa9-eed4c2141ffb
P_tAU3GM9XI,Misty,Erroll Garner,Erroll Garner,Concert by the Sea,1955,piano trio,https://www.youtube.com/watch?v=P_tAU3GM9XI,Erroll Garner plays Misty,Joris Holderbeke,Famous live trio recording of the composer's tune,claude,
hiksYdTqGBU,Misty,Erroll Garner,Oscar Peterson,"Live: The Champs-Élysées 1965, Pleyel 1966",1999,solo piano,https://www.youtube.com/watch?v=hiksYdTqGBU,Oscar Peterson Trio  & Clark Terry - Misty,All That Jazz Don Kaart,Virtuosic solo piano treatment,musicbrainz,388b7fe6-873e-4926-8693-5f5dc10c48cc
lJXLqAutql4,Misty,Erroll Garner,Sarah Vaughan,Sassy Swings the Tivoli,1963,vocal with guitar and bass,https://www.youtube.com/watch?v=lJXLqAutql4,Sarah Vaughan - Misty (Live from Sweden) Mercury Records 1964,RoundMidnightTV,Intimate small-group vocal version,musicbrainz,58a3ca6e-9628-4df8-8753-a7cf363b80d9
gocGlRuW1bw,Moment's Notice,John Coltrane,John Coltrane,Blue Train,1958,sextet,https://www.youtube.com/watch?v=gocGlRuW1bw,John Coltrane - Moment's Notice,jazzhole13,The original and definitive recording from Coltrane's landmark Blue Train session,musicbrainz,6b2408c4-ced6-4c72-ba51-2d02f014f60a
6A__VzlitBM,Moment's Notice,John Coltrane,George Russell Sextet,George Russell Sextet at the Five Spot,1960,sextet,https://www.youtube.com/watch?v=6A__VzlitBM,Moments Notice,George Russell Sextet - Topic,Notable early cover from an influential arranger-led sextet,musicbrainz,b255a84c-3eac-44b8-b67c-9626c6245e0d
YgRLTqfuuFM,Moment's Notice,John Coltrane,McCoy Tyner,Supertrios,1989,piano trio,https://www.youtube.com/watch?v=YgRLTqfuuFM,McCoy Tyner Quartet - Moment's Notice (2002),Bob Hardy,Coltrane's pianist interprets the tune in trio setting,musicbrainz,279743d1-86c9-40a8-9009-4b32d9111d1d
n951KMzAiNs,Moment's Notice,John Coltrane,Dexter Gordon Quartet,Manhattan Symphonie,1978,quartet,https://www.youtube.com/watch?v=n951KMzAiNs,Moment's Notice - Dexter Gordon Quartet,Laura María Cárdenas,Robust hard-bop tenor reading by a master,musicbrainz,7cdb6bb8-4eef-4714-ae3d-afa9da6695e2
7LG4qdwzkto,Moment's Notice,John Coltrane,"Keith Jarrett, Gary Peacock, Jack DeJohnette",After the Fall,2018,piano trio,https://www.youtube.com/watch?v=7LG4qdwzkto,Moment's Notice (Live),Keith Jarrett,Acclaimed Standards Trio interpretation,musicbrainz,357ce0e7-fa76-43f8-b416-944971c9e158
7a0WZQSw6qE,Moment's Notice,John Coltrane,The Fred Hersch Trio,The Fred Hersch Trio Plays...,1994,piano trio,https://www.youtube.com/watch?v=7a0WZQSw6qE,Fred Hersch Trio - Moment's Notice,Maxine Power,Refined modern piano-trio version,musicbrainz,e87b7c50-cd28-4687-8d39-784c487fb6b3
BG57R5G8lTk,Moment's Notice,John Coltrane,Mark Turner Quintet,Yam Yam,1995,quintet,https://www.youtube.com/watch?v=BG57R5G8lTk,"Brad Mehldau ""Moment's Notice"" - Solo transcription (Mark Turner / Yam Yam 1995)",Jérémy Bruger,Contemporary tenor saxophone perspective,musicbrainz,dd022046-48f7-4fc5-965c-9ece1e583f78
YgRLTqfuuFM,Moment's Notice,John Coltrane,Kenny Burrell,Guiding Spirit,1990,guitar-led combo,https://www.youtube.com/watch?v=YgRLTqfuuFM,McCoy Tyner Quartet - Moment's Notice (2002),Bob Hardy,Guitar treatment by a leading jazz guitarist,musicbrainz,aa23111d-7217-4406-99d2-ac7982d50927
kQ8i15oI14w,Mood Indigo,Duke Ellington,Duke Ellington and His Orchestra,"The Chronological Classics: Duke Ellington and His Orchestra 1930, Volume 2",1991,big band,https://www.youtube.com/watch?v=kQ8i15oI14w,"Mood Indigo, arr. Vince Gassi – Score & Sound",Alfred Music Jazz,"The original 1930 recording (issued as 'Dreamy Blues'), defining the famous muted-trio voicing",musicbrainz,d2311e34-c147-44a6-a325-317826a0337d
vtD-zsRSVFU,Mood Indigo,Duke Ellington,The Boswell Sisters,"Mood Indigo / Any Time, Any Day, Anywhere",1933,vocal group with orchestra,https://www.youtube.com/watch?v=vtD-zsRSVFU,The Boswell Sisters - Mood indigo (1933).wmv,Aad Juijn,Classic early vocal-harmony interpretation,musicbrainz,8c7985b0-ddf1-4286-8030-f76363d25182
jaq9Gx9GT5E,Mood Indigo,Duke Ellington,Ella Fitzgerald,Ella Fitzgerald Sings the Duke Ellington Song Book,1957,vocal with orchestra,https://www.youtube.com/watch?v=jaq9Gx9GT5E,Ella Fitzgerald - Mood Indigo (Verve Records 1957),RoundMidnightTV,Definitive vocal reading from the landmark Ellington Songbook,musicbrainz,9ca67c78-9a0d-4eab-bd09-21bc7cd31aea
1V3O5kgwH2w,Mood Indigo,Duke Ellington,Nina Simone,Little Girl Blue,1958,vocal with piano trio,https://www.youtube.com/watch?v=1V3O5kgwH2w,Nina Simone - Mood Indigo (1958),Classic Mood Experience,"Intimate, distinctive piano-led vocal version",musicbrainz,27c49e38-69b8-48ae-bf8e-0f6f0afad3d3
PhkDlvGy_84,Mood Indigo,Duke Ellington,Charles Mingus,Mingus Dynasty,1960,jazz ensemble,https://www.youtube.com/watch?v=PhkDlvGy_84,Charles Mingus - Mood Indigo,Naoyoshi K-Spectacularsurf,Rich Mingus arrangement honoring Ellington,musicbrainz,1bf0a4ce-3f01-4d3e-ba03-cc4873799336
micgDy6vz6Q,Mood Indigo,Duke Ellington,Thelonious Monk,Thelonious Monk Plays Duke Ellington,1956,piano trio,https://www.youtube.com/watch?v=micgDy6vz6Q,Thelonious Monk - Mood Indigo,Santoszzz,Idiosyncratic Monk reharmonization of the tune,musicbrainz,3e9e3fa7-4c24-4024-b1e5-e75e78215767
aN6usjgA61M,Mood Indigo,Duke Ellington,Louis Armstrong & Duke Ellington,Recording Together for the First Time,1961,vocal with small group,https://www.youtube.com/watch?v=aN6usjgA61M,Mood Indigo (1990 Remaster),Louis Armstrong,Historic Armstrong-Ellington summit,musicbrainz,a45f4f4e-9f66-4dfb-b29e-9dff0b24c341
bnOqSj8dNxA,Mood Indigo,Duke Ellington,Nat King Cole,Welcome to the Club,1959,vocal with orchestra,https://www.youtube.com/watch?v=bnOqSj8dNxA,Mood Indigo,Nat King Cole,"Smooth, warm vocal rendition by Nat King Cole",musicbrainz,0c58ba00-3c73-440e-97bd-8b2ce880bed4
JQvc-Gkwhow,My Favorite Things,Richard Rodgers,John Coltrane,My Favorite Things,1961,saxophone quartet,https://www.youtube.com/watch?v=JQvc-Gkwhow,My Favorite Things (Stereo) (2022 Remaster),John Coltrane,Landmark modal soprano sax version that redefined the tune,musicbrainz,a4b7eed8-56bc-48c5-82a8-89fcfcfad376
bACiODIbf84,My Favorite Things,Richard Rodgers,Julie Andrews,The Sound of Music,1965,vocal with orchestra,https://www.youtube.com/watch?v=bACiODIbf84,Julie Andrews - My Favorite Things (Audio),LegacyRecordingsVEVO,The definitive movie rendition of the original show tune,musicbrainz,a200076e-fcc1-4a88-b1bd-ad16a28d9923
vhLMfI_xoWY,My Favorite Things,Richard Rodgers,Mary Martin & Patricia Neway,The Sound of Music,1959,vocal with orchestra,https://www.youtube.com/watch?v=vhLMfI_xoWY,Mary Martin & Patricia Neway (1959) FIRST RECORDING [MY FAVORITE THINGS],JGC History,Original Broadway introduction of the song,musicbrainz,953c062d-763f-4f03-ad94-1c136ceb9b26
ddopvr41ifo,My Favorite Things,Richard Rodgers,McCoy Tyner,Echoes of a Friend,1972,piano trio,https://www.youtube.com/watch?v=ddopvr41ifo,McCoy Tyner/My Favorite Things,atube亨,Coltrane's own pianist revisits the tune,musicbrainz,24ca83db-d907-41fe-b910-2af3f0ff6d12
Fnk3dLXnHiY,My Favorite Things,Richard Rodgers,Grant Green,Oleo,1980,guitar quartet,https://www.youtube.com/watch?v=Fnk3dLXnHiY,Grant Green - My Favorite Things,JazzTuna,Soulful jazz guitar interpretation,musicbrainz,d325ee05-6351-4a21-ab67-ba62b2c0d9f7
dusavln6Cjw,My Favorite Things,Richard Rodgers,Sarah Vaughan,After Hours,1961,vocal with orchestra,https://www.youtube.com/watch?v=dusavln6Cjw,"Sarah Vaughan sings ""My Favorite Things""",The Billie Holiday Experience,Definitive jazz-vocal reading,musicbrainz,528960fa-fb61-4ec6-afbd-370b3ac53f55
i7hbIAwC1A4,My Favorite Things,Richard Rodgers,Wes Montgomery,"Classics, Volume 22",1987,guitar with big band,https://www.youtube.com/watch?v=i7hbIAwC1A4,My Favorite Things,Wes Montgomery,Octave-driven guitar version,musicbrainz,1b20bfa2-d65f-4b25-be02-c5f31d1389e6
3pzIlq7jZzw,My Favorite Things,Richard Rodgers,Joey Alexander,My Favorite Things,2015,piano trio,https://www.youtube.com/watch?v=3pzIlq7jZzw,Joey Alexander - My Favorite Things (In Studio Performance),Joey Alexander,Acclaimed young pianist's modern tribute,musicbrainz,378acc5e-cb36-4b80-8636-5e2718ccec84
EpVXH3Vm2wg,My Foolish Heart,Victor Young,Bill Evans Trio,Waltz for Debby,1962,piano trio,https://www.youtube.com/watch?v=EpVXH3Vm2wg,Bill Evans Trio - My Foolish Heart (Official Visualizer),Bill Evans,Definitive Village Vanguard rendition with Scott LaFaro and Paul Motian,musicbrainz,0911d89c-2635-4ab1-ab45-b478884be364
e-vzGxp8388,My Foolish Heart,Victor Young,Tony Bennett & Bill Evans,The Tony Bennett / Bill Evans Album,1975,vocal with piano,https://www.youtube.com/watch?v=e-vzGxp8388,My Foolish Heart - Tony Bennett・ Bill Evans,hotshiawase2,Intimate vocal-piano duet by two masters,musicbrainz,2b4b64b2-a127-47ad-ba3e-fa3eab06cb70
HiHPHEB4pwY,My Foolish Heart,Victor Young,"Keith Jarrett, Gary Peacock, Jack DeJohnette",My Foolish Heart: Live at Montreux,2007,piano trio,https://www.youtube.com/watch?v=HiHPHEB4pwY,My Foolish Heart,Keith Jarrett,Standards Trio live ballad reading,musicbrainz,c32e867c-686c-4536-aa4d-4fca60580cc7
BZoGkmGEAEE,My Foolish Heart,Victor Young,Chet Baker,Time After Time,1985,trumpet with combo,https://www.youtube.com/watch?v=BZoGkmGEAEE,Chet Baker -  My Foolish Heart,Jazznoend,Lyrical trumpet interpretation by a leading balladeer,musicbrainz,cd79e5ae-561d-49be-8cfc-b8e6eb24a778
ayxchDPe8zE,My Foolish Heart,Victor Young,Frank Sinatra,The Complete Reprise Studio Recordings,1995,vocal with orchestra,https://www.youtube.com/watch?v=ayxchDPe8zE,My Foolish Heart,Frank Sinatra,Classic vocal treatment of the standard,musicbrainz,c71335ec-b4bd-4c12-8768-1322014e55be
Ml5RKwaz5Sw,My Foolish Heart,Victor Young,Oscar Peterson,In Concert With Europe 1 From 1957 To 1969 - Olympia - Pleyel - Th. Champs-Elysees,1993,piano trio,https://www.youtube.com/watch?v=Ml5RKwaz5Sw,My Foolish Heart,Oscar Peterson (The Estate of Oscar Peterson),Virtuosic pianistic ballad,musicbrainz,4db34b98-e654-4ff1-b2be-c0c6d51e141a
4as30GSYIxo,My Foolish Heart,Victor Young,Carmen McRae,Blue Moon,1956,vocal with combo,https://www.youtube.com/watch?v=4as30GSYIxo,CARMEN MCRAE - My foolish heart (Recorded Live at Bubba's),sauldje09,Expressive vocal phrasing,musicbrainz,9a26a943-726c-4d00-b5b8-e5c436066777
UsnvGL_RLB0,My Foolish Heart,Victor Young,Stan Getz,My Foolish Heart - Live at the Left Bank,2000,saxophone quartet,https://www.youtube.com/watch?v=UsnvGL_RLB0,STAN GETZ - My Foolish Heart,maria leggi,Breathy tenor saxophone ballad,musicbrainz,bbd8a6ac-e900-4c91-af5f-6a587b1944b3
UOEIQKczRPY,My Funny Valentine,Richard Rodgers,Chet Baker,Complete 1952 Fantasy & Pacific Jazz Sessions,2002,vocal with quartet,https://www.youtube.com/watch?v=UOEIQKczRPY,CHET BAKER - My Funny Valentine,vladimirsmartins,Iconic vocal version that became Baker's signature,musicbrainz,5d4fa45c-b979-4142-be7a-f98acf2ddf12
-3lY1BwwmLM,My Funny Valentine,Richard Rodgers,Miles Davis Quintet,Cookin’ With the Miles Davis Quintet,1957,quintet,https://www.youtube.com/watch?v=-3lY1BwwmLM,1   My Funny Valentine by Miles Davis from 'Cookin' With The Miles Davis Quintet',Miles Davis,Landmark live reading of haunting beauty,musicbrainz,77acd812-2f12-4b79-9d9d-41824a06a3b0
A-Vfj-yeSP8,My Funny Valentine,Richard Rodgers,Gerry Mulligan Quartet,Gerry Mulligan Quartet & Chubby Jackson Big Band,1993,piano-less quartet,https://www.youtube.com/watch?v=A-Vfj-yeSP8,"""My Funny Valentine"" - Gerry Mulligan Quartet f/ Chet Baker (1952)",Jazz Crazy,Pioneering pianoless cool-jazz interpretation with Chet Baker,musicbrainz,2ef35cec-ce57-4ad3-acf4-c6cad281d9d3
unf2AbrdXh0,My Funny Valentine,Richard Rodgers,Frank Sinatra,Gold Collection,1992,vocal with orchestra,https://www.youtube.com/watch?v=unf2AbrdXh0,My Funny Valentine (Remastered 1998),Frank Sinatra,Definitive vocal phrasing of the standard,musicbrainz,aaf60c01-f279-42c5-af55-18a65fd6e84b
meoiTxJofOs,My Funny Valentine,Richard Rodgers,Sarah Vaughan,The Rodgers & Hart Songbook,1985,vocal with quintet,https://www.youtube.com/watch?v=meoiTxJofOs,Sarah Vaughan Μy Funny Valentine live 1973,Sofia Noiti,Masterful vocal interpretation,musicbrainz,b41297a9-5637-471d-b0dc-e0cbe8aa718c
w6t2SnKJgqg,My Funny Valentine,Richard Rodgers,"Bill Evans, Jim Hall",Undercurrent,1962,piano and guitar duo,https://www.youtube.com/watch?v=w6t2SnKJgqg,My Funny Valentine,Bill Evans,Celebrated intimate piano-guitar duo treatment,musicbrainz,73149634-1b0e-433b-b355-35b448484116
KqjKOalcI10,My Funny Valentine,Richard Rodgers,Ella Fitzgerald,Ella Fitzgerald Sings the Rodgers and Hart Song Book,1956,vocal with orchestra,https://www.youtube.com/watch?v=KqjKOalcI10,Ella Fitzgerald - My Funny Valentine,narthify,Definitive songbook vocal rendition,musicbrainz,d9b1d678-9be3-4286-a176-22ebf611f7b6
UOEIQKczRPY,My Funny Valentine,Richard Rodgers,Chet Baker,"This Time the Dream's on Me: Chet Baker Quartet Live, Volume 1",2000,trumpet quartet,https://www.youtube.com/watch?v=UOEIQKczRPY,CHET BAKER - My Funny Valentine,vladimirsmartins,Notable instrumental trumpet version,musicbrainz,c6ff4e43-7948-4abc-bc02-988a94e273ab
zIOdTIDHNXA,My One And Only Love,"Guy Wood,Robert Mellin",John Coltrane & Johnny Hartman,John Coltrane and Johnny Hartman,1963,"vocal with quartet (tenor sax, piano, bass, drums)",https://www.youtube.com/watch?v=zIOdTIDHNXA,My One and Only Love,John Coltrane,The definitive recording; Hartman's vocal with Coltrane's tenor is the gold standard,musicbrainz,a3e8f580-0d6f-4606-b757-8a0ec059bbba
QHo-6mJsbCI,My One And Only Love,"Guy Wood,Robert Mellin","Frank Sinatra, Nelson Riddle & His Orchestra",The Voice: Over Twenty Years in Music 1939-1960,2012,vocal with orchestra,https://www.youtube.com/watch?v=QHo-6mJsbCI,Frank Sinatra with Nelson Riddle Orchestra - My One and Only Love,60otaku4,Early popularizing vocal version with lush Riddle arrangement,musicbrainz,53e3fa64-b5d7-4d07-9003-073ffbd61b7f
y1u6w4qRoew,My One And Only Love,"Guy Wood,Robert Mellin",The Art Tatum/Ben Webster Quartet,The Art Tatum - Ben Webster Quartet,1958,"quartet (piano, tenor sax, bass, drums)",https://www.youtube.com/watch?v=y1u6w4qRoew,Art Tatum & Ben Webster  - 07  - My One And Only Love,All That Jazz Don Kaart,Landmark instrumental meeting of two giants,musicbrainz,8013388a-605f-4959-b268-2e0c927edaae
cZKd7oAFFm0,My One And Only Love,"Guy Wood,Robert Mellin",Sarah Vaughan,Wonderful Sarah,1957,vocal with trio,https://www.youtube.com/watch?v=cZKd7oAFFm0,Sarah Vaughan - My One And Only Love (Mercury Records 1957),RoundMidnightTV,Definitive female vocal interpretation,musicbrainz,2303baef-fa62-42aa-95e2-cdf303f0cd98
FxpRNju_Bkw,My One And Only Love,"Guy Wood,Robert Mellin",Sonny Rollins,Easy Living,1996,tenor saxophone quartet,https://www.youtube.com/watch?v=FxpRNju_Bkw,Sonny Rollins   My One and Only Love,j llm,Robust tenor ballad reading by a master,musicbrainz,affb61d5-7a9a-4734-8ecf-bff574a03510
ociTWtxxEco,My One And Only Love,"Guy Wood,Robert Mellin",Grant Green,Born to Be Blue,1985,guitar quartet,https://www.youtube.com/watch?v=ociTWtxxEco,My One and Only Love,Grant Green,Soulful guitar ballad take,musicbrainz,23f57270-f08f-4044-bc54-9930ec7aa88b
NsaoyjA7cs0,My One And Only Love,"Guy Wood,Robert Mellin",Chet Baker,Chet Baker Sings and Plays From the Film “Let’s Get Lost”,1989,trumpet/vocal with combo,https://www.youtube.com/watch?v=NsaoyjA7cs0,My One and Only Love,Chet Baker,Intimate trumpet and vocal lyricism,musicbrainz,f2dd7396-cce4-48e1-b3e4-828b0c44515d
8nD6iKSErNI,My One And Only Love,"Guy Wood,Robert Mellin",Joe Henderson,Relaxin' at Camarillo,1993,tenor saxophone combo,https://www.youtube.com/watch?v=8nD6iKSErNI,Joe Henderson - My One And Only Love (Official Audio),Joe Henderson,Modern tenor ballad mastery,musicbrainz,1a85019f-a78e-4748-a037-1eae4e879c80
OXhXf6w1aA8,My Romance,Richard Rodgers,Bill Evans Trio,Waltz for Debby,1962,piano trio,https://www.youtube.com/watch?v=OXhXf6w1aA8,Bill Evans Trio - My Romance (Official Visualizer),Bill Evans,"Landmark live trio with Scott LaFaro, definitive interpretation",musicbrainz,d381d428-8caf-42b2-bcb2-5707e62cafdd
OXhXf6w1aA8,My Romance,Richard Rodgers,Bill Evans,New Jazz Conceptions,1957,piano trio,https://www.youtube.com/watch?v=OXhXf6w1aA8,Bill Evans Trio - My Romance (Official Visualizer),Bill Evans,"Same legendary Vanguard sessions, intimate and lyrical",musicbrainz,3fc3f434-5dd3-462b-8aa6-611f4d594128
M092gPguKX8,My Romance,Richard Rodgers,"Ben Webster, Harry ""Sweets"" Edison","Ben and ""Sweets""",1987,tenor sax with trumpet quintet,https://www.youtube.com/watch?v=M092gPguKX8,My Romance,Ben Webster - Topic,Warm swinging tenor-and-trumpet take,musicbrainz,880eac2e-e75e-48bd-9d49-73075f7ca698
bEg1sWuB70E,My Romance,Richard Rodgers,Wes Montgomery,Pretty Blue,2007,guitar with orchestra,https://www.youtube.com/watch?v=bEg1sWuB70E,Wes Montgomery - My Romance (Official Audio),Wes Montgomery,Lush guitar-with-strings ballad reading,musicbrainz,dd60041a-6fa7-4cc4-b83d-350f57ec5316
LICKdYhqBUk,My Romance,Richard Rodgers,Red Garland Trio,A Garland Of Red,1956,piano trio,https://www.youtube.com/watch?v=LICKdYhqBUk,Red Garland-My Romance,Zoe P (Tick Tock),Elegant hard-bop piano trio version,musicbrainz,35f6fcf8-2ece-4fe0-bcd5-0f16140ecab5
vyCG2CTH6O8,My Romance,Richard Rodgers,Ella Fitzgerald,Ella Fitzgerald Sings the Rodgers and Hart Song Book,1956,vocal with orchestra,https://www.youtube.com/watch?v=vyCG2CTH6O8,My Romance,Ella Fitzgerald,Definitive vocal from the Songbook series,musicbrainz,5fb2d636-3acf-4707-a82b-9739051cb1e1
Rd-dlunIGGA,My Romance,Richard Rodgers,Carmen McRae,Book Of Ballads,1959,vocal with trio,https://www.youtube.com/watch?v=Rd-dlunIGGA,Carmen McRae: My Romance,knickerbockervillage,Sophisticated jazz vocal interpretation,musicbrainz,09db8bc2-5bf0-4592-93b0-51d1eccd08b7
6R0756lY8ew,My Romance,Richard Rodgers,The Dave Brubeck Quartet,The Dave Brubeck Quartet,1952,piano quartet with alto sax,https://www.youtube.com/watch?v=6R0756lY8ew,Dave Brubeck Quartet - My Romance,60otaku4,Brubeck-Desmond interplay on the standard,musicbrainz,ecf3bcba-b205-4c38-bf07-2bb7ef4de47e
Vtt_7MGUO7I,Nardis,Miles Davis,Cannonball Adderley Quintet,Portrait of Cannonball,1958,quintet,https://www.youtube.com/watch?v=Vtt_7MGUO7I,"Nardis (feat. Cannonball Adderley Quintet, Blue Mitchell, Julian Cannonball Adderley, Sam...",Bill Evans,"First recording of the tune, with Bill Evans on piano",musicbrainz,e98a6fbd-895b-44e7-bf6e-dc7a604e0727
XLCTmYdmCkY,Nardis,Miles Davis,Bill Evans Trio,Explorations,1987,piano trio,https://www.youtube.com/watch?v=XLCTmYdmCkY,Bill Evans Trio - Nardis (Official Visualizer),Bill Evans,"Evans made Nardis his signature, definitive interpretation",musicbrainz,12980d80-ea07-4d47-99a8-e629b5537f46
XLCTmYdmCkY,Nardis,Miles Davis,Bill Evans,Kind of Evans,2011,solo piano,https://www.youtube.com/watch?v=XLCTmYdmCkY,Bill Evans Trio - Nardis (Official Visualizer),Bill Evans,Evans' extended solo readings show the tune's depth,musicbrainz,edf9be3b-e6bd-4a0f-b7fe-477f3cd59132
1m183h02hHI,Nardis,Miles Davis,George Russell Sextet,Ezz‐thetics,1992,sextet,https://www.youtube.com/watch?v=1m183h02hHI,George Russell Sextet - Nardis (24-bit Remaster) [Modal Jazz] (1961),Brol Planet,Adventurous modal arrangement with Eric Dolphy,musicbrainz,66a76d59-fd7e-492b-971d-4ae35795f00f
cepRyz0VHmw,Nardis,Miles Davis,Joe Henderson Sextet,The Kicker,1967,sextet,https://www.youtube.com/watch?v=cepRyz0VHmw,Joe Henderson Sextet - Nardis (Official Audio),Joe Henderson,Robust hard-bop tenor saxophone take,musicbrainz,6118b724-24e0-4328-860b-5e0847e75d4a
hon6mA9Pkto,Nardis,Miles Davis,Chet Baker,Candy,1985,quartet with trumpet,https://www.youtube.com/watch?v=hon6mA9Pkto,Chet Baker - Nardis (1985),Gazell Videos,Lyrical late-period trumpet rendition,musicbrainz,6a93d760-2b69-4beb-af00-96bd22c4b968
HkGQ8ES9pD0,Nardis,Miles Davis,Michel Petrucciani,Conversation,2001,solo/duo piano,https://www.youtube.com/watch?v=HkGQ8ES9pD0,Nardis (Live),Michel Petrucciani - Topic,Virtuosic piano interpretation,musicbrainz,af94dde9-8f58-4239-a98f-c9fb4597f12a
FnXlpEJKqvM,Nardis,Miles Davis,Marcin Wasilewski Trio,Standards (In memory of Marek Bliziński and Jarosław Śmietana),2016,piano trio,https://www.youtube.com/watch?v=FnXlpEJKqvM,Marcin Wasilewski Trio - Vignette,Vlatko Trajcevski,Modern ECM-era European trio reimagining,musicbrainz,967ac042-85d5-4ee5-8522-bb9e14a98012
CBWQqzkHjn4,Night And Day,Cole Porter,"Fred Astaire, Leo Reisman and His Orchestra",Night and Day / I've Got You on My Mind,1933,vocal with orchestra,https://www.youtube.com/watch?v=CBWQqzkHjn4,"1933 HITS ARCHIVE: Night And Day - Leo Reisman (Fred Astaire, vocal)",The78Prof,Original 1932 hit introducing the song from 'Gay Divorce',musicbrainz,623d40bd-404c-4667-842e-d85dbb539bfd
vXg9Ygtw5HU,Night And Day,Cole Porter,Frank Sinatra,The Night We Called It a Day / Night and Day,1942,vocal with orchestra,https://www.youtube.com/watch?v=vXg9Ygtw5HU,Night and Day (feat. Axel Stordahl and His Orchestra),Frank Sinatra,Definitive early Sinatra ballad reading with Stordahl,musicbrainz,216e1a38-8c0e-44b5-9337-5f69ee25f7fa
,Night And Day,Cole Porter,Billie Holiday,The Essential Billie Holiday: The Columbia Years,2010,vocal with orchestra,,,,Classic Holiday small-group vocal interpretation,musicbrainz,d4359f61-c380-4836-8b7d-77f46bbd39f8
0QTIeInU_QU,Night And Day,Cole Porter,Django Reinhardt & Stéphane Grappelli,Souvenirs,1988,guitar/violin string ensemble,https://www.youtube.com/watch?v=0QTIeInU_QU,Django Reinhardt  12 Night and day (with Stephanie Grappelli),piummosso,Iconic gypsy-jazz version,musicbrainz,5a423fb9-3712-431a-97ce-84d573f9d60d
GI34fIah4vw,Night And Day,Cole Porter,Art Tatum & Ben Webster Quartet,The Art Tatum - Ben Webster Quartet,1958,quartet (tenor sax and piano),https://www.youtube.com/watch?v=GI34fIah4vw,Night and Day - Art Tatum  Ben Webster,hotshiawase2,Landmark virtuoso piano-tenor collaboration,musicbrainz,71bc1d25-a7e3-4ba2-bc85-da71ea3ff22a
bJRdwloCaeo,Night And Day,Cole Porter,Charlie Parker,The Complete Dean Benedetti Recordings of Charlie Parker,1990,alto sax with strings,https://www.youtube.com/watch?v=bJRdwloCaeo,Night And Day-by Charlie Parker,foxdie1982,Bebop master in lush strings setting,musicbrainz,b9f68f4a-2fac-409a-9d4b-9568b68ae63f
_wWW-kSCNVY,Night And Day,Cole Porter,Frank Sinatra with the Red Norvo Quintet,"Live in Australia, 1959",1997,vocal with small jazz combo,https://www.youtube.com/watch?v=_wWW-kSCNVY,Night and Day,Frank Sinatra,Swinging late-period live small-group version,musicbrainz,d66e252a-4368-4ea0-858d-69bad44bf069
yv5HyyYNxgg,Night And Day,Cole Porter,Joe Pass,For Django,1964,solo guitar,https://www.youtube.com/watch?v=yv5HyyYNxgg,Joe Pass Night And Day,Milan Dimushevski,Definitive solo guitar treatment,musicbrainz,ad0d6f35-29fb-4629-be57-d054e1074598
gfLVVHxk4IM,Night In Tunisia,Dizzie Gillespie,Dizzy Gillespie and His Orchestra,The Chronological Classics: Dizzy Gillespie 1945–1946,1997,big band,https://www.youtube.com/watch?v=gfLVVHxk4IM,Dizzy Gillespie feat. Charlie Parker - A Night In Tunisia,Classic Mood Experience,Composer's own definitive big band recording of his tune,musicbrainz,9cf8f37c-20cb-4946-8802-07e38e5c578e
IUGiMnKqQQk,Night In Tunisia,Dizzie Gillespie,Charlie Parker Septet,Timeless,2002,septet,https://www.youtube.com/watch?v=IUGiMnKqQQk,A Night In Tunisia - Charlie Parker Septet (03/28/46),ben dl,"Features Parker's legendary alto break, a bebop landmark",musicbrainz,ea78f097-5b61-4f7c-85d6-26f5367314c5
V0_wUiVcY4M,Night In Tunisia,Dizzie Gillespie,Art Blakey & The Jazz Messengers,Live in Zürich 1958,1958,quintet,https://www.youtube.com/watch?v=V0_wUiVcY4M,Art Blakey & the Jazz Messengers - A Night In Tunisia (1960) {Full Album},My Kind Of Music,Iconic hard bop version with Lee Morgan and Wayne Shorter,musicbrainz,7ad926fc-e6fa-4c0f-84cf-dc1bf72ba2b1
UMkqM4bxuN8,Night In Tunisia,Dizzie Gillespie,Bud Powell Trio,"The Smithsonian Collection of Classic Jazz, Volume 3",1987,piano trio,https://www.youtube.com/watch?v=UMkqM4bxuN8,A Night In Tunisia,Bud Powell Trio - Topic,Definitive bebop piano trio interpretation,musicbrainz,a0acca3d-7d17-4ee8-8087-e5d4b46fa047
EPRCH0Qomw4,Night In Tunisia,Dizzie Gillespie,Clifford Brown,The Lost Rehearsals 1953-1956,2009,quintet,https://www.youtube.com/watch?v=EPRCH0Qomw4,Clifford Brown Quintet in Philadelphia - A Night in Tunisia,60otaku4,Brilliant trumpet feature from the bop master,musicbrainz,0e5b678b-a6a5-4b27-ba4f-0a05a78f3120
1jccsHMOdZo,Night In Tunisia,Dizzie Gillespie,Dexter Gordon Quartet,Billie's Bounce,1983,saxophone quartet,https://www.youtube.com/watch?v=1jccsHMOdZo,A Night In Tunisia (Rudy Van Gelder Edition / 2003 Remaster),Dexter Gordon - Topic,Robust tenor saxophone take with Bud Powell,musicbrainz,0e10e737-aff6-4924-8ed2-3cc528986192
8-m3gsy5hPw,Night In Tunisia,Dizzie Gillespie,Wes Montgomery,In the Beginning,2015,guitar quartet,https://www.youtube.com/watch?v=8-m3gsy5hPw,A Night in Tunisia,Wes Montgomery,Notable guitar interpretation of the standard,musicbrainz,8820ea8d-e10d-4083-af26-e7eb08cddac4
jRdI3lGFvi0,Night In Tunisia,Dizzie Gillespie,"The Modern Jazz Quartet, Sonny Rollins","The Modern Jazz Quartet at Music Inn, Volume 2",1959,quartet with tenor saxophone,https://www.youtube.com/watch?v=jRdI3lGFvi0,Night in Tunisia (Live at Music Inn) (feat. Sonny Rollins),The Modern Jazz Quartet - Topic,Elegant chamber-jazz reading featuring Rollins,musicbrainz,27fb878a-972f-4b78-99b7-5909299d92e6
YuVWNv2kEkE,Now's The Time,Charlie Parker,Charlie Parker's Re-Boppers,Timeless Charlie Parker,2002,quintet,https://www.youtube.com/watch?v=YuVWNv2kEkE,Now's The Time / Charlie Parker　The Savoy Recordings,MINICQQPER,"The original 1945 Savoy recording with Miles Davis, the definitive source",musicbrainz,7cbaf841-df4b-4409-8932-74dcb1941d96
ne9bMv7SXCw,Now's The Time,Charlie Parker,Charlie Parker,Now's the Time,1989,quintet,https://www.youtube.com/watch?v=ne9bMv7SXCw,Now's the Time,Charlie Parker,"Later Parker quintet version with Al Haig, Percy Heath and Max Roach",musicbrainz,f1b0f016-998f-4fb1-86bc-acbc9621b90e
T71b5BPxhhQ,Now's The Time,Charlie Parker,Miles Davis,Milestones,1998,quintet,https://www.youtube.com/watch?v=T71b5BPxhhQ,Now's The Time,Miles Davis,Miles revisits Parker's blues in a hard-bop reading,musicbrainz,d2a654f5-8399-492e-9de6-f0317b841e2f
b-a58KVP2YA,Now's The Time,Charlie Parker,Bud Powell,The Complete Bud Powell on Verve,1994,piano trio,https://www.youtube.com/watch?v=b-a58KVP2YA,Bud Powell Trio - Now's the Time,60otaku4,Bebop piano master interpreting Parker's blues,musicbrainz,57f9c987-2328-4231-8fa1-dc3e0accf870
5ENIxBVceSg,Now's The Time,Charlie Parker,Sonny Stitt,Stitt Plays Bird,1988,saxophone quartet,https://www.youtube.com/watch?v=5ENIxBVceSg,Now's The Time/Charlie Parker-Sonny Stitt's (Eb) Solo Transcription. Transcribed by Carles Margarit,Carles Margarit,Stitt as foremost Parker disciple on alto/tenor,musicbrainz,c520212b-d8bd-4c62-8ad4-8c997535c9de
Lqcb16OPXXg,Now's The Time,Charlie Parker,The Oscar Peterson Quartet,A Tribute to My Friends,1996,piano quartet,https://www.youtube.com/watch?v=Lqcb16OPXXg,Now's The Time,Oscar Peterson (The Estate of Oscar Peterson),Title track of Peterson's Parker tribute album,musicbrainz,ccae5788-d178-49ff-89f8-d55f8e07b5d3
1LgH5rmE-SQ,Now's The Time,Charlie Parker,Supersax,Chasin' The Bird,1977,saxophone ensemble big band,https://www.youtube.com/watch?v=1LgH5rmE-SQ,Now's the Time,Supersax - Topic,"Harmonized Parker solos for a sax section, Grammy-winning tribute",musicbrainz,f0db846d-05c4-4123-a975-f06dd74f2431
kdQne0wximw,Now's The Time,Charlie Parker,Eddie Jefferson,Hipper Than Thou,1989,vocal with combo,https://www.youtube.com/watch?v=kdQne0wximw,Now's The Time,Eddie Jefferson - Topic,Vocalese version showcasing lyrics over the bebop blues,musicbrainz,9917caf8-0265-4f49-8078-1f5352104c4d
9IY29EZb1pI,Oleo,Sonny Rollins,Miles Davis,The Complete Prestige 10-Inch LP Collection,2016,quintet,https://www.youtube.com/watch?v=9IY29EZb1pI,Miles Davis Quintet - Oleo,60otaku4,Original landmark recording with composer Sonny Rollins on the famous 1954 session,musicbrainz,1070bfc8-9856-47cb-9ef2-247795741ba3
aflCJy8NY1c,Oleo,Sonny Rollins,Sonny Rollins,Sonny Rollins - Modern Jazz Archive,2004,quartet,https://www.youtube.com/watch?v=aflCJy8NY1c,Oleo by Sonny Rollins from 'The Complete Prestige Recordings' Disc 3,Sonny Rollins,The composer's own definitive take on his rhythm-changes line,musicbrainz,1b61ed2d-9355-4195-9364-165302f69d07
G-MnnxC3fxU,Oleo,Sonny Rollins,Bud Powell,Bud in Paris,1994,piano trio,https://www.youtube.com/watch?v=G-MnnxC3fxU,Oleo,Bill Evans,Bebop piano master attacking the changes at speed,musicbrainz,8fb67b76-fb3b-4002-8c3e-d958b2c2c61f
Fob3xTDrdxo,Oleo,Sonny Rollins,"Wynton Kelly Trio, Wes Montgomery",Smokin’ in Seattle: Live at the Penthouse,2017,guitar with trio,https://www.youtube.com/watch?v=Fob3xTDrdxo,Oleo (Live),Release - Topic,"Wes Montgomery's burning live guitar version, a benchmark performance",musicbrainz,d2f19b67-b8df-445a-a525-5ecdaca72d48
fRlrUj2e_Mc,Oleo,Sonny Rollins,Tommy Flanagan Trio,Eclypso,1977,piano trio,https://www.youtube.com/watch?v=fRlrUj2e_Mc,Oleo,Tommy Flanagan - Topic,"Elegant, swinging trio reading by a master pianist",musicbrainz,cd9ad9d4-0b94-4adf-b83e-0b873939c1b5
PM1cTxXy6Qo,Oleo,Sonny Rollins,"Joe Pass, Niels-Henning Ørsted Pedersen",Digital III at Montreux,1980,guitar and bass duo,https://www.youtube.com/watch?v=PM1cTxXy6Qo,Joe Pass &  Niels Henning Orsted Pedersen  - Oleo,All That Jazz Don Kaart,Virtuosic guitar-bass duo interplay,musicbrainz,7de011f0-4a5b-4d68-931a-3c8fac84e3a4
2DN5NkbSbms,Oleo,Sonny Rollins,James Carter Quartet,Jurassic Classics,1994,saxophone quartet,https://www.youtube.com/watch?v=2DN5NkbSbms,Jazz Moments avec James Carter @Jazz_in_Marciac,Jazz In Marciac,"Modern, fiery tenor reinterpretation",musicbrainz,4813b23f-0185-42fe-be54-96f33b317399
,Oleo,Sonny Rollins,"George Coleman, Mike Stern, Ron Carter, Jimmy Cobb",4 Generations of Miles,2002,quartet,,,,Veteran all-star lineup with hard-swinging interplay,musicbrainz,18d5f0ab-409c-4084-a18c-632496db3851
xGVdAlxlp18,On Green Dolphin Street,Bronislau Kaper,Miles Davis,Jazz Track,1958,sextet,https://www.youtube.com/watch?v=xGVdAlxlp18,Miles Davis - On Green Dolphin Street (Audio) (Official Audio),Miles Davis,"Definitive modern reading with Coltrane, Adderley, Evans",musicbrainz,2d72ac9e-1300-4106-986d-6080b9e61a83
KffQYuD-0hs,On Green Dolphin Street,Bronislau Kaper,Bill Evans Trio,Live in Nice 1978,2010,piano trio,https://www.youtube.com/watch?v=KffQYuD-0hs,Bill Evans - Green Dolphin Street (Official Audio),Bill Evans,Landmark interactive trio interpretation with Scott LaFaro,musicbrainz,796a72ba-4a0b-45e1-9452-f2ad2fec4fc1
VUAbqDaHbdY,On Green Dolphin Street,Bronislau Kaper,Ahmad Jamal Trio,The Complete Ahmad Jamal Trio Argo Sessions 1956-62,2010,piano trio,https://www.youtube.com/watch?v=VUAbqDaHbdY,On Green Dolphin Street,AHMAD JAMAL - Official channel,"Spacious, influential trio treatment that shaped Miles' approach",musicbrainz,e395ced7-377c-4bb4-b354-3a9267ab8f79
DSlaIBACpUM,On Green Dolphin Street,Bronislau Kaper,Wynton Kelly,Kelly Blue,1959,piano trio,https://www.youtube.com/watch?v=DSlaIBACpUM,On Green Dolphin Street (Album Version),The Wynton Kelly Trio - Topic,"Swinging, blues-inflected pianistic version",musicbrainz,3e123c7e-7034-4d97-84a4-8fdb6b76eb24
0ywmZb7qw7A,On Green Dolphin Street,Bronislau Kaper,Sonny Rollins Quartet,In Europe 1963 - Vol. II,1989,saxophone quartet,https://www.youtube.com/watch?v=0ywmZb7qw7A,On Green Dolphin Street,Sonny Rollins,Robust tenor-led exploration of the tune,musicbrainz,f6730347-23a9-4ef8-b5e6-4eca0d080bd2
X1pLHvlo6vs,On Green Dolphin Street,Bronislau Kaper,Wes Montgomery,Dangerous,1999,guitar trio,https://www.youtube.com/watch?v=X1pLHvlo6vs,Wes Montgomery - On Green Dolphin Street (Official Audio),Wes Montgomery,Octave-driven guitar interpretation,musicbrainz,4920bb65-ca06-4b8b-8c79-29da9d803de7
CsgonzDgtRY,On Green Dolphin Street,Bronislau Kaper,Oscar Peterson Trio,The Sound Of The Trio,1961,piano trio,https://www.youtube.com/watch?v=CsgonzDgtRY,Green Dolphin Street (Live),Oscar Peterson (The Estate of Oscar Peterson),Virtuosic swinging trio rendition,musicbrainz,940fa118-e00a-4b6d-bbdd-5a60fcb94553
iVjQiXz3FZE,On Green Dolphin Street,Bronislau Kaper,Sarah Vaughan,Sarah’s Blues,1990,vocal,https://www.youtube.com/watch?v=iVjQiXz3FZE,SARAH VAUGHAN - On Green Dolphin Street,vladimirsmartins,Notable vocal interpretation of the standard,musicbrainz,118508af-86cb-47d2-807e-2d445dd0a4a7
aACxKLe4aG8,On The Sunny Side Of The Street,Jimmy McHugh,Louis Armstrong,Louis Armstrong in Scandinavia,2007,vocal with big band,https://www.youtube.com/watch?v=aACxKLe4aG8,Louis Armstrong - On The Sunny Side Of The Street (Audio),Louis Armstrong,Definitive early vocal/trumpet version that popularized the tune,musicbrainz,0f70875a-621b-4a1f-8297-37d110aaaaa1
kJfaeH5Gafk,On The Sunny Side Of The Street,Jimmy McHugh,Billie Holiday,The Chronological Classics: Billie Holiday 1944,1995,vocal with trio,https://www.youtube.com/watch?v=kJfaeH5Gafk,Eddie Heywood - On the sunny side of the street (1944),Overjazz,"Intimate, classic Holiday vocal with Eddie Heywood",musicbrainz,5a4fa55b-946e-4684-bf32-661b4988edbc
j49AWK0BW0M,On The Sunny Side Of The Street,Jimmy McHugh,Lester Young & Oscar Peterson Trio,Lester Young with the Oscar Peterson Trio #2,1954,tenor saxophone with rhythm section,https://www.youtube.com/watch?v=j49AWK0BW0M,Lester Young with the Oscar Peterson Trio -  On the Sunny Side of the Street,zigzag5627,"Lyrical Prez tenor reading, also rare vocal",musicbrainz,7ab94054-5434-44c9-a7cf-653cbe4ac19c
s8UEGmAvWfM,On The Sunny Side Of The Street,Jimmy McHugh,Dizzy Gillespie,The Complete Pleyel Concert,1984,bebop quintet,https://www.youtube.com/watch?v=s8UEGmAvWfM,On the Sunny Side of the Street,New Jersey Jazz Society,Bebop interpretation by Gillespie,musicbrainz,80caf086-47f6-4a3b-99df-b87451bfc30a
0BouUignXBM,On The Sunny Side Of The Street,Jimmy McHugh,Art Tatum,The Complete Pablo Solo Masterpieces,1991,solo piano,https://www.youtube.com/watch?v=0BouUignXBM,On the Sunny Side of the Street (arr. A. Tatum),Art Tatum - Topic,Virtuosic solo piano treatment,musicbrainz,bdf7d358-e7f5-40a6-b57d-ddbd792f4842
lbPAoGHMjKc,On The Sunny Side Of The Street,Jimmy McHugh,Nat King Cole Trio,The Forgotten Years,1979,piano-guitar-bass trio,https://www.youtube.com/watch?v=lbPAoGHMjKc,78 RPM: The King Cole Trio - Sunny Side Of The Street,BigDaveSwinger,Swinging small-group vocal trio rendition,musicbrainz,2a93b4a9-d26f-4ae6-bd58-1b8a395836dc
0XYA0T5lqmE,On The Sunny Side Of The Street,Jimmy McHugh,Erroll Garner,The Chronological Classics: Erroll Garner 1949-1950,2001,piano trio,https://www.youtube.com/watch?v=0XYA0T5lqmE,Erroll Garner Trio  - On the Sunny Side of the Street,60otaku4,Garner's signature orchestral piano style,musicbrainz,51109526-c8a6-4301-9025-b49285806486
TjINA1Qg6yA,On The Sunny Side Of The Street,Jimmy McHugh,Ella Fitzgerald,Les Trésors du Jazz 1953,2004,vocal with orchestra,https://www.youtube.com/watch?v=TjINA1Qg6yA,On The Sunny Side Of The Street,Ella Fitzgerald,"Polished, swinging vocal interpretation",musicbrainz,ed5105b5-979e-4f5e-939d-3378c7c96c29
k8jRagHg4jw,Once I Loved,Antonio Carlos Jobim,Antônio Carlos Jobim,Jazz 'round Midnight,1998,vocal with orchestra,https://www.youtube.com/watch?v=k8jRagHg4jw,Once I Loved - O Amor Em Paz (by Antônio Carlos Jobim) - Easy Solo Example for Alto Sax,Yasuhiro Fujii,Composer's own definitive reading of his tune,musicbrainz,f2bf4f79-4da1-4c6b-bdcb-f05134fcb90b
GeYsi9NDM9Y,Once I Loved,Antonio Carlos Jobim,Astrud Gilberto,The Astrud Gilberto Album,1965,vocal with orchestra,https://www.youtube.com/watch?v=GeYsi9NDM9Y,Once I Loved,Astrud Gilberto,Quintessential bossa nova vocal interpretation,musicbrainz,b21382c1-e88a-45db-98ac-c8a4c35b5e9c
jzjJOrWWvn0,Once I Loved,Antonio Carlos Jobim,Wes Montgomery,Compact Jazz: Wes Montgomery,1987,guitar with orchestra,https://www.youtube.com/watch?v=jzjJOrWWvn0,Once I Loved,Wes Montgomery,Landmark guitar version with lush arrangement,musicbrainz,5b53b682-80d5-4f95-85c4-68bbac5a6d3f
xg3smyF8B14,Once I Loved,Antonio Carlos Jobim,Joe Henderson,Double Rainbow: The Music of Antonio Carlos Jobim,1995,saxophone quartet,https://www.youtube.com/watch?v=xg3smyF8B14,Once I Loved (Amor Em Paz),Joe Henderson,Acclaimed Grammy-winning Jobim tribute reading,musicbrainz,4c762e11-39bd-4be7-8490-017fceb51ffa
jl3HvTP88KQ,Once I Loved,Antonio Carlos Jobim,"Ella Fitzgerald, Joe Pass",Take Love Easy,1974,vocal with guitar,https://www.youtube.com/watch?v=jl3HvTP88KQ,Once I Loved,Ella Fitzgerald,Intimate voice-and-guitar duo treatment,musicbrainz,8061cc44-5612-4877-b3e0-282fa4cd8ea4
dpzCUCnBW8A,Once I Loved,Antonio Carlos Jobim,"Chick Corea, Gary Burton",Hot House,2012,piano and vibraphone duo,https://www.youtube.com/watch?v=dpzCUCnBW8A,Once I Loved,Chick Corea,Celebrated chamber-jazz duo interpretation,musicbrainz,fe2f7305-89f9-4fbe-8f12-23e50ebc2f1b
NcwqcR-ajJU,Once I Loved,Antonio Carlos Jobim,Shirley Horn,Shirley Horn,1992,vocal with trio,https://www.youtube.com/watch?v=NcwqcR-ajJU,Once I Loved,Shirley Horn - Topic,Sublime ballad reading from a master vocalist,musicbrainz,c5693be9-75fb-4f1a-9247-d5a67401d494
fWzv7SI_KuU,Once I Loved,Antonio Carlos Jobim,Eliane Elias,Eliane Elias Sings Jobim,1998,vocal with piano trio,https://www.youtube.com/watch?v=fWzv7SI_KuU,"Eliane Elias ""They Can't Take That Away""",Eliane Elias Official,Brazilian pianist-singer's authentic interpretation,musicbrainz,54ff1b26-e4ea-4fd5-9cbc-887db7fc3d22
0-vlX8uRLMQ,One Note Samba,Antonio Carlos Jobim,"Stan Getz, Charlie Byrd",Jazz Samba,1962,saxophone with guitar combo,https://www.youtube.com/watch?v=0-vlX8uRLMQ,Stan Getz & Charlie Byrd - One Note Samba,Dexterecus,Landmark recording that ignited the U.S. bossa nova craze,musicbrainz,1468ccef-d786-4ddb-b2ad-576a7e19dbde
WUcBgvyiMO0,One Note Samba,Antonio Carlos Jobim,Antonio Carlos Jobim,"The Composer of Desafinado, Plays",2009,piano/guitar with orchestra,https://www.youtube.com/watch?v=WUcBgvyiMO0,One Note Samba,Tom Jobim Oficial,Definitive reading by the composer himself,musicbrainz,fa00e429-ee7d-422e-8f4c-391ab6a8760d
o21F0J1t3dQ,One Note Samba,Antonio Carlos Jobim,"Ella Fitzgerald, Joe Pass",Sophisticated Lady,2001,vocal with guitar,https://www.youtube.com/watch?v=o21F0J1t3dQ,"Ella Fitzgerald & Joe Pass, 'Samba de Uma Nota Só' ('One Note Samba' - Tom Jobim)",Alex Suzano,Intimate vocal-guitar duo treatment,musicbrainz,482b7764-c5e8-4df5-8a6e-da21f2ec298c
_8_iQn9YgKs,One Note Samba,Antonio Carlos Jobim,"Frank Sinatra, Antônio Carlos Jobim",Sinatra-Jobim Sessions,1979,vocal with orchestra,https://www.youtube.com/watch?v=_8_iQn9YgKs,One Note Samba (Samba de Uma Nota So) (Album Version),Tom Jobim Oficial,Iconic Sinatra–Jobim collaboration,musicbrainz,a64db3a4-aea5-4cd5-a05d-f52b8fb21bdb
5rzdodR2NAM,One Note Samba,Antonio Carlos Jobim,"The Modern Jazz Quartet, Laurindo Almeida",Yet Mo’ Mod Jazz,2000,jazz quartet with guitar,https://www.youtube.com/watch?v=5rzdodR2NAM,One Note Samba // The Modern Jazz Quartet feat. Laurindo Almeida,swell1954,Sophisticated chamber-jazz arrangement with Almeida,musicbrainz,a3a1fa8f-3f79-4020-bcdf-f902f2076b18
yUVlEFRLfWo,One Note Samba,Antonio Carlos Jobim,Count Basie & His Orchestra,The Complete Roulette Studio Recordings of Count Basie and His Orchestra,1993,big band,https://www.youtube.com/watch?v=yUVlEFRLfWo,One Note Samba,Count Basie,Swinging big-band adaptation,musicbrainz,577dd59c-b60f-4696-92e7-39825f734326
D1ZqdjIA1CQ,One Note Samba,Antonio Carlos Jobim,Toots Thielemans European Quartet,90 yrs.,2012,harmonica-led quartet,https://www.youtube.com/watch?v=D1ZqdjIA1CQ,Toots Thielemans Samba de Uma Nota So,eastend0003,Distinctive harmonica voicing of the melody,musicbrainz,9261b33a-0227-4135-a380-32d0e1fc2f83
0yiZOY6w_Dc,One Note Samba,Antonio Carlos Jobim,Eliane Elias,Eliane Elias Plays Jobim,1990,vocal with piano trio,https://www.youtube.com/watch?v=0yiZOY6w_Dc,"ELIANE ELIAS Plays Jobim - 10, One Note Samba (A.C. Jobim - N. Mendonca)",giorgio4989,Authentic Brazilian pianist-vocalist interpretation,musicbrainz,910a6d74-a64a-497b-99bc-29e1563c4e60
vXeeSJ28Tko,Ornithology,Charlie Parker,Charlie Parker,From Swing to Bebop: 'round Midnight,1946,quintet,https://www.youtube.com/watch?v=vXeeSJ28Tko,"“Ornithology” by Charlie Parker and Benny Harris - Sean McCoy, unaccompanied improv",Sean McCoy Music,Parker's original landmark bebop recording of his own composition,musicbrainz,49be0da9-2abc-482f-86f0-7d0899c7cd90
LphuCadyQi0,Ornithology,Charlie Parker,Charlie Parker Quintet,Yardbird in Lotus Land,1976,quintet,https://www.youtube.com/watch?v=LphuCadyQi0,Charlie Parker Quintet at Birdland - Ornithology,60otaku4,Definitive quintet reading with Bird's iconic alto lead,musicbrainz,64d36089-4d09-4e78-8627-37040ca656bb
60XWQcU7b9c,Ornithology,Charlie Parker,Bud Powell Trio,"The Best of Bud Powell 1944-62, Vol. 1",2014,piano trio,https://www.youtube.com/watch?v=60XWQcU7b9c,Ornithology (Live: Birdland 14 Feb '53),Bud Powell Trio - Topic,Powell's blazing bebop piano interpretation,musicbrainz,eb5dbfb4-92ad-44f2-83a5-3b1c8d778c3b
yyGjpylkO0U,Ornithology,Charlie Parker,"Gerry Mulligan Quartet, Chet Baker",Reunion With Chet Baker,1958,pianoless quartet,https://www.youtube.com/watch?v=yyGjpylkO0U,Ornithology,Gerry Mulligan - Topic,West Coast cool take with Baker's trumpet and Mulligan's baritone,musicbrainz,aa4c67ec-9c3b-4261-89f2-d334d355bd84
KQB-Ju_fXbc,Ornithology,Charlie Parker,Sonny Stitt,Stitt Plays Bird,1988,quintet,https://www.youtube.com/watch?v=KQB-Ju_fXbc,Ornithology (Remastered Version),Sonny Stitt - Topic,Stitt's heartfelt tribute to Parker's repertoire,musicbrainz,84fef8ea-5e18-4b7a-9699-26f1bc2ed4ee
a-UlblA8CuE,Ornithology,Charlie Parker,Anthony Braxton/George Lewis Duo,Elements of Surprise,1978,saxophone-trombone duo,https://www.youtube.com/watch?v=a-UlblA8CuE,Ornithology,Anthony Braxton - Topic,Avant-garde duo reimagining of the bebop classic,musicbrainz,398317be-b97f-469b-bed5-741701addb5c
t-w-i24HJ5U,Ornithology,Charlie Parker,"Oscar Peterson, Joe Pass, Niels-Henning Ørsted Pedersen",The Paris Concert,1979,piano-guitar-bass trio,https://www.youtube.com/watch?v=t-w-i24HJ5U,"Oscar Peterson, Joe Pass & Niels-Henning Ørsted Pedersen - Ornithology (live)",Joseph Passadena,Virtuosic chamber-jazz trio performance,musicbrainz,1c1eb27c-b27a-4f6c-b051-6a99b97edf96
o3Kl2nBNV0A,Ornithology,Charlie Parker,"Joshua Redman, Brad Mehldau",Nearness,2016,saxophone-piano duo,https://www.youtube.com/watch?v=o3Kl2nBNV0A,Joshua Redman & Brad Mehldau - Ornithology [Official Audio],Nonesuch Records,Modern duo interpretation by two contemporary masters,musicbrainz,22abfc56-5cdb-4fce-82db-86d72a2c4f1c
qAhRZkR0oIQ,Out Of Nowhere,Johnny Green,Bing Crosby,Out of Nowhere / If You Should Ever Need Me (You’ll Always Find Me Here),1931,vocal with orchestra,https://www.youtube.com/watch?v=qAhRZkR0oIQ,Out Of Nowhere (1931 Single Version),Bing Crosby,Original hit recording that popularized the tune,musicbrainz,ecdffde1-3b75-4dbb-a40a-952c1e238138
mlgp4Y64D1I,Out Of Nowhere,Johnny Green,Coleman Hawkins,The Chronological Classics: Coleman Hawkins 1937-1939,1991,tenor saxophone with ensemble,https://www.youtube.com/watch?v=mlgp4Y64D1I,"COLEMAN HAWKINS, BENNY CARTER & DJANGO REINHARDT - Out Of Nowhere",ModerneLeben,Early influential swing-era jazz reading by the tenor master,musicbrainz,6b0fbe67-838e-416b-83fd-f6d138cf7098
8BaVh5vz8yE,Out Of Nowhere,Johnny Green,Charlie Parker,Bird: The Complete Charlie Parker on Verve,1988,alto saxophone with strings,https://www.youtube.com/watch?v=8BaVh5vz8yE,You Came Along from out of Nowhere (Charlie Parker with Strings),Charlie Parker,"Lush, lyrical bebop interpretation with strings",musicbrainz,9b20439e-ec62-4d01-bee2-741b3abb170a
67ryBGtNo20,Out Of Nowhere,Johnny Green,"Charlie Parker, Miles Davis",My Old Flame,2002,quintet,https://www.youtube.com/watch?v=67ryBGtNo20,Out of Nowhere (feat. Miles Davis),Charlie Parker,Classic bebop small-group version with Miles,musicbrainz,4b7b5b11-fc3b-4460-ad49-e269562ffbb0
3wGDfYxtGF0,Out Of Nowhere,Johnny Green,Art Tatum,Classic Jazz Piano (1927-1957),1988,solo piano,https://www.youtube.com/watch?v=3wGDfYxtGF0,Art Tatum – Out Of Nowhere,VintageMusicFm,Virtuosic solo piano harmonic reinvention,musicbrainz,7473ba94-7db0-46f3-b334-a1b115506757
6VibCZ65FoU,Out Of Nowhere,Johnny Green,The Dave Brubeck Quartet,Jazz Goes to College,1954,piano quartet,https://www.youtube.com/watch?v=6VibCZ65FoU,Out Of Nowhere,Dave Brubeck,Cool-era quartet with Paul Desmond,musicbrainz,e2e140c9-bb0a-4fe0-84d8-3797fbcf34bb
B4W6OJIrEjc,Out Of Nowhere,Johnny Green,Chet Baker,The Complete Pacific Jazz Live Recordings of the Chet Baker Quartet With Russ Freeman,1989,trumpet quartet,https://www.youtube.com/watch?v=B4W6OJIrEjc,Chet Baker - Out of Nowhere,Jazz and Blues Experience,Lyrical West Coast cool trumpet reading,musicbrainz,58680391-8856-4ed3-b254-6664e17663b3
EPucg_pHddQ,Out Of Nowhere,Johnny Green,"Stéphane Grappelli, Barney Kessel",Limehouse Blues,1991,violin and guitar,https://www.youtube.com/watch?v=EPucg_pHddQ,Out Of Nowhere,Stéphane Grappelli - Topic,Swinging string duo carrying the Hot Club tradition,musicbrainz,085fbfcd-6d8e-4550-ab05-c1ec5dc13d68
ieaAHwvqljg,Peace,Horace Silver,The Horace Silver Quintet,Blowin' the Blues Away,1959,quintet,https://www.youtube.com/watch?v=ieaAHwvqljg,Peace,Horace Silver,Composer's original definitive recording,musicbrainz,fd56e06e-8ee2-4180-8bae-61fbecc37464
,Peace,Horace Silver,Blue Mitchell,Smooth as the Wind,1961,trumpet with orchestra,,,,"Lush, lyrical trumpet ballad reading",musicbrainz,2b68ac81-8ae9-42f9-bb7a-4d85798c3949
pFVgnXJLg4M,Peace,Horace Silver,Stan Getz,Moments in Time,2016,tenor saxophone with strings,https://www.youtube.com/watch?v=pFVgnXJLg4M,STAN GETZ & BILL EVANS_NIGHT AND DAY,cotton100-naramachi-,Warm saxophone interpretation,musicbrainz,dae9a7a4-33fe-4c67-b9bf-8345838533ba
S_43rYVWoXU,Peace,Horace Silver,Chet Baker,Peace,1989,trumpet quartet,https://www.youtube.com/watch?v=S_43rYVWoXU,Chet Baker - Peace,TheGreatComfortableRecords,Intimate late-period title-track version,musicbrainz,6e55cd48-8934-42b8-acba-8df4e7964d6e
Nv2GgV34qIg,Peace,Horace Silver,Kenny Burrell,Groovin’ High,1984,guitar trio,https://www.youtube.com/watch?v=Nv2GgV34qIg,"Bill Evans ""Peace Piece""",William Repicci,Gentle guitar trio rendition,musicbrainz,62228196-7b50-4548-b6c8-4cf003b1f908
fiY5QGpP2QQ,Peace,Horace Silver,Norah Jones,Covers,2012,vocal,https://www.youtube.com/watch?v=fiY5QGpP2QQ,Norah Jones - Peace,Norah Jones,Notable contemporary vocal crossover version,musicbrainz,cb769483-53fc-4802-9db4-20fc95caa7cb
3CmvjHrGcaA,Peace,Horace Silver,"Larry Goldings, Peter Bernstein, Bill Stewart",Ramshackle Serenade,2014,organ trio,https://www.youtube.com/watch?v=3CmvjHrGcaA,Peace,Larry Goldings - Topic,Modern organ-guitar-drums trio take,musicbrainz,7393e6f3-ff00-4ece-9ab3-0a91ff58774c
a-L492oAZio,Peace,Horace Silver,Tommy Flanagan,"Something Borrowed, Something Blue",1978,piano trio,https://www.youtube.com/watch?v=a-L492oAZio,Peace (Instrumental),Tommy Flanagan - Topic,Elegant pianistic interpretation,musicbrainz,c0a76b68-ceaf-4cda-b8af-b793e228ced3
4M9-7ErYxkg,Perdido,Juan Tizol,Duke Ellington & His Orchestra,"Take the ""A"" Train (The Legendary Blanton-Webster Transcriptions)",1990,big band,https://www.youtube.com/watch?v=4M9-7ErYxkg,Perdido,Mercer Ellington - Topic,The original Ellington recording that introduced the standard,musicbrainz,4a1fa6a7-4fd6-4ac6-bf75-a7a910850549
_kkKfRNgxtc,Perdido,Juan Tizol,Ella Fitzgerald with JATP All-Stars,The Complete Jazz at the Philharmonic on Verve 1944-1949,2006,vocal with all-star jam,https://www.youtube.com/watch?v=_kkKfRNgxtc,"""Perdido"" - Charlie Parker 1949 Jazz at the Philharmonic",Phawin Phanudom,"Famous live scat showcase with Parker, Young and Eldridge",musicbrainz,32d17232-a9bd-40b1-be4d-f9d5456819b9
_kkKfRNgxtc,Perdido,Juan Tizol,Charlie Parker Quintet,"Bird’s Eyes: Last Unissued, Vol. 20",1949,saxophone quintet,https://www.youtube.com/watch?v=_kkKfRNgxtc,"""Perdido"" - Charlie Parker 1949 Jazz at the Philharmonic",Phawin Phanudom,Bebop reinterpretation by Bird,musicbrainz,a71f89b0-5c36-4db4-b958-124ddf774157
V4rKkhJYMoM,Perdido,Juan Tizol,"Dave Brubeck Quartet, Paul Desmond",The Complete Storyville Broadcasts,2014,piano quartet,https://www.youtube.com/watch?v=V4rKkhJYMoM,Perdido (feat. Paul Desmond),Dave Brubeck,Cool-jazz quartet reading with Desmond's alto,musicbrainz,a9ab8f78-6187-4b87-b09d-c58ed8114a05
0IVhMjHjrhA,Perdido,Juan Tizol,Erroll Garner Trio,Passport to Fame: Erroll Garner’s First Recordings,1952,piano trio,https://www.youtube.com/watch?v=0IVhMjHjrhA,Erroll Garner Trio - Perdido (1944),Classic Mood Experience,Swinging solo-piano-led trio version,musicbrainz,62de40d8-ffaf-4732-9578-27c187de7e95
Vi2WQkiAw-U,Perdido,Juan Tizol,Sarah Vaughan with Count Basie and His Orchestra,"Count Basie and the Stars of Birdland on Tour! Topeka, Kansas, 1955",1989,vocal with big band,https://www.youtube.com/watch?v=Vi2WQkiAw-U,"Sarah VAUGHAN "" Perdido "" !!!",JUSTASITTINANDAROCK,Vocal version backed by Basie band,musicbrainz,14a82ed1-b80b-4c8f-8733-94fa0c2af2aa
4Dhc-GAU1Po,Perdido,Juan Tizol,Art Blakey and the Giants of Jazz,Live at the 1972 Monterey Jazz Festival,2008,quintet,https://www.youtube.com/watch?v=4Dhc-GAU1Po,Art Blakey's Giants Of Jazz -  Monterey 1972  - 04 -  Perdido,All That Jazz Don Kaart,All-star hard bop summit with Gillespie and Monk,musicbrainz,9f99b1f9-0eef-4185-a3bc-857705fbb30b
7a-ZyAzVERo,Perdido,Juan Tizol,Oscar Peterson,Oscar Peterson Live!,1990,piano trio,https://www.youtube.com/watch?v=7a-ZyAzVERo,Perdido - Oscar Peterson's great Solo Version,mollegiante,Virtuosic piano trio rendition,musicbrainz,374ded7f-6bbd-460a-a0b1-b5608528701d
wKHWQ0sBGN0,Polka Dots And Moonbeams,Jimmy Van Heusen,Frank Sinatra with Tommy Dorsey and His Orchestra,Frank Sinatra & Tommy Dorsey,1976,vocal with big band,https://www.youtube.com/watch?v=wKHWQ0sBGN0,[재즈 추천곡] Frank Sinatra - Polka Dots and Moonbeams [한글자막/가사해석],WHOVIAN 자막,The original hit recording that introduced the standard,musicbrainz,1df2c644-8fee-49e7-a072-a99d5ac97331
EeRXwm50pqY,Polka Dots And Moonbeams,Jimmy Van Heusen,Lester Young Quartet,Verve Jazz Masters 30,1994,saxophone quartet,https://www.youtube.com/watch?v=EeRXwm50pqY,Lester Young Quartet - Polka Dots And Moonbeams - 1949,Lars Bang Andersen,"Lush, lyrical Prez ballad reading",musicbrainz,788c97fe-c656-44aa-ac6c-8381b3649531
FIYNT6faEFQ,Polka Dots And Moonbeams,Jimmy Van Heusen,Bud Powell,"The Amazing Bud Powell, Volume 2",1954,piano trio,https://www.youtube.com/watch?v=FIYNT6faEFQ,"Bud Powell ""Polka Dots And Moonbeams "" Piano Transcription",AT Jazz Piano Transcription,Definitive bebop piano interpretation,musicbrainz,fdb8602e-a192-477e-a1e1-f05873acb195
fq762QZki0Q,Polka Dots And Moonbeams,Jimmy Van Heusen,Sarah Vaughan and Her Trio,Sassy: 1950–1954,1993,vocal with trio,https://www.youtube.com/watch?v=fq762QZki0Q,Polka Dots and Moonbeams - Softly Jazz Madrid (Sinatra/Dorsey/Sarah Vaughan Style) 🌙,Conchita Castillo softlyjazz.es,Masterful vocal phrasing on a classic ballad,musicbrainz,22ce9f46-2cd7-4e0c-96eb-4e4fd0f70cf0
f7Mv6TW-xP8,Polka Dots And Moonbeams,Jimmy Van Heusen,Wes Montgomery,Wes Montgomery,1995,guitar quartet,https://www.youtube.com/watch?v=f7Mv6TW-xP8,Wes Montgomery - Polka Dots And Moonbeams (Official Audio),Wes Montgomery,Iconic warm-toned guitar ballad,musicbrainz,90146f5d-a71e-42a5-980d-7fff9dc0e20c
TgU5LM0IUvI,Polka Dots And Moonbeams,Jimmy Van Heusen,Bill Evans Trio,Moon Beams,1962,piano trio,https://www.youtube.com/watch?v=TgU5LM0IUvI,Bill Evans Trio - Polka Dots And Moonbeams (Remastered 2025/Official Visualizer),Bill Evans,"Introspective, harmonically rich trio version",musicbrainz,79fa625a-4079-4c13-b735-3a466a568f84
4_gwD5e1rCo,Polka Dots And Moonbeams,Jimmy Van Heusen,Wes Montgomery,Penthouse Serenade,1952,piano trio with vocal,https://www.youtube.com/watch?v=4_gwD5e1rCo,Polka Dots And Moonbeams (Remastered),Nat King Cole,Early swing-era trio version by Cole,musicbrainz,1b785db3-22fa-4af7-91d3-a86e84668823
RKBuHggtHIg,Polka Dots And Moonbeams,Jimmy Van Heusen,Dexter Gordon Quartet,The Shadow of Your Smile,1985,saxophone quartet,https://www.youtube.com/watch?v=RKBuHggtHIg,Oscar Peterson Trio &  Dexter Gordon -  Polkadots and Moonbeams,All That Jazz Don Kaart,Robust hard-bop tenor ballad,musicbrainz,4eb73eb1-49a7-4fd5-afcc-2a46a140ab69
1Re0W4-Sc5g,Prelude To A Kiss,Duke Ellington,Duke Ellington & His Orchestra,The Centenary Collection,1999,big band,https://www.youtube.com/watch?v=1Re0W4-Sc5g,Prelude to a Kiss (feat. Johnny Hodges),Duke Ellington - Topic,The composer's original landmark recording,musicbrainz,04fa33b5-93c4-4290-9363-2e95713e54fb
-owzPvMuw4o,Prelude To A Kiss,Duke Ellington,Ben Webster,Compact Jazz: Duke Ellington and Friends,1991,tenor saxophone with rhythm section,https://www.youtube.com/watch?v=-owzPvMuw4o,Prelude To A Kiss,Ben Webster - Topic,Definitive lush ballad reading by Ellington's star tenor,musicbrainz,9dbf958b-bd19-4302-bc00-5bd9d322e473
4OqCJKLHF3g,Prelude To A Kiss,Duke Ellington,Johnny Hodges and His Orchestra,"The Chronological Classics: Duke Ellington and His Orchestra 1938, Volume 3",1993,small group with alto saxophone,https://www.youtube.com/watch?v=4OqCJKLHF3g,Johnny Hodges - Prelude to a Kiss (1938),Overjazz,Hodges' creamy alto on an Ellington classic,musicbrainz,a2307d4e-dd77-4c90-95ba-2444fc053694
hyGkEFAe_0U,Prelude To A Kiss,Duke Ellington,Billie Holiday,Lady in Autumn: The Best of the Verve Years,1991,vocal with orchestra,https://www.youtube.com/watch?v=hyGkEFAe_0U,Billie Holiday & Her Orchestra - Prelude To A Kiss (Clef Records 1955),RoundMidnightTV,Early vocal interpretation by Lady Day,musicbrainz,14ecc81f-93b9-476d-98c2-03bf37fbc73b
7JpOhKJsEMs,Prelude To A Kiss,Duke Ellington,Oscar Peterson Trio,The Complete Clef/Mercury Studio Recordings of the Oscar Peterson Trio (1951–1953),2008,piano trio,https://www.youtube.com/watch?v=7JpOhKJsEMs,Prelude To A Kiss,Oscar Peterson (The Estate of Oscar Peterson),Polished piano-trio version from the Ellington songbook,musicbrainz,9aa97ac8-8ff9-4c00-b35f-f79642f2ad8c
J8QSoETcnUg,Prelude To A Kiss,Duke Ellington,Sonny Rollins,Old Flames,1993,tenor saxophone quartet,https://www.youtube.com/watch?v=J8QSoETcnUg,Sonny Rollins - Prelude To A Kiss (Official Audio),Sonny Rollins,Robust tenor saxophone treatment,musicbrainz,1e4b2773-5b95-451c-a5f4-2eff36c93220
Syx3uBdXu4g,Prelude To A Kiss,Duke Ellington,Mal Waldron & Steve Lacy,Sempre amore,1987,piano and soprano saxophone duo,https://www.youtube.com/watch?v=Syx3uBdXu4g,Prelude To A Kiss,Mal Waldron - Topic,Intimate duo exploration of Ellington-Strayhorn,musicbrainz,d98dec98-492a-48b1-b7b8-ea656c29279c
jOFgCGrTrCE,Prelude To A Kiss,Duke Ellington,Brad Mehldau,Introducing Brad Mehldau,1995,solo piano,https://www.youtube.com/watch?v=jOFgCGrTrCE,Prelude to a Kiss,Brad Mehldau,Modern introspective piano interpretation,musicbrainz,76653ab6-ec7f-4731-b5f1-c7156916134f
IrAfjW5qiyo,Round Midnight,Thelonious Monk,Thelonious Monk,’Round About Midnight / Well You Needn’t,1948,quintet,https://www.youtube.com/watch?v=IrAfjW5qiyo,'Round Midnight,Thelonious Monk,The composer's definitive early recording of his signature tune,musicbrainz,9ab56bd7-8152-421c-afaf-98b402c567b2
Ys9wiGNDCvA,Round Midnight,Thelonious Monk,Miles Davis Quintet,’Round About Midnight,1957,quintet,https://www.youtube.com/watch?v=Ys9wiGNDCvA,Miles Davis - 'Round Midnight (Audio) (Official Audio),Miles Davis,Landmark Columbia version with Coltrane and Gil Evans-inspired arrangement,musicbrainz,0ba4f516-252b-45cd-a6b5-1de7bf843769
eeCghFp7v6U,Round Midnight,Thelonious Monk,Dizzy Gillespie,’round About Midnight / Yardbird Suite,1946,sextet,https://www.youtube.com/watch?v=eeCghFp7v6U,Round About Midnight (feat. Tempo Jazzmen),Release - Topic,Influential early bebop reading that helped popularize the tune,musicbrainz,29fd128e-6177-4bb5-bad4-3a8ed56b01e9
WetLy2fu_QU,Round Midnight,Thelonious Monk,Bud Powell,Live in Lausanne 1962,2002,solo piano,https://www.youtube.com/watch?v=WetLy2fu_QU,Round Midnight,Bud Powell Trio - Topic,Definitive bebop piano interpretation,musicbrainz,cf4759e5-7d4c-4650-84fd-b4950e88b1f1
m3LtQzyGQU8,Round Midnight,Thelonious Monk,Bill Evans Trio,"Bill Evans Trio at Shelly's Manne-Hole, Hollywood, California",1997,piano trio,https://www.youtube.com/watch?v=m3LtQzyGQU8,Bill Evans Trio - 'Round Midnight (Official Visualizer),Bill Evans,"Lyrical, harmonically rich piano-trio treatment",musicbrainz,6ba96cb1-630d-40ca-b307-220ff4ec8ab1
MOm17yw__6U,Round Midnight,Thelonious Monk,Wes Montgomery,The Wes Montgomery Trio,1959,guitar trio,https://www.youtube.com/watch?v=MOm17yw__6U,Wes Montgomery - Round Midnight,jazzytaka,Notable guitar interpretation of the ballad,musicbrainz,ff1981d8-ed71-494b-9b8e-f1305577f030
l11fLjI6cXM,Round Midnight,Thelonious Monk,Sarah Vaughan,Sarah Sings Soulfully,1965,vocal with orchestra,https://www.youtube.com/watch?v=l11fLjI6cXM,Sarah Vaughan “Round Midnight” (1973),SassysBlues,Major vocal interpretation of the standard,musicbrainz,06009a5a-1d78-4531-bbd0-c38f56db464b
K0__EpMZS6g,Round Midnight,Thelonious Monk,Art Blakey & The Jazz Messengers,"En concert avec Europe 1: Olympia, 13 Mai 1961",1993,quintet,https://www.youtube.com/watch?v=K0__EpMZS6g,Round About Midnight,Art Blakey,Hard-bop ensemble version featuring Wayne Shorter,musicbrainz,eb4cf40c-9c6e-4a92-9d57-eafb71078aee
wTFPV1pk654,Satin Doll,"Duke Ellington,Billy Strayhorn",Duke Ellington & His Orchestra,The Complete Capitol Recordings of Duke Ellington,1999,big band,https://www.youtube.com/watch?v=wTFPV1pk654,Duke Ellington - Satin Doll (1962)  [official video],StoryvilleRecords,The composer's definitive original recording of his signature tune,musicbrainz,a727e646-dd44-49f5-9222-9de18f5da3f6
ThpNKAZWKak,Satin Doll,"Duke Ellington,Billy Strayhorn",Ella Fitzgerald & Duke Ellington,Côte d’Azur Concerts on Verve,1998,vocal with big band,https://www.youtube.com/watch?v=ThpNKAZWKak,Ella Fitzgerald &  Duke Ellington -  Satin Doll,All That Jazz Don Kaart,Definitive vocal reading paired with the composer's orchestra,musicbrainz,059f999d-31bb-41c2-8263-a5a2f77b9a06
LYKD_c3Gsd8,Satin Doll,"Duke Ellington,Billy Strayhorn",The Oscar Peterson Trio,"Ljubljana, 1964",1996,piano trio,https://www.youtube.com/watch?v=LYKD_c3Gsd8,Satin Doll (Live),Oscar Peterson (The Estate of Oscar Peterson),Swinging trio benchmark with Ray Brown and Ed Thigpen,musicbrainz,b91a3ca5-06a3-466c-a45f-b229519f250e
vtksZaZac44,Satin Doll,"Duke Ellington,Billy Strayhorn",Wes Montgomery Trio,A Dynamic New Sound: Guitar/Organ/Drums,1987,guitar trio,https://www.youtube.com/watch?v=vtksZaZac44,Wes Montgomery Trio - Satin Doll (Official Audio),Wes Montgomery,Influential guitar-organ trio interpretation,musicbrainz,dc948b74-63ff-4936-bc8e-f13e0240df93
hDJ6d5dvs8k,Satin Doll,"Duke Ellington,Billy Strayhorn","Jimmy Smith, Kenny Burrell, Grady Tate",Organ Grinder Swing,1965,organ trio,https://www.youtube.com/watch?v=hDJ6d5dvs8k,Satin Doll,Jimmy Smith - Topic,Soulful Hammond organ treatment,musicbrainz,6d569c8b-3483-44ca-b5e7-8f14edcedb63
O0vdCOvJSc0,Satin Doll,"Duke Ellington,Billy Strayhorn",Carmen McRae,The Great American Songbook,1990,vocal with combo,https://www.youtube.com/watch?v=O0vdCOvJSc0,"Carmen McRae: ""Satin Doll""",lapp9999,Sophisticated vocal phrasing of the standard,musicbrainz,8170c87f-f870-4948-9054-bf4fc86df209
hMvMuSpsNmE,Satin Doll,"Duke Ellington,Billy Strayhorn",Joe Pass,The Best Of,1991,solo guitar,https://www.youtube.com/watch?v=hMvMuSpsNmE,Satin Doll by JOE PASS - Transcription (w/Tabs),DW Scores,Masterful solo guitar arrangement,musicbrainz,d6716c24-a268-4d61-a836-4a51d8444691
L2Gjk_M07gc,Satin Doll,"Duke Ellington,Billy Strayhorn",Ben Webster,Ben Webster Meets Bill Coleman,1989,tenor saxophone quartet,https://www.youtube.com/watch?v=L2Gjk_M07gc,Ben Webster - Satin Doll,Jazz Everyday!,"Warm, breathy tenor ballad treatment",musicbrainz,25dbb4f9-a524-42fe-9ccf-1c1a7afd4767
93nPmG-mqu8,Scrapple From The Apple,Charlie Parker,Charlie Parker Quintet,The Dial Masters - Original Choice Takes,1995,quintet,https://www.youtube.com/watch?v=93nPmG-mqu8,Charlie Parker Quintet - Scrapple From The Apple - 1947,Lars Bang Andersen,"Parker's original 1947 recording, the definitive version",musicbrainz,07cbe345-ea21-4a28-8a7c-9b152a88778b
WV7DqgWEfvM,Scrapple From The Apple,Charlie Parker,"Charlie Parker, Al Haig, Roy Haynes, Red Rodney, Tommy Potter","Bird at St. Nick's, Volume 1",1957,quintet,https://www.youtube.com/watch?v=WV7DqgWEfvM,Scrapple From The Apple - Charlie Parker,Greg Tibbits,Classic Bird quintet rendition with Red Rodney,musicbrainz,294da0cf-0470-43f5-a006-2180903ad5a2
9Y6P44-C2VY,Scrapple From The Apple,Charlie Parker,Wardell Gray,"Wardell Gray Memorial, Volume 2",1955,quintet,https://www.youtube.com/watch?v=9Y6P44-C2VY,Scrapple From The Apple,Wardell Gray - Topic,Notable early tenor saxophone take on the bebop line,musicbrainz,5f2b02e9-c897-4677-86f2-bed31d81644a
ToE_9UwG3ag,Scrapple From The Apple,Charlie Parker,"Stan Getz, Gerry Mulligan",Mulligan And Getz And Desmond,1980,two saxophones with rhythm,https://www.youtube.com/watch?v=ToE_9UwG3ag,Scrapple from the Apple (feat. Stan Getz) (Remastered),Gerry Mulligan - Topic,Cool-toned tenor and baritone summit meeting,musicbrainz,b05ceb53-ce1a-467f-a98f-fb43d45f402d
GxNpT2oNcBc,Scrapple From The Apple,Charlie Parker,"Bill Evans, Warne Marsh, Jimmy Garrison, Paul Motian",Live at the Half Note,2008,quintet,https://www.youtube.com/watch?v=GxNpT2oNcBc,Scrapple from the Apple,Lee Konitz - Topic,Lyrical Evans-Marsh reading of the standard,musicbrainz,5631f2ba-4534-4c52-a7b1-23b38ba69701
c1YV8wmgQRQ,Scrapple From The Apple,Charlie Parker,The Oscar Peterson Trio,At Baker’s Keyboard Lounge: The Complete Recordings,2026,piano trio,https://www.youtube.com/watch?v=c1YV8wmgQRQ,"Sonny Stitt (w/ the Oscar Peterson Trio) - ""Scrapple From The Apple"" (Transcription)",Edmund B,Virtuosic swinging piano trio version,musicbrainz,49f27149-75f1-4230-9039-e51fcda886e5
c1YV8wmgQRQ,Scrapple From The Apple,Charlie Parker,Sonny Stitt,The Verve Years (1956-57),1992,quartet,https://www.youtube.com/watch?v=c1YV8wmgQRQ,"Sonny Stitt (w/ the Oscar Peterson Trio) - ""Scrapple From The Apple"" (Transcription)",Edmund B,Bebop alto/tenor master closely tied to Parker's legacy,musicbrainz,0d2dcf55-b28a-4608-895b-ea86bde9fa10
6lKeJh1F-7k,Scrapple From The Apple,Charlie Parker,Supersax,Salt Peanuts,1974,saxophone ensemble (big band style),https://www.youtube.com/watch?v=6lKeJh1F-7k,Scrapple from the Apple,Supersax - Topic,Harmonized arrangement of Parker's solos for sax section,musicbrainz,b16075dd-60c8-4c75-bbb3-55dab2bd3d36
6h8v5wVMoBs,Shadow Of Your Smile,Johnny Mandel,Wes Montgomery,Bumpin’,1965,guitar with orchestra,https://www.youtube.com/watch?v=6h8v5wVMoBs,The Shadow Of Your Smile,Wes Montgomery,"Grammy-winning guitar rendition, a definitive instrumental version",musicbrainz,f8ccabc9-5f71-47b2-b2c1-c1dd47144e60
Ag7NzCTA5n8,Shadow Of Your Smile,Johnny Mandel,Astrud Gilberto,Autour de minuit,1989,vocal with orchestra,https://www.youtube.com/watch?v=Ag7NzCTA5n8,"The Shadow Of Your Smile (Love Theme From ""The Sandpiper"")",Astrud Gilberto,Bossa-tinged vocal that helped popularize the tune,musicbrainz,79da1541-d818-452b-af31-c88236fec66f
mP2ZaQ7Wq24,Shadow Of Your Smile,Johnny Mandel,Tony Bennett,The Movie Song Album,1966,vocal with orchestra,https://www.youtube.com/watch?v=mP2ZaQ7Wq24,"The Shadow of Your Smile (Love Theme from ""The Sandpiper"")",Tony Bennett,Bennett's signature reading of this Oscar-winning ballad,claude,
mP2ZaQ7Wq24,Shadow Of Your Smile,Johnny Mandel,Frank Sinatra,Standing Room Only,2018,vocal with orchestra,https://www.youtube.com/watch?v=mP2ZaQ7Wq24,"The Shadow of Your Smile (Love Theme from ""The Sandpiper"")",Tony Bennett,Classic Sinatra interpretation of the standard,musicbrainz,30c74faa-5b1b-49f4-ae56-00d1b7471c42
EgQJXzS3hY8,Shadow Of Your Smile,Johnny Mandel,Bill Evans,Further Conversations With Myself,1967,solo piano,https://www.youtube.com/watch?v=EgQJXzS3hY8,The Shadow Of Your Smile,Bill Evans,"Lyrical, introspective piano treatment",musicbrainz,9a1f99dc-9a26-4e09-bada-31d26d7a5777
GIMQ-QxpaWQ,Shadow Of Your Smile,Johnny Mandel,Oscar Peterson,Compact Jazz: The Sampler,1987,piano trio,https://www.youtube.com/watch?v=GIMQ-QxpaWQ,Oscar Peterson The Shadow of Your Smile 1966,mell zelaya,"Swinging, elegant trio performance",musicbrainz,2c5c0319-30d5-4ece-bcf7-8d680d4cc2a8
fO8vS3ihcBQ,Shadow Of Your Smile,Johnny Mandel,Dexter Gordon,Jazz at Highschool,2002,tenor saxophone quartet,https://www.youtube.com/watch?v=fO8vS3ihcBQ,The Shadow of Your Smile,Dexter Gordon - Topic,Robust tenor reading with Drew and NHØP,musicbrainz,bb696d77-bbcb-4cfb-9479-c8d65d48631a
Ag7NzCTA5n8,Shadow Of Your Smile,Johnny Mandel,Astrud Gilberto,The Shadow of Your Smile,1965,vocal with orchestra,https://www.youtube.com/watch?v=Ag7NzCTA5n8,"The Shadow Of Your Smile (Love Theme From ""The Sandpiper"")",Astrud Gilberto,Original film-theme vocal release,musicbrainz,c4b9e41d-9aa3-4dc0-a5dd-366e34d2fda0
pFFGOhTLivo,Skylark,Hoagy Carmichael,"Harry James and His Orchestra, Helen Forrest",The Famous Hits of World War II,1989,big band with female vocal,https://www.youtube.com/watch?v=pFFGOhTLivo,"1942 HITS ARCHIVE: Skylark - Harry James (Helen Forrest, vocal)",The78Prof,The definitive 1942 hit version that popularized the tune,musicbrainz,01449c2b-594e-4c1c-a401-adbabdf6569a
xlhoUGboL9g,Skylark,Hoagy Carmichael,"Carmen McRae, Ben Webster",Birds Of A Feather,1958,vocal with tenor saxophone and rhythm,https://www.youtube.com/watch?v=xlhoUGboL9g,Skylark (feat. Ben Webster),Carmen McRae - Topic,Sublime pairing of McRae's vocal with Webster's tenor,musicbrainz,48dfd057-543e-42af-9486-a588413160b3
cnuQ2rFu3OM,Skylark,Hoagy Carmichael,Aretha Franklin,Laughing on the Outside,1963,vocal with orchestra,https://www.youtube.com/watch?v=cnuQ2rFu3OM,Aretha Franklin - Skylark (Official Audio),Aretha Franklin,Early Aretha jazz-ballad interpretation,musicbrainz,5b84ee39-cd2e-4bee-ad28-b057b86d0757
QlmMrvH4QBw,Skylark,Hoagy Carmichael,Sonny Rollins,Sonny Rollins' Next Album,1972,tenor saxophone quartet,https://www.youtube.com/watch?v=QlmMrvH4QBw,Sonny Rollins - Skylark,yellowenable,Lyrical Rollins ballad reading,musicbrainz,bfaab4f3-7288-44b9-bb2f-fd464d0b155c
hqrSSCBMONs,Skylark,Hoagy Carmichael,"Stan Getz, Jimmy Rowles",The Peacocks,1994,tenor saxophone and piano duo,https://www.youtube.com/watch?v=hqrSSCBMONs,Skylark,Stan Getz,Intimate sax-piano duet,musicbrainz,fe971c9b-1f6f-42af-abc8-b95c0a39c096
0269s95XYUc,Skylark,Hoagy Carmichael,"Charlie Haden, Jim Hall",Charlie Haden - Jim Hall,2014,bass and guitar duo,https://www.youtube.com/watch?v=0269s95XYUc,"Skylark (Live From Montreal International Jazz Festival, Canada / 1990)",Charlie Haden - Topic,Exquisite live bass-guitar duo at Montreal,musicbrainz,48e76abc-8bf8-4448-9b80-2462a05e9dd1
NY_CpV5GwIg,Skylark,Hoagy Carmichael,Keith Jarrett,"At the Blue Note: The Complete Recordings (disc 2: Friday, June 3rd 1994, 2nd Set)",1994,solo piano,https://www.youtube.com/watch?v=NY_CpV5GwIg,Skylark,Keith Jarrett,Tender solo-piano meditation,musicbrainz,c7e28879-b1aa-482d-9eb5-546f648f6078
oDnStrx4g9M,Skylark,Hoagy Carmichael,Ella Fitzgerald,Ella Fitzgerald Sings the Johnny Mercer Song Book,1965,vocal with orchestra,https://www.youtube.com/watch?v=oDnStrx4g9M,Ella Fitzgerald - Skylark,87cyberman,Ella's lush definitive vocal reading,musicbrainz,66524ea1-2305-40b4-9921-66ae263b89c0
zqNTltOGh5c,So What,Miles Davis,Miles Davis Sextet,Unissued at Birdland 1952-59,2011,sextet,https://www.youtube.com/watch?v=zqNTltOGh5c,Miles Davis - So What (Official Video),Miles Davis,The original landmark modal jazz recording,musicbrainz,64f37547-b059-4f54-9b4b-e749f73288cf
na1Fou31pLU,So What,Miles Davis,"Miles Davis, Hank Mobley, Wynton Kelly, Paul Chambers, Jimmy Cobb, Gil Evans Orchestra",The Complete Columbia Album Collection,2009,big band,https://www.youtube.com/watch?v=na1Fou31pLU,So What,Miles Davis,Famous live orchestral arrangement with Gil Evans,musicbrainz,560402ba-201e-4028-8506-abfed864be04
gVVRCi7Jvfg,So What,Miles Davis,Eddie Jefferson,Hipper Than Thou,1989,vocal with quintet,https://www.youtube.com/watch?v=gVVRCi7Jvfg,So What,Eddie Jefferson - Topic,Pioneering vocalese lyrics set to the tune,musicbrainz,6e75f9ca-dae4-4077-a135-f377a1549f41
T9k9eFl-mgU,So What,Miles Davis,Grant Green,Sunday Mornin',1961,guitar quartet,https://www.youtube.com/watch?v=T9k9eFl-mgU,So What (Remastered),Grant Green,Notable guitar-led interpretation,musicbrainz,2cbda1b8-49e5-45c4-bcb5-ea9246336782
p-j5sq7COrA,So What,Miles Davis,Dexter Gordon Quartet,Stable Mable,1975,saxophone quartet,https://www.youtube.com/watch?v=p-j5sq7COrA,Dexter Gordon - So What,Zvonimir Bucevic,Robust tenor saxophone reading,musicbrainz,9bdc0845-e070-487f-b3f4-aa3c1e75637c
dKz9ONtYbAA,So What,Miles Davis,"Herbie Hancock, Wayne Shorter, Ron Carter, Wallace Roney, Tony Williams",A Tribute to Miles Davis,2016,quintet,https://www.youtube.com/watch?v=dKz9ONtYbAA,"Herbie Hancock, Wayne Shorter, Tony Williams, Ron Carter, Wallace Roney   - So What (Live)",Sasa Top,All-star tribute by former Miles sidemen,musicbrainz,aa676c19-d4bf-40e6-87ce-0a041fb417af
NwE47msMpiY,So What,Miles Davis,"Michel Petrucciani, Steve Gadd, Anthony Jackson",Trio in Tokyo,1999,piano trio,https://www.youtube.com/watch?v=NwE47msMpiY,Michel Petrucciani Trio: Miles Davis - So What (1998),EuroArtsChannel,Virtuosic piano trio rendition,musicbrainz,018963d2-0dd6-46b2-9b30-a246f45e1149
ylXk1LBvIqU,So What,Miles Davis,John Coltrane,Inspiration in Sax,,saxophone quartet,https://www.youtube.com/watch?v=ylXk1LBvIqU,Miles Davis - So What (Audio) (Official Audio),Miles Davis,Coltrane's own treatment of the modal classic,musicbrainz,2c209654-d0de-48ee-ba7c-e3b2e9a3edf0
crCxefHCLJA,Softly As In A Morning Sunrise,Sigmund Romberg,Modern Jazz Quartet,Complete 1951–1953 Studio Sessions,2004,piano-vibraphone quartet,https://www.youtube.com/watch?v=crCxefHCLJA,"The Modern Jazz Quartet - Softly, as in a Morning Sunrise",60otaku4,"Definitive MJQ reading, a signature performance of the tune",musicbrainz,95ccd293-ea05-4d35-93d5-7fa2c0084454
1ix9FAzxNB4,Softly As In A Morning Sunrise,Sigmund Romberg,Sonny Rollins,A Night at the Village Vanguard,1957,saxophone trio,https://www.youtube.com/watch?v=1ix9FAzxNB4,"Sonny Rollins Trio at the Village Vanguard - Softly, as in a Morning Sunrise",60otaku4,Landmark piano-less trio live performance,musicbrainz,9b880857-4bf7-4ee6-bd4c-18aff4294dd6
e57F_Rm3xI4,Softly As In A Morning Sunrise,Sigmund Romberg,John Coltrane,“Live” at the Village Vanguard,1962,saxophone quartet,https://www.youtube.com/watch?v=e57F_Rm3xI4,"John Coltrane - Softly, As in a Morning Sunrise",The Pleasure of Jazz,Intense modal Coltrane interpretation,musicbrainz,dd3e844e-052e-48c4-98ba-a9555b63934f
TH1crkVVNbM,Softly As In A Morning Sunrise,Sigmund Romberg,The Oscar Peterson Trio,"Ljubljana, 1964",1996,piano trio,https://www.youtube.com/watch?v=TH1crkVVNbM,Softly As in a Morning Sunrise,Oscar Peterson (The Estate of Oscar Peterson),Swinging trio classic with Ray Brown and Ed Thigpen,musicbrainz,235219c2-bfaf-4022-bbd1-1ba8f217fb42
j7Ajbb9zDHU,Softly As In A Morning Sunrise,Sigmund Romberg,Sonny Clark Trio,Sonny Clark Trio,1957,piano trio,https://www.youtube.com/watch?v=j7Ajbb9zDHU,Softly As In A Morning Sunrise (Remastered 2001/Rudy Van Gelder Edition),Sonny Clark - Topic,Elegant hard-bop piano trio version,musicbrainz,03867bcf-11a5-469a-bfb7-29f76fb88d23
_7RMcy31X84,Softly As In A Morning Sunrise,Sigmund Romberg,Art Pepper,Art in L.A.,1991,alto saxophone quartet,https://www.youtube.com/watch?v=_7RMcy31X84,"Art Pepper - Softly, As In A Morning Sunrise (Official Visualizer)",Art Pepper,Lyrical West Coast alto reading with Miles' rhythm section,musicbrainz,b9e400e0-5f9f-4159-850a-b0c242a95fd3
-yWDcG3qJJ4,Softly As In A Morning Sunrise,Sigmund Romberg,"Stan Getz, Kenny Barron",People Time,1992,saxophone and piano duo,https://www.youtube.com/watch?v=-yWDcG3qJJ4,Softly as in a Morning Sunrise - Stan Getz & Kenny Barron,Loretta Isgro,Intimate late-career duo interpretation,musicbrainz,faafaded-5195-4537-8b97-b42ce86d193b
6BlCsduMm0Q,Softly As In A Morning Sunrise,Sigmund Romberg,Abbey Lincoln,Abbey Is Blue,1959,vocal with quintet,https://www.youtube.com/watch?v=6BlCsduMm0Q,"Softly, As In A Morning Sunrise (Remastered 1959)",Abbey Lincoln - Topic,Notable vocal version of the standard,musicbrainz,c8407aa2-83e0-4335-b478-d68d35eb9b91
ogHcNpNAlOU,Solar,Miles Davis,Miles Davis All Stars,Walkin',1957,sextet,https://www.youtube.com/watch?v=ogHcNpNAlOU,Miles Davis All Stars - Solar (Remastered 2025/Official Visualizer),Miles Davis,Original 1954 recording that introduced the tune,musicbrainz,87a3e256-7e71-4156-9b95-250eff3730fd
5cIcIbHb0Bc,Solar,Miles Davis,Bill Evans Trio,Sunday at the Village Vanguard,1961,piano trio,https://www.youtube.com/watch?v=5cIcIbHb0Bc,Bill Evans Trio - Solar (Official Visualizer),Bill Evans,Landmark interplay with Scott LaFaro on bass,musicbrainz,96c732e7-a305-49e7-b070-472a1e099cbc
zCKobOe7Cww,Solar,Miles Davis,"Keith Jarrett, Gary Peacock, Jack DeJohnette",Tribute,1990,piano trio,https://www.youtube.com/watch?v=zCKobOe7Cww,Keith Jarrett - Solar,moom1000,Definitive Standards Trio reading,musicbrainz,172ac53d-38a3-4338-a5b6-8803daf54c17
fXjTxC-HbKY,Solar,Miles Davis,"Pat Metheny, Dave Holland, Roy Haynes",Question and Answer,1990,guitar trio,https://www.youtube.com/watch?v=fXjTxC-HbKY,"“Solar” (Live, 1990)",Herbie Hancock,Fiery guitar-led trio interpretation,musicbrainz,3df74772-8928-492f-a21f-15489714817e
P3lnEAZ0gps,Solar,Miles Davis,Chet Baker,Chet Baker in New York,1958,trumpet quintet,https://www.youtube.com/watch?v=P3lnEAZ0gps,Chet Baker - Solar (Official Audio),Chet Baker,Lyrical West Coast cool take,musicbrainz,1f29fcdd-5e28-4315-8a6f-4b0492e62c67
t85KPHT9XdA,Solar,Miles Davis,Red Garland Trio,Crossings,1978,piano trio,https://www.youtube.com/watch?v=t85KPHT9XdA,Solar,Red Garland,Swinging hard-bop piano trio version,musicbrainz,a821803c-f096-4aa8-83e8-7c2f8320cfbc
ihnPPGbYlSg,Solar,Miles Davis,"Lee Konitz, Brad Mehldau, Charlie Haden, Paul Motian",Live at Birdland,2011,saxophone quartet,https://www.youtube.com/watch?v=ihnPPGbYlSg,Solar (Live At Birdland),Lee Konitz - Topic,Adventurous all-star live exploration,musicbrainz,4866eef2-bb9e-4fcc-b538-6980071da9e2
1p-zuodTb3g,Solar,Miles Davis,"Joe Pass, J.J. Johnson",We'll Be Together Again,1984,guitar and trombone duo,https://www.youtube.com/watch?v=1p-zuodTb3g,Solar - Joe Pass & J.J. Johnson,johnnystaccata,Intimate duo with two masters,musicbrainz,cce1e7be-6b2f-41b5-9abd-72a77eb2bd15
hmsNIAKp2oU,Someday My Prince Will Come,Frank Churchill,Miles Davis,Someday My Prince Will Come,1961,sextet,https://www.youtube.com/watch?v=hmsNIAKp2oU,Miles Davis Quintet with John Coltrane - Someday My Prince Will Come,60otaku4,Landmark title track with John Coltrane and Hank Mobley solos,musicbrainz,4023332c-30e9-42e0-b02a-d533a169f302
-xOiKNFcbfU,Someday My Prince Will Come,Frank Churchill,Bill Evans Trio,Portrait in Jazz,1960,piano trio,https://www.youtube.com/watch?v=-xOiKNFcbfU,Bill Evans Trio - Someday My Prince Will Come (Official Visualizer),Bill Evans,Definitive lyrical trio reading with Scott LaFaro,musicbrainz,3738ec63-bfba-4436-8038-b201dbc76af9
KBFzLEMvi4M,Someday My Prince Will Come,Frank Churchill,The Dave Brubeck Quartet,Dave Digs Disney,1957,piano quartet,https://www.youtube.com/watch?v=KBFzLEMvi4M,Dave Brubeck Quartet - Someday My Prince Will Come,60otaku4,Early jazz adaptation popularizing the waltz,musicbrainz,0470dd84-7ab7-4f0a-8d7c-57f22df91757
3joP_I-zVlQ,Someday My Prince Will Come,Frank Churchill,The Oscar Peterson Trio,"Ljubljana, 1964",1996,piano trio,https://www.youtube.com/watch?v=3joP_I-zVlQ,Oscar Peterson Trio - Some Day My Prince Will Come - 14 august 1965 • World of Jazz,World of Jazz,Swinging trio with Ray Brown and Ed Thigpen,musicbrainz,ee9845e3-7277-4a98-ac99-b13fe9d73ef1
ZIXTout3nz8,Someday My Prince Will Come,Frank Churchill,Grant Green,Born to Be Blue,1985,guitar quartet,https://www.youtube.com/watch?v=ZIXTout3nz8,Someday My Prince Will Come,Grant Green,Soulful guitar-led Blue Note version,musicbrainz,69bf81ee-74fc-4831-a7f6-7a62f10bfdc1
TdQCJGyfmtc,Someday My Prince Will Come,Frank Churchill,Wynton Kelly,Someday My Prince Will Come,1992,piano trio,https://www.youtube.com/watch?v=TdQCJGyfmtc,Someday My Prince Will Come - Wynton Kelly Solo Transcription,Cathal Herron,Alternate take from the Miles Davis date,musicbrainz,dcfbd4a5-f939-43db-a551-a01acf02e6d2
-IfntUO3auM,Someday My Prince Will Come,Frank Churchill,"Keith Jarrett, Gary Peacock, Jack DeJohnette",Still Live,1988,piano trio,https://www.youtube.com/watch?v=-IfntUO3auM,Someday My Prince Will Come - Keith Jarrett-Gary Peacock-Jack DeJohnette 1985,Mr. Wolf,Standards Trio live interpretation,musicbrainz,d41b49b2-ad4e-4016-9bec-e31f43ec8872
H4G2sWSJtN0,Someday My Prince Will Come,Frank Churchill,Chick Corea Akoustic Band,Chick Corea Akoustic Band,1989,piano trio,https://www.youtube.com/watch?v=H4G2sWSJtN0,Someday My Prince Will Come - Chick Corea Akoustic Band,MuzzaJazz,Modern acoustic trio rendition,musicbrainz,2fea2bf0-5d43-4c67-b9bd-0610077058af
PwoDTVMbLzk,Someone To Watch Over Me,George Gershwin,Frank Sinatra,There’s No You / Someone to Watch Over Me / Carry Me Back to Old Virginia,1945,vocal with orchestra,https://www.youtube.com/watch?v=PwoDTVMbLzk,Someone to Watch Over Me (feat. Axel Stordahl and His Orchestra),Frank Sinatra,Definitive Sinatra ballad reading with Axel Stordahl arrangement,musicbrainz,2e464f6c-52cb-4aa0-99e9-4d9bef2eef70
gDhF-PsDuCw,Someone To Watch Over Me,George Gershwin,Ella Fitzgerald,Ella Sings Gershwin,1950,vocal with orchestra,https://www.youtube.com/watch?v=gDhF-PsDuCw,"Ella Fitzgerald  ""Someone to Watch Over Me""",catman916,Landmark Gershwin songbook interpretation,musicbrainz,48ce9c80-d624-4c5b-8a4f-db131a6540c3
iPNV8621bX4,Someone To Watch Over Me,George Gershwin,Art Tatum,The Complete Art Tatum Piano Discoveries,1961,solo piano,https://www.youtube.com/watch?v=iPNV8621bX4,Art Tatum -- Someone to Watch Over Me,eccentricXXX,Virtuosic solo piano treatment by a master,musicbrainz,45f0a1de-6e6d-4d11-ad62-82c2e02f4387
GjTCUT2s988,Someone To Watch Over Me,George Gershwin,Chet Baker Quartet,The Lost Holland Concert,2006,quartet (trumpet),https://www.youtube.com/watch?v=GjTCUT2s988,Someone to Watch Over Me (feat. Dick Twardzik),Chet Baker,Tender quartet version with pianist Dick Twardzik,musicbrainz,1ecd1a87-9782-48d0-a381-880474a1db95
9bxL50vNZ4E,Someone To Watch Over Me,George Gershwin,The Clifford Brown–Max Roach Quintet,The Last Concert,2005,quintet,https://www.youtube.com/watch?v=9bxL50vNZ4E,Someone to Watch Over me,Clifford Brown - Topic,Hard bop quintet showcase,musicbrainz,d1d5162a-ab4d-4250-a249-7cda0a2a334b
_995NOdIibc,Someone To Watch Over Me,George Gershwin,Lee Wiley,Complete Commodore & Decca Eddie Condon & Bud Freeman Sessions,2015,vocal with orchestra,https://www.youtube.com/watch?v=_995NOdIibc,Eddie Condon & His Orchestra and Lee Wiley - Someone to Watch Over Me,Robert Isaiah,Early intimate vocal version that helped popularize the ballad,musicbrainz,e14eae91-70e5-4e0b-8048-f595a9a7ba5a
lE_k3f1TpRQ,Someone To Watch Over Me,George Gershwin,Sarah Vaughan,Gershwin Live!,1983,vocal with orchestra,https://www.youtube.com/watch?v=lE_k3f1TpRQ,But Not for Me / Love Is Here to Stay / Embraceable You / Someone to Watch Over Me,Michael Tilson Thomas - Topic,Lush Gershwin medley with orchestra,musicbrainz,742153f3-0b48-414c-b742-eb698158218a
smmkQVme62g,Someone To Watch Over Me,George Gershwin,Sonny Rollins,Here’s to the People,1991,saxophone quartet,https://www.youtube.com/watch?v=smmkQVme62g,Sonny Rollins - Someone To Watch Over Me (Official Audio),Sonny Rollins,Distinctive tenor saxophone interpretation,musicbrainz,026fda6f-5b68-429b-9f8b-028f337d097a
NFjmWI-d6d4,Song For My Father,Horace Silver,The Horace Silver Quintet,Song for My Father,1964,quintet,https://www.youtube.com/watch?v=NFjmWI-d6d4,Horace Silver Quintet - Song For My Father,ukvibeorg,The definitive original recording with its iconic bossa-tinged bassline,musicbrainz,506ce7fc-5915-4c7e-94df-7cee08a4167e
yZplRqjs3JE,Song For My Father,Horace Silver,Ramsey Lewis Trio,"The ""In"" Crowd",1992,piano trio,https://www.youtube.com/watch?v=yZplRqjs3JE,Ramsey Lewis Trio - Song For My Father,jazzka,Soulful piano-trio reading by a popular crossover artist,musicbrainz,deca39bc-b3be-4204-a01d-72423d4ffe9a
bpxqFYVR1Io,Song For My Father,Horace Silver,"Richard ""Groove"" Holmes",Soul Message,1965,organ trio,https://www.youtube.com/watch?v=bpxqFYVR1Io,"Richard ""Groove"" Holmes  Song For My Father",BLUES AND SOUL,Hard-grooving Hammond organ interpretation,musicbrainz,ed8a2e45-277d-4d67-9fff-8dfb4f338512
ZJXEDyjZAn0,Song For My Father,Horace Silver,Dee Dee Bridgewater,Love and Peace: A Tribute to Horace Silver,1995,vocal with ensemble,https://www.youtube.com/watch?v=ZJXEDyjZAn0,Song For My Father,Dee Dee Bridgewater | Official,Notable vocal version from a dedicated Horace Silver tribute,musicbrainz,bd959a1c-b25b-4235-88bd-7599c5632755
rt7lnF2Cpyw,Song For My Father,Horace Silver,Stanley Jordan,State of Nature,2008,solo guitar,https://www.youtube.com/watch?v=rt7lnF2Cpyw,Song For My Father,Stanley Jordan - Topic,Distinctive two-handed tapping guitar arrangement,musicbrainz,06066700-d256-4a67-9b2e-d574ea5e65e1
h-5oQ-ozPsM,Song For My Father,Horace Silver,"Stefon Harris, Jason Moran, Greg Osby, Mark Shim",New Directions,2000,"quartet (vibes, piano, saxes)",https://www.youtube.com/watch?v=h-5oQ-ozPsM,"New Directions -  ""Song for My Father""",TheJazzSphere,Modern reharmonized take by progressive players,musicbrainz,d310fa15-c848-40f1-a1b1-0c8ef440d52a
sZUJMnNN8W0,Song For My Father,Horace Silver,Ran Blake,Horace Is Blue: A Silver Noir,2000,solo piano,https://www.youtube.com/watch?v=sZUJMnNN8W0,Song for My Father I,Ran Blake - Topic,Abstract solo-piano deconstruction,musicbrainz,e77f0c05-dafa-4824-8879-2e80e19c13f3
MW9vnAJTBts,Song For My Father,Horace Silver,Von Freeman Quartet,Dedicated to You,1994,saxophone quartet,https://www.youtube.com/watch?v=MW9vnAJTBts,Song for My Father,Von Freeman - Topic,Robust tenor-led Chicago hard-bop reading,musicbrainz,e8c4cf79-df8a-4ba0-95ca-b18e26a1d99b
brqxEdwsTQs,Sophisticated Lady,Duke Ellington,Duke Ellington and His Orchestra,Memorial,1974,big band,https://www.youtube.com/watch?v=brqxEdwsTQs,Sophisticated Lady - Duke Ellington and his orchestra,arciduca31,Composer's definitive original recording of his own standard,musicbrainz,ae08c3aa-e2f8-4123-aa77-aea4da134896
mZ4JbzrnJbE,Sophisticated Lady,Duke Ellington,Art Tatum,Piano Starts Here,1968,solo piano,https://www.youtube.com/watch?v=mZ4JbzrnJbE,Sophisticated Lady - Art Tatum,Joseph T. Porter,Dazzling virtuoso solo piano reading,musicbrainz,c8449d08-54d0-4193-bd42-df84b2dcaa40
qZQZJAhXL5c,Sophisticated Lady,Duke Ellington,Coleman Hawkins,The Chronological Classics: Coleman Hawkins 1947-1950,2001,tenor saxophone with rhythm,https://www.youtube.com/watch?v=qZQZJAhXL5c,"Coleman Hawkins and his Rhythm - Sophisticated Lady - Paris, 21.12.1949",Heinz Becker,Lush tenor ballad treatment by a swing master,musicbrainz,9ff10fec-56f7-4da9-925a-07ff436caaed
YELrIZ-UeRM,Sophisticated Lady,Duke Ellington,Charles Mingus Sextet with Eric Dolphy,Cornell 1964,2007,sextet,https://www.youtube.com/watch?v=YELrIZ-UeRM,Sophisticated Lady,Charles Mingus,Adventurous Mingus arrangement featuring Dolphy,musicbrainz,ff81a9ee-fc61-401e-9e4e-470141a1f6e0
2ucYnej_kIE,Sophisticated Lady,Duke Ellington,Thelonious Monk,Thelonious Monk Plays Duke Ellington,1956,solo piano,https://www.youtube.com/watch?v=2ucYnej_kIE,Sophisticated Lady,Thelonious Monk,"Idiosyncratic, angular solo piano interpretation",musicbrainz,4a7f48c2-35f8-48be-ad12-813fe6855e9f
7I35VWEVPKg,Sophisticated Lady,Duke Ellington,Ella Fitzgerald,Ella Fitzgerald Sings the Duke Ellington Song Book,1957,vocal with orchestra,https://www.youtube.com/watch?v=7I35VWEVPKg,Sophisticated Lady   Ella Fitzgerald,Nagao Tani,Definitive vocal from the landmark Ellington songbook,musicbrainz,ad8e3250-274c-42c6-af11-e6abc47472bb
TR15zGel-Uo,Sophisticated Lady,Duke Ellington,Johnny Hodges,The Complete Johnny Hodges Sessions 1951 - 1955,1989,alto saxophone with combo,https://www.youtube.com/watch?v=TR15zGel-Uo,Johnny Hodges Septet - Sophisticated Lady,60otaku4,Ellington's own altoist with peerless ballad tone,musicbrainz,14d3d644-b62b-4c44-b2ae-f2bc0a70d01c
7028JbvwuNs,Sophisticated Lady,Duke Ellington,Joe Pass,Portraits of Duke Ellington,1985,solo guitar,https://www.youtube.com/watch?v=7028JbvwuNs,"Joe Pass. Duke Ellington Medley: Prelude to a Kiss, Sophisticated Lady, Satin Doll.",jazzster123,Masterful unaccompanied solo guitar version,musicbrainz,4378bc3d-6831-40c2-8c76-88eb6b9b588e
VgQJvNhuiAE,Speak Low,Kurt Weill,Kurt Weill,Tryout,1953,vocal with piano,https://www.youtube.com/watch?v=VgQJvNhuiAE,"""Speak Low"" written and performed by Kurt Weill",cdiddypman,Composer's own performance of his song from the original show,musicbrainz,fcca37cf-8753-4559-b044-654619441415
LCxovHkhUz0,Speak Low,Kurt Weill,Billie Holiday,Verve Jazz Masters 12,1994,vocal with orchestra,https://www.youtube.com/watch?v=LCxovHkhUz0,Billie Holiday - Speak Low (1956) [Digitally Remastered],Classic Mood Experience,Iconic vocal interpretation of the standard,musicbrainz,5d093617-95fb-4d94-af00-04fe7537fc55
JWEfgyZGDlE,Speak Low,Kurt Weill,Bill Evans,New Jazz Conceptions,1957,piano trio,https://www.youtube.com/watch?v=JWEfgyZGDlE,Speak Low,Bill Evans,Early Evans trio reading with Kotick and Motian,musicbrainz,0dee0fd9-d4ce-4cbf-8d1f-bb8fae2e08bc
mW-3beTPQnE,Speak Low,Kurt Weill,Sarah Vaughan,After Hours at the London House,1959,vocal with quintet,https://www.youtube.com/watch?v=mW-3beTPQnE,Sarah Vaughan - Speak Low (Live @ The London House) Mercury Records 1958,RoundMidnightTV,Definitive vocal version with Clifford Brown sessions era,musicbrainz,d47aa0e5-1486-465f-95d7-6908b587ec84
gmI293BtWV8,Speak Low,Kurt Weill,Chet Baker Quintet,In Paris: The Complete 1955-1956 Barclay Sessions,2007,quintet,https://www.youtube.com/watch?v=gmI293BtWV8,Chet Baker & Gerry Mulligan - Speak Low,Tzazilas,West Coast cool quintet treatment,musicbrainz,6ce31352-c273-456e-ae0e-4b12775b7dfb
yjchQvOKMGQ,Speak Low,Kurt Weill,Stan Getz,Imported From Europe,1999,saxophone quartet,https://www.youtube.com/watch?v=yjchQvOKMGQ,Stan Getz - Speak Low,Jazz Everyday!,Lyrical tenor sax rendition,musicbrainz,838e178f-d889-4172-a689-9a95a1a2c0c4
lOpsAVFy7T0,Speak Low,Kurt Weill,Coleman Hawkins,The Hawk Relaxes,1961,saxophone combo,https://www.youtube.com/watch?v=lOpsAVFy7T0,Speak Low,Coleman Hawkins - Topic,Master tenor saxophonist's swinging take,musicbrainz,55c64316-ae49-432d-88a4-4baad2b85365
6mIdPeVRruI,Speak Low,Kurt Weill,Tito Puente,Cha Cha With Tito Puente at Grossinger's,1960,Latin big band,https://www.youtube.com/watch?v=6mIdPeVRruI,Speak Low,Tito Puente,Vibrant Afro-Cuban arrangement,musicbrainz,56c5d612-ba0b-4127-98c7-5b7fc7ccf495
y74CsOQ38ok,St. James Infirmary,[traditional],Louis Armstrong & His Savoy Ballroom Five,St. James Infirmary / Save It Pretty Mamma,1929,hot jazz band with vocal,https://www.youtube.com/watch?v=y74CsOQ38ok,Louis Armstrong & His Savoy Ballroom Five - St. James Infirmary (Audio),Louis Armstrong,"The definitive, genre-defining 1928 recording",musicbrainz,69e32090-f8cb-4d3d-abc4-7d2ec289be95
UXInk1PCsc8,St. James Infirmary,[traditional],Cab Calloway and His Orchestra,Nobody’s Sweetheart / St. James’ Infirmary,1931,big band with vocal,https://www.youtube.com/watch?v=UXInk1PCsc8,Cab Calloway 1933 Cartoon of St. James Infirmary Blues,John Corda,Iconic theatrical big-band vocal version,musicbrainz,1eb14189-1905-4c9a-883a-20dc667652da
ApJwS3Q8ow4,St. James Infirmary,[traditional],King Oliver and His Orchestra,Jazz Tribune No.6: King Oliver and His Orchestra (1929-1930),1992,hot jazz orchestra,https://www.youtube.com/watch?v=ApJwS3Q8ow4,"""St. James Infirmary"" - King Oliver and his Orchestra (1930)",Jazz Crazy,Early influential New Orleans-style rendition,musicbrainz,311ecb89-6a5d-4921-b787-b6901780e2d3
JpFsmRa07tg,St. James Infirmary,[traditional],Jack Teagarden and His Orchestra,The Blues Singer: 1931 - 1941,1991,big band with trombone vocal,https://www.youtube.com/watch?v=JpFsmRa07tg,St. James Infirmary,Jack Teagarden - Topic,Teagarden's signature trombone-and-vocal interpretation,musicbrainz,a775c7a6-4848-4086-8466-00a9e0db2e95
6DW2G8h3EnY,St. James Infirmary,[traditional],Artie Shaw and His Orchestra,The Chronological Classics: Artie Shaw and His Orchestra 1941-1942,2001,big band,https://www.youtube.com/watch?v=6DW2G8h3EnY,"St. James Infirmary (Parts 1&2) - Artie Shaw & His Orchestra (""Hot Lips"" Page, vocal) - Victor 27895",James Phillips,Notable swing-era orchestral arrangement,musicbrainz,927f625f-7beb-4829-82ad-1b564a10fcdb
nmaxuSVhU5I,St. James Infirmary,[traditional],Sidney Bechet,Salute to Sidney Bechet,1975,hot jazz with soprano sax,https://www.youtube.com/watch?v=nmaxuSVhU5I,St. James Infirmary,Sidney Bechet - Topic,Soulful New Orleans clarinet/soprano treatment,musicbrainz,71abe4f8-fc06-4a00-902d-1260353d707e
OD7nbck9P0U,St. James Infirmary,[traditional],Jimmy Smith,Monster,1965,organ combo,https://www.youtube.com/watch?v=OD7nbck9P0U,St. James Infirmary,Jimmy Smith - Topic,Soul-jazz Hammond organ reading,musicbrainz,8eb35225-218f-4656-abe6-262b67619330
QzcpUdBw7gs,St. James Infirmary,[traditional],Louis Armstrong & His All-Stars,New York Town Hall,1955,small group with vocal,https://www.youtube.com/watch?v=QzcpUdBw7gs,Louis Armstrong: St. James Infirmary,phalenopsis1,Mature All-Stars revisit of his classic,musicbrainz,1e0acde4-f091-4f10-bf1c-661ce5957332
fdakJqKPRDE,St. Thomas,Sonny Rollins,Sonny Rollins,Trio in Stockholm 1959 - St Thomas,1984,saxophone quartet,https://www.youtube.com/watch?v=fdakJqKPRDE,Sonny Rollins - St. Thomas (Official Audio) from Saxophone Colossus,Sonny Rollins,The definitive original version by the composer,musicbrainz,c9cfbe3a-36d2-48ba-9ffb-e9a24aca01d0
z4u9iDU5Cs0,St. Thomas,Sonny Rollins,Sonny Rollins Quartet,Saxophone Colossus,1957,saxophone quartet,https://www.youtube.com/watch?v=z4u9iDU5Cs0,"St. Thomas (Sonny Rollins) - Chad LB, Wayne Tucker, Noah Kellman, Ben Tiberio, Michael Piolet",Chad LB,Landmark quartet recording with Tommy Flanagan and Max Roach,musicbrainz,eabd0bbe-b596-43f7-b00e-ff7b58794352
VXOCGTfELMI,St. Thomas,Sonny Rollins,The Three Sounds,Good Deal,1993,piano trio,https://www.youtube.com/watch?v=VXOCGTfELMI,St. Thomas,The Three Sounds - Topic,Soulful piano trio reading,musicbrainz,ef6ff3c1-b666-4e14-91f4-bba54181e3b3
dIHeyeL08Sk,St. Thomas,Sonny Rollins,"Jim Hall, Bob Brookmeyer",Live at the North Sea Jazz Festival,1999,guitar and valve trombone group,https://www.youtube.com/watch?v=dIHeyeL08Sk,Jim Hall & Bob Brookmeyer   St  Thomas,Ilan Sanchez,Distinctive guitar/brass instrumentation,musicbrainz,e4013e19-bbf1-4eb1-abdf-3766051d1e72
q6FiaKWYp74,St. Thomas,Sonny Rollins,"Tommy Flanagan, Ron Carter, Tony Williams",The Master Trio,1983,piano trio,https://www.youtube.com/watch?v=q6FiaKWYp74,St. Thomas - Tommy Flanagan Trio,johnnystaccata,All-star piano trio with original Colossus pianist,musicbrainz,de0f6479-616f-4be7-86c6-7b00df310e8f
AIGFfandAEs,St. Thomas,Sonny Rollins,"Michel Petrucciani, Niels-Henning Ørsted Pedersen",Petrucciani NHØP,1994,piano and bass duo,https://www.youtube.com/watch?v=AIGFfandAEs,St. Thomas (Live),Michel Petrucciani - Topic,Virtuosic piano-bass duo interpretation,musicbrainz,b9b2f196-3b50-4f2e-a08c-76706cdf6b00
PLcSYNpswrw,St. Thomas,Sonny Rollins,Jimmy Smith,Daybreak,2008,organ combo,https://www.youtube.com/watch?v=PLcSYNpswrw,Jimmy Smith - St Thomas (Live 1992),Bob Hardy,Hammond organ take on the calypso theme,musicbrainz,f2039a32-5e70-4477-bbf1-de993ddfb9ee
7pvEtKafdXc,St. Thomas,Sonny Rollins,Branford Marsalis,Renaissance,1987,saxophone quartet,https://www.youtube.com/watch?v=7pvEtKafdXc,St. Thomas,Branford Marsalis,Modern tenor saxophone tribute to Rollins,musicbrainz,7e53d458-5979-4a46-b4dd-f81a69075a65
nasZ5s8sBV4,Star Eyes,"Gene De Paul,Don Raye",Charlie Parker,"Bird At St. Nick's, Volume 2",1957,alto saxophone with rhythm section,https://www.youtube.com/watch?v=nasZ5s8sBV4,Charlie Parker Quintet - Bird of Paradise,The Pleasure of Jazz,The definitive bebop reading that made the tune a jazz standard,musicbrainz,51ac7f58-3b57-4fe5-b016-d4a5c4b3a9eb
rnUQ9vU3pfc,Star Eyes,"Gene De Paul,Don Raye",Sonny Rollins,Rollins Plays for Bird,1956,tenor saxophone quartet (medley),https://www.youtube.com/watch?v=rnUQ9vU3pfc,"Star Eyes (feat. Sonny Rollins, Kenny Dorham)",Max Roach - Topic,Live medley featuring Rollins' inventive treatment,musicbrainz,51bf0130-ea00-4051-a2c7-b0dd1aeba3d7
a_XtFZP8We4,Star Eyes,"Gene De Paul,Don Raye",Art Pepper,Art Pepper Meets the Rhythm Section,1973,alto saxophone quartet,https://www.youtube.com/watch?v=a_XtFZP8We4,Art Pepper - Star Eyes (Official Visualizer),Art Pepper,Lyrical West Coast alto interpretation,musicbrainz,ec9dfa6c-edf1-4c32-930d-101c4758c856
23VzBuFkTMQ,Star Eyes,"Gene De Paul,Don Raye",Cannonball Adderley Quintet,Plus,1988,quintet,https://www.youtube.com/watch?v=23VzBuFkTMQ,Cannonball Adderley - Star Eyes (Official Audio),Cannonball Adderley,"Soulful, swinging hard-bop quintet version",musicbrainz,510ddb5d-b84b-4770-8713-a6f3bb5c0493
fHeZqIveMXw,Star Eyes,"Gene De Paul,Don Raye",Phineas Newborn Trio,Piano Portraits By Phineas Newborn,1959,piano trio,https://www.youtube.com/watch?v=fHeZqIveMXw,"Star Eyes (feat. Lee Konitz, Phineas Newborn Trio)",Lee Konitz - Topic,Virtuosic pianistic showcase,musicbrainz,9598e799-992c-40b6-a92f-8183df77bc4d
1ib0xmqTYhE,Star Eyes,"Gene De Paul,Don Raye","Bill Evans, Warne Marsh",Live at the Half Note,2008,"quintet (two reeds, piano trio)",https://www.youtube.com/watch?v=1ib0xmqTYhE,Star Eyes,Lennie Tristano - Topic,Cool-toned reed pairing with Evans,musicbrainz,17bda434-8197-4e73-9878-36d2d865bc6f
_BmpW2enTcg,Star Eyes,"Gene De Paul,Don Raye",Carmen McRae,Torchy,1955,vocal with orchestra,https://www.youtube.com/watch?v=_BmpW2enTcg,Star Eyes (1955) - Carmen McRae,Croonr1,Notable vocal rendition with lyrics,musicbrainz,31dec0f4-de11-4577-bc88-43a2146a3fb9
IjKf9HtA2pk,Star Eyes,"Gene De Paul,Don Raye",Roy Hargrove,Parker's Mood,1995,trumpet trio,https://www.youtube.com/watch?v=IjKf9HtA2pk,Star Eyes,Roy Hargrove,Modern young-lion take keeping the standard alive,musicbrainz,c73fef7c-8311-42c9-8e58-a7a3285100fe
WIE6U6Lrtrc,Stardust,Hoagy Carmichael,Louis Armstrong and His Orchestra,Star Dust / Wrap Your Troubles in Dreams (And Dream Your Troubles Away),1931,vocal with big band,https://www.youtube.com/watch?v=WIE6U6Lrtrc,Stardust - Louis Armstrong - The actual best version,busessuck1,"Definitive early vocal/trumpet interpretation, reshaped the melody",musicbrainz,df015a15-e3dd-4284-bec1-b36374663ecb
j2fbOAyNOpM,Stardust,Hoagy Carmichael,Hoagy Carmichael,Stardust / One Night in Havana,1927,orchestra with composer,https://www.youtube.com/watch?v=j2fbOAyNOpM,Stardust - Hoagy Carmichael - Original Version,Lee MacRealt,The composer's own version of his iconic standard,musicbrainz,c0097c64-de23-47a8-a6a1-8e14cb42fb24
niDdvJimRWI,Stardust,Hoagy Carmichael,Coleman Hawkins,Djangologie 1,1970,tenor saxophone with orchestra,https://www.youtube.com/watch?v=niDdvJimRWI,"Coleman Hawkins, Django Reinhardt  - STARDUST",konidolfine,Landmark swing-era tenor reading by a master balladeer,musicbrainz,0bd12aba-fa0d-4382-b788-85ca0fb8a298
CUCe-b1IQeU,Stardust,Hoagy Carmichael,Artie Shaw and His Orchestra,Personal Best,1992,big band,https://www.youtube.com/watch?v=CUCe-b1IQeU,Stardust - Artie Shaw And His Orchestra,vulcanswork,"Best-selling, definitive big-band arrangement with Jenney trombone solo",musicbrainz,47597382-b622-442c-9074-0843f899b1f1
RfDmO6K34AY,Stardust,Hoagy Carmichael,Art Tatum,Tatum Art: Art Tatum Live Performances 1934-1956,2008,solo piano,https://www.youtube.com/watch?v=RfDmO6K34AY,"Art Tatum plays Stardust (1934, 1953)",gullivior,Virtuosic solo piano showcase,musicbrainz,4eb5767a-c6f5-4cdf-a229-eed9776e6273
bpBvz5YDLo0,Stardust,Hoagy Carmichael,"Frank Sinatra, Tommy Dorsey and His Orchestra, The Pied Pipers",Star Dust / Swanee River,1940,vocal with big band,https://www.youtube.com/watch?v=bpBvz5YDLo0,Stardust (1994 Remastered),Frank Sinatra,Classic Sinatra vocal in the Dorsey era,musicbrainz,1dcb85ec-7364-4b2a-81c8-d4f297d0846f
R2o3t7CbrKs,Stardust,Hoagy Carmichael,Charlie Parker,The Complete Dean Benedetti Recordings of Charlie Parker,1990,alto saxophone with combo,https://www.youtube.com/watch?v=R2o3t7CbrKs,"""Stardust"" w/ Emmet Cohen & Patrick Bartley",Emmet Cohen,Bebop master's lyrical ballad interpretation,musicbrainz,0641705f-7538-465f-b4be-c482902bd6b4
z19ym9nICYc,Stardust,Hoagy Carmichael,Erroll Garner Trio,Jazz Legends,1994,piano trio,https://www.youtube.com/watch?v=z19ym9nICYc,STAR DUST by the Errol Garner Trio 1945,cdbpdx,"Distinctive, lush piano trio rendition",musicbrainz,2fce93e6-5a4a-4834-889f-472ebfd98fc4
XGx1HvLV_NQ,Stella By Starlight,Victor Young,Miles Davis,Jazz Track,1958,quintet,https://www.youtube.com/watch?v=XGx1HvLV_NQ,Miles Davis - Stella by Starlight (Audio) (Official Audio),Miles Davis,"Iconic spacious live interpretation, a defining modern reading",musicbrainz,1067937c-f7fc-4708-9661-5f6db0b89748
8KVIp9RdOC8,Stella By Starlight,Victor Young,Charlie Parker with Strings,Bird: The Complete Charlie Parker on Verve,1988,alto saxophone with strings,https://www.youtube.com/watch?v=8KVIp9RdOC8,Charlie Parker with Strings - Stella By Starlight,The Memory Of All That,Lush bebop-meets-strings landmark version,musicbrainz,aa59db60-d80d-4d13-873d-d6225d2f4bc0
IbzxJuvbH08,Stella By Starlight,Victor Young,Bill Evans Trio,"At Shelly’s Manne‐Hole, Hollywood, California",1966,piano trio,https://www.youtube.com/watch?v=IbzxJuvbH08,Stella by Starlight - Bill Evans Trio.,Friskounet,Harmonically rich piano trio treatment by a master interpreter,musicbrainz,7c511bbc-02b7-4e02-ad56-95f7045e34b6
uzZ1wQXub20,Stella By Starlight,Victor Young,Stan Getz,Stan Getz Plays,1988,tenor saxophone quartet,https://www.youtube.com/watch?v=uzZ1wQXub20,Stella By Starlight,Stan Getz,Warm cool-toned tenor balladry,musicbrainz,610c78ee-90c5-4bf0-9d20-37541bd5f95f
_hA_95euf5M,Stella By Starlight,Victor Young,Chet Baker,"This Time the Dream's on Me: Chet Baker Quartet Live, Volume 1",2000,trumpet quartet,https://www.youtube.com/watch?v=_hA_95euf5M,Stella by Starlight,Chet Baker,Lyrical West Coast cool reading,musicbrainz,702a00b4-687f-42a9-938e-743b680362e6
OlBdVQjIy7s,Stella By Starlight,Victor Young,Sarah Vaughan,After Hours,1966,vocal with orchestra,https://www.youtube.com/watch?v=OlBdVQjIy7s,Sarah Vaughan - Stella By Starlight (Roulette Records 1962),RoundMidnightTV,Definitive vocal interpretation with soaring range,musicbrainz,8bd7a7c8-bf87-41c5-84e3-db13c850c386
WW361KI2seQ,Stella By Starlight,Victor Young,Wes Montgomery,Dangerous,1999,guitar with strings,https://www.youtube.com/watch?v=WW361KI2seQ,Roland Balogh - Stella by Starlight - Wes Montgomery Jazz Guitar Competition 2015,Finucci Bros Quartet,Octave-rich guitar ballad classic,musicbrainz,d7e67ed5-6a42-46a4-b68e-ff9a9a98ee29
Au9DrtKLEpU,Stella By Starlight,Victor Young,Oscar Peterson,In Concert With Europe 1 From 1957 To 1969 - Olympia - Pleyel - Th. Champs-Elysees,1993,piano trio,https://www.youtube.com/watch?v=Au9DrtKLEpU,Oscar Peterson Trio 1971 - Stella by Starlight,rujazz,Virtuosic swinging piano trio rendition,musicbrainz,a0b10b10-17ad-4d58-b64e-d55762cb35cc
RbaGDDbpcQ4,Stolen Moments,Oliver Nelson,Oliver Nelson,The Blues and the Abstract Truth,1961,septet,https://www.youtube.com/watch?v=RbaGDDbpcQ4,Oliver Nelson Septet - Stolen Moments,60otaku4,The definitive original featuring Eric Dolphy and Freddie Hubbard,musicbrainz,39279aed-3dc3-48a4-9e34-b688d4e8b6b4
H7U9VF45gss,Stolen Moments,Oliver Nelson,Ahmad Jamal Trio,The Awakening,1970,piano trio,https://www.youtube.com/watch?v=H7U9VF45gss,Stolen Moments,AHMAD JAMAL - Official channel,Distinctive piano trio interpretation,musicbrainz,0cf85e9f-1a5b-4d76-b23b-3b2c340f4f6a
aK2p90Ji-j8,Stolen Moments,Oliver Nelson,Jimmy Smith,Angel Eyes,1996,organ combo,https://www.youtube.com/watch?v=aK2p90Ji-j8,Stolen Moments,Jimmy Smith - Topic,Soulful Hammond organ rendition,musicbrainz,17f8a070-5192-4030-bc08-b4ffdb7dae5b
AdfPVhKmtcQ,Stolen Moments,Oliver Nelson,Mark Murphy,Mark Murphy & Karlheinz Miklin Quartet in Concert - Just Jazz,1993,vocal with combo,https://www.youtube.com/watch?v=AdfPVhKmtcQ,Stolen Moments,Mark Murphy - Topic,Landmark vocalese version that popularized the tune as a vocal feature,musicbrainz,504f6407-caeb-4115-913f-161eccd41e47
heXxXUyF9so,Stolen Moments,Oliver Nelson,Kenny Burrell,Moon and Sand,1980,guitar combo,https://www.youtube.com/watch?v=heXxXUyF9so,Kenny Burrell - Stolen Moments (full album),Alessio Menconi Official Youtube Channel,Warm guitar-led take on the blues form,musicbrainz,aa525769-7888-45b0-9e99-92cd086a946c
-bI66qYItqQ,Stolen Moments,Oliver Nelson,Stanley Jordan,Stolen Moments,1991,solo guitar,https://www.youtube.com/watch?v=-bI66qYItqQ,Stanley Jordan - Stolen Moments - 8/23/1986 - Newport Jazz Festival (Official),Jazz on MV,Two-handed tapping solo guitar showcase,musicbrainz,7660f1ec-eb89-4b42-9221-357113c1dc39
54LawIAX8Vs,Stolen Moments,Oliver Nelson,New York Voices,New York Voices Live with The WDR Big Band Cologne,2013,vocal ensemble,https://www.youtube.com/watch?v=54LawIAX8Vs,Stolen Moments,New York Voices - Topic,Polished a cappella-style vocal harmony arrangement,musicbrainz,2cd6ae24-f600-4687-83f5-e5049587d9fe
IlbSfBvZp9M,Stolen Moments,Oliver Nelson,"Joe Locke, Kenny Barron",But Beautiful,1991,vibraphone and piano duo,https://www.youtube.com/watch?v=IlbSfBvZp9M,Joe Locke · Kenny Barron  - Stolen moments,Sasa Top,Intimate vibraphone-piano duo reading,musicbrainz,290e8e0b-1b0c-445b-96f8-767d36a72485
x9Qdy0zkFK4,Stompin' At The Savoy,"Benny Goodman,Chick Webb,Edgar Sampson",Chick Webb and His Orchestra,The Savoy Ballroom: House Bands: 1931-1955,2007,big band,https://www.youtube.com/watch?v=x9Qdy0zkFK4,Chick Webb and His Orchestra - Stompin' At The Savoy (1936),Classic Mood Experience,Original recording by co-composer's band at the Savoy Ballroom,musicbrainz,d99ddac7-688f-4b8e-a99e-38a2dc11fd05
reCn0l6S8H0,Stompin' At The Savoy,"Benny Goodman,Chick Webb,Edgar Sampson",Benny Goodman and His Orchestra,The Chronological Classics: Benny Goodman and His Orchestra 1935-1936,1994,big band,https://www.youtube.com/watch?v=reCn0l6S8H0,Benny Goodman and His Orchestra - Stompin' at the Savoy (1936),Classic Mood Experience,Definitive swing-era hit version by co-composer,musicbrainz,77a80899-f243-487e-b688-7ae045e965b3
XHX7NphXZOU,Stompin' At The Savoy,"Benny Goodman,Chick Webb,Edgar Sampson",The Benny Goodman Quartet,The Chronological Classics: Benny Goodman and His Orchestra 1936-1937,1995,quartet,https://www.youtube.com/watch?v=XHX7NphXZOU,1936 Benny Goodman Quartet - Stompin’ At The Savoy (78 transfer),The78Prof,"Landmark small-group reading with Wilson, Hampton, Krupa",musicbrainz,6c0433bd-6823-4678-9cc8-f1b5b794cfb0
K_LlPWjzwvQ,Stompin' At The Savoy,"Benny Goodman,Chick Webb,Edgar Sampson",Art Tatum,California Melodies,1994,solo piano,https://www.youtube.com/watch?v=K_LlPWjzwvQ,Art Tatum And His Band - Stompin’ At The Savoy,Heinz Becker,Virtuosic solo piano interpretation,musicbrainz,d0e7bc20-99f7-4648-a9f3-10bac67f25e6
Dk1toxG81nY,Stompin' At The Savoy,"Benny Goodman,Chick Webb,Edgar Sampson",Ella Fitzgerald & Louis Armstrong,Ella and Louis Again,1957,vocal duet with trio,https://www.youtube.com/watch?v=Dk1toxG81nY,✰ Ella Fitzgerald & Louis Armstrong - Stompin' At the Savoy,TheMother Ark,Celebrated vocal pairing of two jazz giants,musicbrainz,3297d9ea-dc5c-4349-b2c2-1fe3c4fd7a0c
H9LL3UtCkaU,Stompin' At The Savoy,"Benny Goodman,Chick Webb,Edgar Sampson",Clifford Brown & Max Roach,Verve Jazz Masters 44,1995,quintet,https://www.youtube.com/watch?v=H9LL3UtCkaU,Clifford Brown - Stompin' at the Savoy,Lennart Länk aka helluvagun,Hard-bop classic by the iconic quintet,musicbrainz,5e8900d1-6e07-4db0-beae-752e01c8f714
vUCPsNliArQ,Stompin' At The Savoy,"Benny Goodman,Chick Webb,Edgar Sampson",Erroll Garner,The Chronological Classics: Erroll Garner 1947-1949,2000,piano trio,https://www.youtube.com/watch?v=vUCPsNliArQ,Stompin' At The Savoy - Erroll Garner Trio,denguri 2,Swinging piano trio version,musicbrainz,94ed8845-1198-4552-b31f-f8c796cdc32e
ohIAAV1vVOI,Stompin' At The Savoy,"Benny Goodman,Chick Webb,Edgar Sampson",Wes Montgomery,Far Wes,1990,guitar combo,https://www.youtube.com/watch?v=ohIAAV1vVOI,Wes Montgomery   Stompin' at the Savoy,maria leggi,Notable guitar interpretation,musicbrainz,0ef52956-4d8e-4b9d-b94e-53e4fe824686
7naC7TF9OU0,Straight No Chaser,Thelonious Monk,Thelonious Monk Quintet,History of Jazz 1948–1955,2005,quintet,https://www.youtube.com/watch?v=7naC7TF9OU0,"Straight, No Chaser",Thelonious Monk,Composer's original recording of the tune,musicbrainz,14c5b34b-d1c4-43fd-9c57-a90af4dcb17e
Z5pzXE3qe2A,Straight No Chaser,Thelonious Monk,Miles Davis Sextet,Miles & Monk at Newport,1963,sextet,https://www.youtube.com/watch?v=Z5pzXE3qe2A,"John Coltrane & Miles Davis Sextet - Straight, No Chaser",Classic Mood Experience,Landmark version with Coltrane and Cannonball Adderley,musicbrainz,e769fbeb-ed6f-486b-bf38-8cf1d1b36e46
vRS0TZZifq4,Straight No Chaser,Thelonious Monk,"Thelonious Monk, Gerry Mulligan",Mulligan Meets Monk,1957,quartet,https://www.youtube.com/watch?v=vRS0TZZifq4,"Thelonious Monk, Gerry Mulligan - Straight, No Chaser",Jazz Everyday!,Classic Monk meeting with baritone sax,musicbrainz,7ff9e97f-6438-4721-a147-b737e4243ce6
0vcQlCDHC-g,Straight No Chaser,Thelonious Monk,Bud Powell,1962 Copenhagen,2021,piano trio,https://www.youtube.com/watch?v=0vcQlCDHC-g,Bud Powell - Straight no chaser PIANO SOLO,Jazz & Piano,Definitive bebop piano reading,musicbrainz,24ec04f2-e65e-41d2-adac-d38bca0c2796
G1NejeAi-vg,Straight No Chaser,Thelonious Monk,Wes Montgomery & Clark Terry,Vara Radio 1965,1988,quintet (guitar/trumpet),https://www.youtube.com/watch?v=G1NejeAi-vg,Wes Montgomery/Clark Terry - Straight No Chaser,bagsgroove1954,Guitar-trumpet front line interpretation,musicbrainz,9ba504a8-99a0-4c44-bcaa-eb2fdf3e4adc
Fgz2_gvzTZY,Straight No Chaser,Thelonious Monk,"Keith Jarrett, Gary Peacock, Jack DeJohnette",Bye Bye Blackbird,1993,piano trio,https://www.youtube.com/watch?v=Fgz2_gvzTZY,Straight No Chaser,Keith Jarrett,Modern Standards Trio benchmark,musicbrainz,d57b64e9-f75b-40a8-9a27-a898ac23e639
SzJ1u93iSWQ,Straight No Chaser,Thelonious Monk,"Eddie ""Lockjaw"" Davis, Johnny Griffin",The Tenor Scene,1961,tenor sax quintet,https://www.youtube.com/watch?v=SzJ1u93iSWQ,"Eddie ""Lockjaw"" Davis, Johnny Griffin - Straight, No Chaser",jazzsolos2,Hard-bop tenor battle take,musicbrainz,33611505-ad54-4eb9-9306-ff4750a2c517
e7Bx4wA4qp4,Straight No Chaser,Thelonious Monk,Oscar Peterson,Live At The North Sea Jazz Festival 1980,1980,piano trio,https://www.youtube.com/watch?v=e7Bx4wA4qp4,Straight No Chaser:  Oscar Peterson Quartet,Carlos Enrique Olivera Astete,Virtuosic swinging trio version,musicbrainz,159ef4e0-d788-4cbb-b838-a1f65ab444f0
,Summertime,George Gershwin,Sidney Bechet,The Complete Blue Note Recordings of Sidney Bechet,1985,clarinet/soprano sax with quintet,,,,Landmark early jazz instrumental rendition that became a hit,musicbrainz,4c55cc51-50d2-4ef1-a5fe-00982d6407fe
THflqYOqm3A,Summertime,George Gershwin,Billie Holiday,The Quintessential Billie Holiday Volume 2,1987,vocal with orchestra,https://www.youtube.com/watch?v=THflqYOqm3A,Billie Holiday & Her Orchestra - Summertime (Official Audio),Billie Holiday,First major jazz vocal recording of the tune,musicbrainz,0107d6bf-b3cc-4335-9073-2b02b0198dd9
1pzYfHIKVqQ,Summertime,George Gershwin,Charlie Parker with Strings,"The Definite Charlie Parker, Vol. 1",1965,alto sax with strings,https://www.youtube.com/watch?v=1pzYfHIKVqQ,Summertime - Charlie Parker With Strings,hotshiawase2,Bebop master in lush string setting,musicbrainz,ed64bcf9-78a2-4d51-8988-d18260aa77d8
oQMMIlG7qoI,Summertime,George Gershwin,Miles Davis,Porgy and Bess,1958,trumpet with big band/orchestra,https://www.youtube.com/watch?v=oQMMIlG7qoI,Summertime - Miles Davis with Gil Evans,johnnystaccata,Iconic Gil Evans orchestral arrangement,musicbrainz,3dc72e57-93b3-4c15-9a02-cd5f1ae066ba
2HJCN3upMHE,Summertime,George Gershwin,Ella Fitzgerald & Louis Armstrong,Porgy & Bess,1957,vocal duet with orchestra,https://www.youtube.com/watch?v=2HJCN3upMHE,"Louis Armstrong, Ella Fitzgerald - Summertime (Audio)",Ella Fitzgerald,Definitive vocal duet pairing,musicbrainz,9c09a3a8-9ae9-4370-98c7-1c5ad5416d28
X2T4naw681g,Summertime,George Gershwin,John Coltrane,Live at the Jazz Gallery,2011,saxophone quartet,https://www.youtube.com/watch?v=X2T4naw681g,Summertime (Stereo) (2022 Remaster),John Coltrane,"Modal, modern reinterpretation",musicbrainz,9f4d4527-1b4f-4edb-ab76-92edf8962251
BYsals4Z1gU,Summertime,George Gershwin,Sarah Vaughan,History of Jazz 1948–1955,2005,vocal with orchestra,https://www.youtube.com/watch?v=BYsals4Z1gU,Sarah Vaughan ft Joe Lippman & Orchestra - Summertime (Columbia Records 1949),RoundMidnightTV,Rich vocal interpretation by a jazz great,musicbrainz,514c44b2-d375-47ff-a93d-5a7913164d6c
CCdb8E_8WOI,Summertime,George Gershwin,Bill Evans,The Complete Riverside Recordings,1991,piano trio,https://www.youtube.com/watch?v=CCdb8E_8WOI,Bill Evans Trio - Summertime (Official Visualizer),Bill Evans,Lyrical pianistic treatment,musicbrainz,9dc8f4cc-c97b-4852-bb2c-06a3ea665272
irAAxgEHCzA,Sweet Georgia Brown,"Ben Bernie,Maceo Pinkard","Django Reinhardt, Stéphane Grappelli & The Quintet of the Hot Club of France",Swing From Paris,1990,string quintet (gypsy jazz),https://www.youtube.com/watch?v=irAAxgEHCzA,"Django Reinhardt, Stephane Grappelli, Quintette du Hot Club de France - Sweet Georgia Brown",Jazz Everyday!,"Definitive gypsy-jazz reading, virtuosic guitar-violin interplay",musicbrainz,fd7fa51d-b070-4faf-af60-9fb026da1b07
Py8SkJ4ihd4,Sweet Georgia Brown,"Ben Bernie,Maceo Pinkard",Coleman Hawkins & His All Star Jam Band,Sweet Georgia Brown / Out of Nowhere,1946,jam ensemble with tenor sax,https://www.youtube.com/watch?v=Py8SkJ4ihd4,Coleman Hawkins & His All Star Jam Band   SWEET GEORGIA BROWN   1937,Martin Schuurman,Landmark European all-star session,musicbrainz,b5e79f67-237a-4190-b021-a9ba0006825f
MsWMwpasE1s,Sweet Georgia Brown,"Ben Bernie,Maceo Pinkard",The Nat King Cole Trio,The Complete Capitol Recordings of the Nat King Cole Trio,1991,"piano trio (piano, guitar, bass)",https://www.youtube.com/watch?v=MsWMwpasE1s,Nat King Cole Trio-Sweet Georgia Brown,Milton Page,Swinging small-group trio classic,musicbrainz,24410849-2db3-4737-8233-6673d1bc671a
iDos8JsnZrE,Sweet Georgia Brown,"Ben Bernie,Maceo Pinkard",Art Tatum,God Is in the House,1973,solo piano,https://www.youtube.com/watch?v=iDos8JsnZrE,Art Tatum - Sweet Georgia Brown,Jazz Everyday!,Dazzling virtuoso solo piano treatment,musicbrainz,719e5d68-ac0e-42ba-b97a-9e0f001a08f6
nvbEeE5yofY,Sweet Georgia Brown,"Ben Bernie,Maceo Pinkard",Dizzy Gillespie,Volume 4: Young Bird 1945,1996,bebop sextet,https://www.youtube.com/watch?v=nvbEeE5yofY,Sweet Georgia Brown,Dizzy Gillespie - Topic,Bebop reworking of the chord changes,musicbrainz,a4d01ccc-0f2d-44bb-b8f3-d60e6f2f3281
JkxrCttCcHg,Sweet Georgia Brown,"Ben Bernie,Maceo Pinkard",Louis Armstrong,Louis Armstrong in Scandinavia,2007,trumpet with orchestra/vocal,https://www.youtube.com/watch?v=JkxrCttCcHg,Sweet Georgia Brown - Louis Armstrong,luchettodj94,Iconic Armstrong vocal and trumpet,musicbrainz,4d1e4047-b4a4-489d-a5ef-12fe8f0a5c55
2JyH1I2-tq8,Sweet Georgia Brown,"Ben Bernie,Maceo Pinkard",Sidney Bechet,Sidney Bechet in Switzerland,2014,clarinet/soprano sax with band,https://www.youtube.com/watch?v=2JyH1I2-tq8,"Sidney Bechet and Claude Luter - Sweet Georgia Brown - Paris, 1952",Heinz Becker,New Orleans master's exuberant version,musicbrainz,9bc997af-94a5-4303-b489-5c7140617809
lVaM12trCuM,Sweet Georgia Brown,"Ben Bernie,Maceo Pinkard",Oscar Peterson Trio,The Best of Oscar Peterson Trio,2001,piano trio,https://www.youtube.com/watch?v=lVaM12trCuM,"Oscar Peterson trio in Italy - WAVE, SWEET GEORGIA BROWN 1985",BirdsUnion,"Polished, swinging trio interpretation",musicbrainz,2e30c34e-7ce6-408d-b2f4-d7d893ecd4c7
-DHuW1h1wHw,Take Five,Paul Desmond,The Dave Brubeck Quartet,Time Out,1959,"piano quartet (alto sax, piano, bass, drums)",https://www.youtube.com/watch?v=-DHuW1h1wHw,"Dave Brubeck, The Dave Brubeck Quartet - Take Five (Audio)",Dave Brubeck,"The definitive original recording in 5/4 time, a landmark of cool jazz",musicbrainz,69db5ee7-2114-4dda-981d-d2aa8cba6f1f
JXi3rHqnAIU,Take Five,Paul Desmond,Paul Desmond,Take Five: The Best of Cool Saxophone,2004,"quartet (alto sax with guitar, bass, drums)",https://www.youtube.com/watch?v=JXi3rHqnAIU,"Desmond: Take Five / The Dave Brubeck Quartet, Live in Belgium, 1964",Dave Brubeck,Composer's own reinterpretation of his most famous tune,musicbrainz,1257c07e-b6b0-4c38-8df3-401c7aa7f535
-DHuW1h1wHw,Take Five,Paul Desmond,"The Dave Brubeck Trio, Gerry Mulligan",Live at the Berlin Philharmonie,1995,"quartet (baritone sax, piano, bass, drums)",https://www.youtube.com/watch?v=-DHuW1h1wHw,"Dave Brubeck, The Dave Brubeck Quartet - Take Five (Audio)",Dave Brubeck,Mulligan brings his baritone to the Brubeck classic live,musicbrainz,f5801074-9ff8-451c-8943-759b82eda1e1
hhq7fSrXn0c,Take Five,Paul Desmond,Al Jarreau,Look to the Rainbow,1989,vocal with jazz ensemble,https://www.youtube.com/watch?v=hhq7fSrXn0c,Al Jarreau 1976 -Take Five,tomgadd,"Famous vocalese version with lyrics, a Grammy-recognized rendition",musicbrainz,231c16e8-8e95-4627-a295-f27eb86d9b2d
sSPtWmavHxo,Take Five,Paul Desmond,George Benson,Bad Benson,1988,guitar quartet/combo,https://www.youtube.com/watch?v=sSPtWmavHxo,The HARDEST Solo I've Transcribed In YEARS! George Benson Take Five,Levi Clay,Soulful guitar-led interpretation,musicbrainz,af5bb759-aea0-403a-a595-ed070f0a83cd
uUPKeZ7tLaA,Take Five,Paul Desmond,Marian McPartland,Marian McPartland's Piano Jazz,2003,piano trio,https://www.youtube.com/watch?v=uUPKeZ7tLaA,"Dave Brubeck & Marian McPartland - ""Take Five""",SpatialBlues,Elegant piano-trio reading from a celebrated jazz pianist,musicbrainz,3ff10045-2ed5-4a29-a1bd-2c6426a19c2f
Ayil_Nq3pr0,Take Five,Paul Desmond,Toots Thielemans,East Coast West Coast,1994,harmonica with combo,https://www.youtube.com/watch?v=Ayil_Nq3pr0,Take Five,Toots Thielemans - Topic,Distinctive harmonica voicing of the melody,musicbrainz,d075d958-c8ca-45bf-a6f9-265f7f02ac69
88HlXiHo08k,Take Five,Paul Desmond,Marcin Wasilewski Trio,Standards (In memory of Marek Bliziński and Jarosław Śmietana),2016,piano trio,https://www.youtube.com/watch?v=88HlXiHo08k,"Take Five (P. Desmond) – Marcin Wądołowski Trio | Standards #polishjazz (Lemańczyk, Hornby)",SOLITON Poland,Modern European piano-trio reimagining,musicbrainz,f01ac5ba-9e82-457e-994d-98c4e893a63a
r2G1fKYFgVU,Take The A Train,Billy Strayhorn,Duke Ellington & His Orchestra,Giants of Jazz - Duke Ellington,1980,big band,https://www.youtube.com/watch?v=r2G1fKYFgVU,"Duke Ellington and His Famous Orchestra - Take the ""A"" Train (Audio)",DukeEllingtonVEVO,"The definitive original recording, Ellington's signature theme",musicbrainz,1eff4ecc-1137-4b6b-911c-74092b396db4
D6mFGy4g_n8,Take The A Train,Billy Strayhorn,Duke Ellington & His Orchestra,Duke Ellington and His Orchestra,1962,big band,https://www.youtube.com/watch?v=D6mFGy4g_n8,Duke Ellington and his Orchestra - Take The A Train (1962) [Official Video],StoryvilleRecords,Famous later live big band version featuring Paul Gonsalves,musicbrainz,208ca9a1-12e5-4c41-ab7f-d7baaa4083ed
D6mFGy4g_n8,Take The A Train,Billy Strayhorn,Ella Fitzgerald with Duke Ellington & His Orchestra,Compact Jazz: Duke Ellington and Friends,1991,vocal with big band,https://www.youtube.com/watch?v=D6mFGy4g_n8,Duke Ellington and his Orchestra - Take The A Train (1962) [Official Video],StoryvilleRecords,Iconic vocal interpretation with Ellington's band,musicbrainz,1bff238b-6bb6-4ab5-b487-ac6a1a7a2a3f
bm6LuXdVPsM,Take The A Train,Billy Strayhorn,Oscar Peterson,Oscar Peterson Plays Duke Ellington,1953,piano trio,https://www.youtube.com/watch?v=bm6LuXdVPsM,"Take The ""A"" Train",Oscar Peterson (The Estate of Oscar Peterson),Virtuosic piano trio reading,musicbrainz,828ae1f9-f573-4f40-9c2b-b600e6edb4ba
vAn_gyNcvN4,Take The A Train,Billy Strayhorn,Charles Mingus,Live at Montreux 1975,2004,solo piano,https://www.youtube.com/watch?v=vAn_gyNcvN4,Charles Mingus Sextet  - Feat.  Eric Dolphy  - Take The  A Train,All That Jazz Don Kaart,Distinctive reharmonized solo piano interpretation,musicbrainz,ff67a21a-a7c6-4417-af77-7e1728766490
DZO7QU0ZWW8,Take The A Train,Billy Strayhorn,Joe Henderson,The Standard Joe,1992,quintet,https://www.youtube.com/watch?v=DZO7QU0ZWW8,Take The A Train,Joe Henderson,Modern tenor sax take honoring composer Strayhorn,musicbrainz,76c1410e-9624-4130-92c6-6f36705adfb1
f7M3jRH7MvM,Take The A Train,Billy Strayhorn,Sun Ra and the Omniverse Jet Set Arkestra,The Complete Detroit Jazz Center Residency,2007,big band,https://www.youtube.com/watch?v=f7M3jRH7MvM,'Round Midnight' _ Sun Ra and the Omniverse Jet Set Arkestra,LoveCry M,Avant-garde Arkestra reimagining of the standard,musicbrainz,b05ee045-e8eb-482c-b180-5ce025186b60
z-zHSyBwh-I,Take The A Train,Billy Strayhorn,Sarah Vaughan,Masterpieces of Sarah Vaughan,1990,vocal with orchestra,https://www.youtube.com/watch?v=z-zHSyBwh-I,Sarah Vaughan - Take The A Train,Timjazznl ter Bals,Lush vocal version by a master interpreter,musicbrainz,2d76dda6-347d-4ee1-9cdb-492d650df004
34GiUu0wbNQ,Tenderly,Walter Gross,Sarah Vaughan,Don’t Blame Me / Tenderly,1946,vocal with orchestra,https://www.youtube.com/watch?v=34GiUu0wbNQ,Sarah Vaughan with George Treadwell Orchestra - Tenderly,60otaku4,Definitive early vocal reading; signature song for Vaughan,musicbrainz,1b85b4a6-405c-4a42-b470-03b82099ce22
meTBMQkcGhQ,Tenderly,Walter Gross,Art Tatum,The Chronological Classics: Art Tatum 1949-1953,2006,solo piano,https://www.youtube.com/watch?v=meTBMQkcGhQ,Tenderly (1949) Art Tatum,Freddy Pérez Ortiz,Dazzling virtuoso solo-piano interpretation,musicbrainz,5afa7428-8639-4445-8fe8-c3caca5cbbc3
XKN5jd7mkTM,Tenderly,Walter Gross,Erroll Garner,The Chronological Classics: Erroll Garner 1949,2000,solo piano,https://www.youtube.com/watch?v=XKN5jd7mkTM,Tenderly,Erroll Garner,"Lush, romantic Garner trademark performance",musicbrainz,6675e7e2-9572-4ca7-a306-f41a161bd530
nOzDXAs3imA,Tenderly,Walter Gross,"Rosemary Clooney, Percy Faith and His Orchestra",Rosie’s Greatest Hits,1958,vocal with orchestra,https://www.youtube.com/watch?v=nOzDXAs3imA,Rosemary Clooney with Percy Faith and His Orchestra  - Tenderly,All That Jazz Don Kaart,Hit pop-vocal rendition,musicbrainz,66cfdc21-337b-4e07-af84-17518e780402
CFFRLOkYYes,Tenderly,Walter Gross,The Clifford Brown–Max Roach Quintet,The Historic California Concerts 1954,2005,quintet,https://www.youtube.com/watch?v=CFFRLOkYYes,Clifford Brown - Tenderly (with Max Roach),NA,Hard-bop trumpet showcase,musicbrainz,d9f962bf-dbbe-4c43-9d3e-210e52f1443a
GQYUu3ubs8Q,Tenderly,Walter Gross,Bill Evans Trio,Everybody Digs Bill Evans,1959,piano trio,https://www.youtube.com/watch?v=GQYUu3ubs8Q,Bill Evans Trio - Tenderly (Remastered 2024 - Official Audio),Bill Evans,Lyrical modern piano-trio treatment,musicbrainz,ca52557b-b0f9-4607-b308-224187a65fb4
QsWHdyrwWI8,Tenderly,Walter Gross,"Ben Webster, Dave Frishberg, Richard Davis, Grady Tate",Valentine's Day 1964 Live,2018,tenor saxophone quartet,https://www.youtube.com/watch?v=QsWHdyrwWI8,Ben Webster - 52nd Street Theme,Dot Time Records,"Breathy, romantic tenor ballad master class",musicbrainz,8460a68a-9423-4b6f-9136-0d513febeb16
hCdpT1a4t1M,Tenderly,Walter Gross,"Oscar Peterson, Ray Brown",The Classic Years,2006,piano with bass,https://www.youtube.com/watch?v=hCdpT1a4t1M,Tenderly - Oscar Peterson Trio,Jazz City 500,Swinging duo interpretation by piano giant,musicbrainz,c47d32ff-005d-47b7-aa2d-1b7c85c6afd0
sx0TLkdWFEU,The Girl From Ipanema,Antonio Carlos Jobim,"Stan Getz, João Gilberto, Astrud Gilberto",Autour de minuit,1989,"vocal with bossa nova combo (sax, guitar, piano)",https://www.youtube.com/watch?v=sx0TLkdWFEU,01.- The Girl From Ipanema - Getz / Gilberto - Stan Getz & Joao Gilberto,Jazz & Blues,The definitive landmark recording that won Record of the Year,musicbrainz,7f68f674-7d3a-4510-a142-b73a9c4e4eb7
QBmPMIZ1gq8,The Girl From Ipanema,Antonio Carlos Jobim,"Frank Sinatra, Antônio Carlos Jobim",Sinatra/Jobim: The Complete Reprise Recordings,1967,vocal with orchestra,https://www.youtube.com/watch?v=QBmPMIZ1gq8,"Frank Sinatra, Antonio Carlos Jobim - The Girl From Ipanema (Audio)",Frank Sinatra,Iconic Sinatra-Jobim collaboration,musicbrainz,48e9666b-ae1f-4c64-9977-d61d3e9fb57d
xVlQrjak9Kk,The Girl From Ipanema,Antonio Carlos Jobim,Antônio Carlos Jobim,"The Composer of Desafinado, Plays",1963,orchestral instrumental,https://www.youtube.com/watch?v=xVlQrjak9Kk,Flor da Saudade - The Girl from Ipanema (Antônio Carlos Jobim),AramisEntertainment,Composer's own instrumental rendition,musicbrainz,2a09dd60-b4f1-48c9-bc43-236482aa76b5
55qFfWIMmak,The Girl From Ipanema,Antonio Carlos Jobim,The Oscar Peterson Trio,We Get Requests,1964,piano trio,https://www.youtube.com/watch?v=55qFfWIMmak,The Girl From Ipanema (Garota De Ipanema),Oscar Peterson (The Estate of Oscar Peterson),Elegant jazz piano trio interpretation,musicbrainz,e8f6d354-e6da-4424-8e38-027c9cf7e149
0mEAPqxED70,The Girl From Ipanema,Antonio Carlos Jobim,Ella Fitzgerald,Ella in Hamburg,1965,vocal with orchestra,https://www.youtube.com/watch?v=0mEAPqxED70,Ella Fitzgerald Girl From Ipanema 1965,corporalhenshaw,Gender-flipped 'Boy From Ipanema' by a vocal great,musicbrainz,7d9f71b5-f1ae-4928-ae64-dc5e97fef078
55WiV22HJgU,The Girl From Ipanema,Antonio Carlos Jobim,Eliane Elias,Fantasia,1992,vocal/piano with Brazilian combo,https://www.youtube.com/watch?v=55WiV22HJgU,The Girl From Ipanema,Eliane Elias Official,Authentic modern Brazilian reading,musicbrainz,d5fa3b66-7eca-473b-8b06-b6de19a33f6c
BymV2f2FAFA,The Girl From Ipanema,Antonio Carlos Jobim,The Charlie Byrd Trio,The Bossa Nova Years,1991,guitar trio,https://www.youtube.com/watch?v=BymV2f2FAFA,The Charlie Byrd Trio - The Girl From Ipanema (Official Audio),Charlie Byrd,Bossa nova pioneer's guitar trio version,musicbrainz,010535a9-d4fa-4c2d-b8fb-3653e61bab27
_S4Kn97oXFc,The Girl From Ipanema,Antonio Carlos Jobim,Sarah Vaughan,Masterpieces of Sarah Vaughan,1990,vocal with orchestra,https://www.youtube.com/watch?v=_S4Kn97oXFc,Sarah Vaughan - The Boy From Ipanema,Amaraa Tsoodol,Definitive jazz vocal interpretation,musicbrainz,3de29cc2-0577-4cff-9818-3dc8de8e6923
CRPq3bcBHjg,The Nearness Of You,Hoagy Carmichael,Glenn Miller & His Orchestra,The Nearness of You,1955,big band with vocal,https://www.youtube.com/watch?v=CRPq3bcBHjg,"1940 HITS ARCHIVE: The Nearness Of You - Glenn Miller (Ray Eberle, vocal)",The78Prof,Early definitive big-band hit version of the tune,musicbrainz,f37b25c8-be5f-46db-95cc-2e0c5e60614f
oNCB3AZr3_g,The Nearness Of You,Hoagy Carmichael,Sarah Vaughan,"You’re Mine, You / The Nearness of You",1950,vocal with trio,https://www.youtube.com/watch?v=oNCB3AZr3_g,Sarah Vaughan - The Nearness Of You,Timjazznl ter Bals,Sublime vocal interpretation by a master balladeer,musicbrainz,bf95c7d6-d8cc-497b-adc7-0948111acb76
4W5pJNwfC2U,The Nearness Of You,Hoagy Carmichael,"Charlie Parker, Woody Herman & the Herd",Bird With the Herd,1972,alto saxophone with orchestra,https://www.youtube.com/watch?v=4W5pJNwfC2U,The Nearness of You,Flip Phillips - Topic,Bird's lyrical bebop alto reading,musicbrainz,1c022caa-871f-402b-9c70-21ac3d1caebb
AqQZNj1JbbE,The Nearness Of You,Hoagy Carmichael,"Ben Webster, The Modern Jazz Quartet",1953: An Exceptional Encounter,2001,tenor saxophone with quartet,https://www.youtube.com/watch?v=AqQZNj1JbbE,The Nearness of You (feat. Ben Webster),The Modern Jazz Quartet - Topic,Webster's breathy tenor at its most romantic,musicbrainz,0bc74b9e-e2bb-44fc-a176-e6568d169058
sYunmzoguJg,The Nearness Of You,Hoagy Carmichael,"Ella Fitzgerald, Louis Armstrong",Ella and Louis,1956,vocal duet with trio,https://www.youtube.com/watch?v=sYunmzoguJg,The Nearness of You   Ella Fitzgerald and Louis Armstrong,Nagao Tani,Iconic Ella-and-Louis duet rendition,musicbrainz,9f82211e-d44f-4ba1-916c-4c5cbc557d17
hsczuCzyUs4,The Nearness Of You,Hoagy Carmichael,Norah Jones,"House of Blues, Chicago",2002,vocal with piano,https://www.youtube.com/watch?v=hsczuCzyUs4,The Nearness Of You,Norah Jones,Intimate modern crossover ballad version,musicbrainz,304a3100-8d6a-42ca-8e9c-2a396164b423
8kqaVy6FiYs,The Nearness Of You,Hoagy Carmichael,Houston Person,The Nearness of You,1977,tenor saxophone quartet,https://www.youtube.com/watch?v=8kqaVy6FiYs,Houston Person   The Nearness Of You,Danny Jarvis,"Soulful tenor balladry, a signature feature",musicbrainz,436a269f-287a-44f3-8ce4-1261a4561a83
wxXqR9ws0Dc,The Nearness Of You,Hoagy Carmichael,Bill Charlap,Stardust — The Bill Charlap Trio Plays the Music of Hoagy Carmichael,2002,piano trio,https://www.youtube.com/watch?v=wxXqR9ws0Dc,The Nearness Of You,Bill Charlap - Topic,Refined modern piano-trio interpretation,musicbrainz,39fbf10d-6cac-4ad1-b43e-b15595c680f4
42dxF5OBUxc,The Song Is You,Jerome Kern,Frank Sinatra,The Lamplighter’s Serenade / The Song Is You,1942,vocal with orchestra,https://www.youtube.com/watch?v=42dxF5OBUxc,"Tommy Dorsey, Frank Sinatra, Axel Stordahl - The Song Is You",Jazz Everyday!,Classic Sinatra reading with Axel Stordahl's lush arrangement,musicbrainz,ed13468e-60a8-4fba-954e-9013b093d737
JfMJCq1-jAU,The Song Is You,Jerome Kern,Charlie Parker,The Chronological Classics: Charlie Parker 1952-1954,1953,alto saxophone quartet,https://www.youtube.com/watch?v=JfMJCq1-jAU,The Song Is You,Charlie Parker,Bebop benchmark interpretation by Bird,musicbrainz,7be653d7-11f3-470d-ba15-e55873174e6c
Pu-0vBaZmc0,The Song Is You,Jerome Kern,Clifford Brown & Max Roach Quintet,More Live at the Bee Hive,2006,quintet,https://www.youtube.com/watch?v=Pu-0vBaZmc0,Clifford Brown & Max Roach Quintet - Sandu,60otaku4,Brilliant up-tempo hard bop classic,musicbrainz,0caaf1f5-f11a-4869-a25a-f149f14412d2
hAP-tL-3IMc,The Song Is You,Jerome Kern,Stan Getz,The Complete Roost Studio Sessions,2014,quintet,https://www.youtube.com/watch?v=hAP-tL-3IMc,The Song Is You (feat. Horace Silver & Jimmy Raney),Stan Getz,Lyrical Getz with Jimmy Raney and Horace Silver,musicbrainz,d7cfb73d-7e32-4442-9f91-cc5f7880adf7
qUPLd0Nsifs,The Song Is You,Jerome Kern,The Oscar Peterson Trio,The Complete Clef/Mercury Studio Recordings of the Oscar Peterson Trio (1951–1953),2008,piano trio,https://www.youtube.com/watch?v=qUPLd0Nsifs,The Song Is You,Oscar Peterson (The Estate of Oscar Peterson),Virtuosic swinging trio performance,musicbrainz,cb582acb-e429-43d7-8f21-c4743586cc0d
ED2Id5ZsOE4,The Song Is You,Jerome Kern,Sonny Rollins,Sonny Rollins and the Contemporary Leaders,1988,tenor saxophone quartet,https://www.youtube.com/watch?v=ED2Id5ZsOE4,Sonny Rollins - The Song Is You (Official Visualizer),Sonny Rollins,Robust Rollins tenor statement,musicbrainz,ff2ee2fe-549a-41e8-aa97-2244a823d571
bnrvFi04D1c,The Song Is You,Jerome Kern,"Keith Jarrett, Gary Peacock, Jack DeJohnette",Still Live,1988,piano trio,https://www.youtube.com/watch?v=bnrvFi04D1c,The Song Is You,Keith Jarrett,Definitive modern Standards Trio interpretation,musicbrainz,c7d5028b-7607-453d-8d6d-ce41d6b439a7
RJuDAlygfuQ,The Song Is You,Jerome Kern,"Lee Konitz, Brad Mehldau, Charlie Haden",Alone Together,1997,saxophone trio,https://www.youtube.com/watch?v=RJuDAlygfuQ,The Song Is You,Lee Konitz - Topic,"Intimate, exploratory contemporary version",musicbrainz,ab376864-2ff9-469d-8bb9-8ba493ccbb59
dIW_Ah0wg-w,The Way You Look Tonight,Jerome Kern,Fred Astaire,The Great American Composers: Jerome Kern,1990,vocal with orchestra,https://www.youtube.com/watch?v=dIW_Ah0wg-w,The Way You Look Tonight,Antonio,Original Oscar-winning film introduction of the song,musicbrainz,ea7785d8-fc86-4e94-991e-e4251689e25d
P94BqFv-lUE,The Way You Look Tonight,Jerome Kern,Billie Holiday with Teddy Wilson and His Orchestra,Easy to Love / The Way You Look Tonight,1936,vocal with swing band,https://www.youtube.com/watch?v=P94BqFv-lUE,Billie Holiday - The Way You Look Tonight (Take 2 - Official Audio) ft. Teddy Wilson,Billie Holiday,Definitive early swing-era vocal classic,musicbrainz,a96ebb69-a504-4649-955e-18d6198c9371
YFham2Xu6nA,The Way You Look Tonight,Jerome Kern,Frank Sinatra,The Music Stopped / I Couldn’t Sleep a Wink Last Night / The Way You Look Tonight,1944,vocal with orchestra,https://www.youtube.com/watch?v=YFham2Xu6nA,The Way You Look Tonight (2008 Remastered),Frank Sinatra,Quintessential crooner ballad reading with Stordahl arrangement,musicbrainz,d9dfcba4-8b59-42db-81d0-b60caaf23fbe
sbSOpOffGTI,The Way You Look Tonight,Jerome Kern,Thelonious Monk with Sonny Rollins,Thelonious Monk & Sonny Rollins,1956,quartet,https://www.youtube.com/watch?v=sbSOpOffGTI,The Way You Look Tonight by Thelonious Monk from 'Thelonious Monk and Sonny Rollins',Thelonious Monk,Bebop landmark with Monk and Rollins,musicbrainz,931cc3c9-c11a-450b-9af8-cb5f1552ff6f
HQe9zbtTqhA,The Way You Look Tonight,Jerome Kern,Erroll Garner Trio,Rhapsody,1950,piano trio,https://www.youtube.com/watch?v=HQe9zbtTqhA,The Way You Look Tonight,Erroll Garner,Garner's exuberant trio treatment,musicbrainz,aa31a434-35da-4bd6-aa38-977e359eff5d
kx0VlB1Xq_E,The Way You Look Tonight,Jerome Kern,Oscar Peterson Trio,The Complete Clef/Mercury Studio Recordings of the Oscar Peterson Trio (1951–1953),2008,piano trio,https://www.youtube.com/watch?v=kx0VlB1Xq_E,The Way You Look Tonight,Oscar Peterson (The Estate of Oscar Peterson),Virtuosic swinging trio version,musicbrainz,3e32d58c-135f-4cf5-8c6b-e40983fbec4f
U0vU3F3-M2s,The Way You Look Tonight,Jerome Kern,"Keith Jarrett, Gary Peacock, Jack DeJohnette",Standards Live,1986,piano trio,https://www.youtube.com/watch?v=U0vU3F3-M2s,The Way You Look Tonight,Keith Jarrett,Modern standards-trio benchmark,musicbrainz,ee763978-3849-4a29-bb25-198367d1f458
MiFyCtt8T0E,The Way You Look Tonight,Jerome Kern,Stan Getz with Chet Baker,West Coast Live,1997,quintet,https://www.youtube.com/watch?v=MiFyCtt8T0E,The Way You Look Tonight,Stan Getz,Cool-jazz pairing of two lyrical voices,musicbrainz,ede48cf2-2fa2-4f3b-a6d9-3c0a51c8a18b
e9HvZAOg4so,There Is No Greater Love,Isham Jones,Isham Jones' Orchestra,Life Begins When You're in Love / There Is No Greater Love,1936,big band,https://www.youtube.com/watch?v=e9HvZAOg4so,"There is no greater love,  composed by Isham Jones.",Broadway Orchestra,Composer's original recording of the tune,musicbrainz,37d1974b-0b44-47d3-8386-45ae06a04730
lvEkfuoCkZM,There Is No Greater Love,Isham Jones,Billie Holiday,Compact Jazz: Billie Holiday Live,1989,vocal with orchestra,https://www.youtube.com/watch?v=lvEkfuoCkZM,Billie Holiday-There is No Greater Love (LIVE),bilieholidayonline,Definitive vocal interpretation,musicbrainz,325149b5-62c4-4a03-b679-bb876ceb1eb3
8ydw3BRvDEM,There Is No Greater Love,Isham Jones,Dinah Washington & Clifford Brown,Clifford Brown & The Ladies of Jazz,2012,vocal with quintet,https://www.youtube.com/watch?v=8ydw3BRvDEM,Dinah Washington & Clifford Brown - 1954 - Dinah Jams - 05 There Is No Greater Love,JazzTube,Celebrated vocal-trumpet collaboration,musicbrainz,0018980a-e998-4495-bbfb-9cd780a2f7e2
4ZBCxqtZP2o,There Is No Greater Love,Isham Jones,Miles Davis Quintet,Miles,1956,quintet,https://www.youtube.com/watch?v=4ZBCxqtZP2o,Miles Davis - There Is No Greater Love (Official Visualizer)- from MILES:The New Miles Davis Quintet,Miles Davis,Hard-driving 1960s quintet reading,musicbrainz,4cb0bb3b-0f02-4adf-aeda-533498857bdd
JJaF12EdhjI,There Is No Greater Love,Isham Jones,Sonny Rollins,"The Encyclopedia of Jazz, Part 5/5: Modern Jazz - Cool Jazz",2008,saxophone trio,https://www.youtube.com/watch?v=JJaF12EdhjI,Sonny Rollins There is no Greater Love 1973,Hermer06,Robust tenor trio treatment,musicbrainz,0d50230a-aeca-4d22-91eb-865da5a7dd9a
-oLjDg80DNA,There Is No Greater Love,Isham Jones,The Oscar Peterson Trio,The London House Sessions,1996,piano trio,https://www.youtube.com/watch?v=-oLjDg80DNA,There Is No Greater Love,Oscar Peterson (The Estate of Oscar Peterson),Swinging benchmark piano trio version,musicbrainz,dc8ea579-c473-4127-a993-5153b6086542
Z_viOHybgQE,There Is No Greater Love,Isham Jones,Stan Getz & Kenny Barron,People Time,1992,saxophone and piano duo,https://www.youtube.com/watch?v=Z_viOHybgQE,Stan Getz-Kenny Barron-(there is)NO GREATER LOVE-Tribute cover drums(audio),jazzmirdr,Intimate late-career duo recording,musicbrainz,e2737c5c-1243-46fa-b799-8c7d23363d29
3YGjWjgiuJk,There Is No Greater Love,Isham Jones,Wynton Kelly Trio with Wes Montgomery,Smokin’ in Seattle: Live at the Penthouse,2017,guitar with piano trio,https://www.youtube.com/watch?v=3YGjWjgiuJk,There Is No Greater Love (Live),Release - Topic,Landmark live guitar quartet performance,musicbrainz,372399bb-bd8f-4473-a14f-853b5fb3d7f3
3xpcBx1Gm-c,There Will Never Be Another You,Harry Warren,Chet Baker,Californian Jam Sessions,2004,trumpet quartet,https://www.youtube.com/watch?v=3xpcBx1Gm-c,Chet Baker - There Will Never Be Another You,Florian Haug,Iconic West Coast cool reading by Baker,musicbrainz,d660239f-6f47-4758-9925-863c4b77b585
zk0vk5MY8iI,There Will Never Be Another You,Harry Warren,Sonny Rollins,Trio in Stockholm 1959 - St Thomas,1984,tenor saxophone quartet,https://www.youtube.com/watch?v=zk0vk5MY8iI,There Will Never Be Another You (1995 Remastered),Sonny Rollins,"Landmark tenor performance, hard-bop classic",musicbrainz,a24fedc2-c644-41b3-b109-f4de05b41a70
D3IGe2m--7U,There Will Never Be Another You,Harry Warren,Dexter Gordon,Come Rain or Come Shine,1989,tenor saxophone quartet,https://www.youtube.com/watch?v=D3IGe2m--7U,Dexter Gordon Quartet - There Will Never Be Another You,rujazz,Definitive Blue Note tenor version with Sonny Clark,musicbrainz,bc1791a3-d9cf-4401-b84d-05f6e2f36947
SsekKA-_FNw,There Will Never Be Another You,Harry Warren,Lester Young with the Oscar Peterson Trio,Lester Young with the Oscar Peterson Trio #2,1954,tenor saxophone with rhythm,https://www.youtube.com/watch?v=SsekKA-_FNw,There Will Never Be Another You,Lester Young - Topic,"Lyrical, swinging Prez interpretation",musicbrainz,65803480-aa5d-46c7-91a2-cf58ce85de51
dYVQa4vHDOE,There Will Never Be Another You,Harry Warren,Sarah Vaughan,Live at the 1971 Monterey Jazz Festival,2007,vocal with orchestra,https://www.youtube.com/watch?v=dYVQa4vHDOE,Sarah Vaughan “There Will Never Be Another You” (1970),SassysBlues,Premier vocal rendition,musicbrainz,cdfde67b-5ea8-4fd5-8d68-d45bc5c374ee
ObIT8iioWvU,There Will Never Be Another You,Harry Warren,Wes Montgomery with the Billy Taylor Trio,Wes Montgomery and the Billy Taylor Trio,2006,guitar with trio,https://www.youtube.com/watch?v=ObIT8iioWvU,There Will Never Be Another You,Wes Montgomery,Celebrated up-tempo guitar showcase,musicbrainz,895ebf38-6316-432f-8c43-a34a87dee169
BWBhiLzvX8Y,There Will Never Be Another You,Harry Warren,Art Pepper,Everything Happens To Me: 1959 - Live At The Cellar,2026,alto saxophone quartet,https://www.youtube.com/watch?v=BWBhiLzvX8Y,Art Pepper - There Will Never Be Another You (Official Audio),Art Pepper,Fiery live alto performance,musicbrainz,b9b86dc0-0fb1-4ab2-b3ff-4b1e1464feaa
EJ8iAGoWB9g,There Will Never Be Another You,Harry Warren,Hank Mobley,The Jazz Message of Hank Mobley,1956,tenor saxophone quartet,https://www.youtube.com/watch?v=EJ8iAGoWB9g,Hank Mobley - There Will Never Be Another You,Erlendur Svavarsson,Hard-bop standard reading,musicbrainz,43c67cbe-dddf-4f4f-b25f-355cca60e7c6
1BKwWdkjFPE,Things Ain’t What They Used To Be,Mercer Ellington,Johnny Hodges and His Orchestra,The Indispensable Duke Ellington and the Small Groups - Vol.9/10 (1940-1946),1985,big band,https://www.youtube.com/watch?v=1BKwWdkjFPE,Things Ain't What They Used To Be (1995 Remastered),Johnny Hodges - Topic,"Original 1941 recording under Hodges, the tune's debut",musicbrainz,8684c4e5-8aef-4d38-bed4-e71e0214e641
pOePGV9Utrk,Things Ain’t What They Used To Be,Mercer Ellington,Duke Ellington and His Orchestra,The Chronological Classics: Duke Ellington and His Orchestra 1942-1944,1996,big band,https://www.youtube.com/watch?v=pOePGV9Utrk,Duke Ellington - Things Ain't What They Used To Be (1962) [official video],StoryvilleRecords,Definitive Ellington orchestra reading of his son's blues,musicbrainz,79990df9-b091-40b0-ad8d-0abf5d67596f
c0dwWTQsatM,Things Ain’t What They Used To Be,Mercer Ellington,"Frank Wess, John Coltrane, Paul Quinichette, Mal Waldron",Wheelin’ & Dealin’,1958,sextet,https://www.youtube.com/watch?v=c0dwWTQsatM,"John Coltrane, Frank Wess & Paul Quinichette - Things Ain't What They Used To Be (Official Audio)",John Coltrane,Hard-bop jam session with young Coltrane,musicbrainz,f73c7956-a05c-426d-9477-202b8a5c985d
psccSyPoOW4,Things Ain’t What They Used To Be,Mercer Ellington,Charles Mingus,Shoes of the Fisherman’s Wife,1988,combo,https://www.youtube.com/watch?v=psccSyPoOW4,Things Ain't What They Used to Be,Charles Mingus,Mingus's vibrant take on the Ellington blues,musicbrainz,302e8069-6df8-44bd-9f77-2c9abb0ee664
MTUJwxOWdt8,Things Ain’t What They Used To Be,Mercer Ellington,Oscar Peterson Trio,The Complete Clef/Mercury Studio Recordings of the Oscar Peterson Trio (1951–1953),2008,piano trio,https://www.youtube.com/watch?v=MTUJwxOWdt8,Things Ain't What They Used To Be,Oscar Peterson (The Estate of Oscar Peterson),Swinging trio version from a landmark Ellington-tinged album,musicbrainz,903df6fe-0b01-41b4-8571-2ef637204679
GyYgY8r9ByI,Things Ain’t What They Used To Be,Mercer Ellington,"Ella Fitzgerald, The Count Basie Orchestra","Live From Tilburg, Holland 1971 / Live From La Cabaret Casino, Paradise Island, Nassau 1969",1994,vocal with big band,https://www.youtube.com/watch?v=GyYgY8r9ByI,Ella Fitzgerald - Things Ain't What They Used to Be,Jazz Galore,Vocal version with Basie's powerhouse band,musicbrainz,6d1b65c9-60fe-4f3e-8aec-08301c09184c
44gVMQUHUuo,Things Ain’t What They Used To Be,Mercer Ellington,"Archie Shepp, Richard Davis",Body and Soul,1989,saxophone and bass duo,https://www.youtube.com/watch?v=44gVMQUHUuo,Things Ain't What They Used to Be,Archie Shepp,Intimate avant-leaning duo interpretation,musicbrainz,695050fe-c0ff-469d-8a1c-2acd805a8c80
wiKyxX9R-yI,Things Ain’t What They Used To Be,Mercer Ellington,Wild Bill Davis and His Real Gone Organ,The Chronological Classics: Duke Ellington and His Orchestra 1950,2001,organ combo,https://www.youtube.com/watch?v=wiKyxX9R-yI,But Not for Me,Wild Bill Davis - Topic,Pioneering Hammond organ arrangement of the blues,musicbrainz,2e3f473a-7bfa-4952-af73-759e2af2d26a
CrmFJjmRIi4,Watermelon Man,Herbie Hancock,Herbie Hancock,Takin’ Off,1962,quintet,https://www.youtube.com/watch?v=CrmFJjmRIi4,Watermelon Man,Herbie Hancock,Original hard-bop version by the composer,musicbrainz,8d0717d5-f64a-473c-84f7-2060fccdc44c
ppJQKfqhFfE,Watermelon Man,Herbie Hancock,The Headhunters,Live From Brooklyn Bowl,2023,electric jazz-funk combo,https://www.youtube.com/watch?v=ppJQKfqhFfE,Watermelon Man,Herbie Hancock,Iconic funk reimagining with beer-bottle hindewhu intro,musicbrainz,8952b1d3-963a-4b70-9e73-3e4aa5555e5c
CSOOOAaS8eY,Watermelon Man,Herbie Hancock,Mongo Santamaría,"Summer of Soul (... Or, When the Revolution Could Not Be Televised) [original Motion Picture Soundtrack]",2022,Latin/Afro-Cuban ensemble,https://www.youtube.com/watch?v=CSOOOAaS8eY,Mongo Santamaria - Watermelon Man Jazz Funk version,Thomas laffing,Hit Latin-soul version that made the tune famous,musicbrainz,0abceccf-61cb-4d86-b64c-6279cd45fb21
0vUlD6yqiEA,Watermelon Man,Herbie Hancock,Poncho Sanchez,Concord Jazz Super Audio CD Sampler,2003,Latin jazz octet,https://www.youtube.com/watch?v=0vUlD6yqiEA,Watermelon Man,ponchosancheztv,Latin jazz tribute featuring Mongo Santamaría himself,musicbrainz,39de8e9d-3785-4e58-9dc0-6df26c5bcf07
I7ExFr5M3iQ,Watermelon Man,Herbie Hancock,Jimmy Smith,Damn!,1995,organ combo with big band,https://www.youtube.com/watch?v=I7ExFr5M3iQ,◄ Jimmy Smith  ☼ Watermelon Man Live in Germany 2004 ♫ youtube original,Le Caignec Rémi,Soul-jazz organ treatment,musicbrainz,e8fcd9a1-0974-4282-b521-494dd9799744
DOW47xv4Gxs,Watermelon Man,Herbie Hancock,Gerald Wilson Orchestra,Feelin' Kinda Blues,1965,big band,https://www.youtube.com/watch?v=DOW47xv4Gxs,Watermelon Man,Gerald Wilson - Topic,Notable big band arrangement,musicbrainz,719f77c1-6e83-4d7e-9ec2-f2ccbaa0fec6
yTeRd0eYERU,Watermelon Man,Herbie Hancock,Quincy Jones,Super Hits,1988,big band,https://www.youtube.com/watch?v=yTeRd0eYERU,Watermelon Man,Quincy Jones Productions,Polished big band version by Quincy Jones,musicbrainz,0921a22a-9a5d-40fe-a22e-4db43d960872
jB29mvZkelA,Watermelon Man,Herbie Hancock,Lionel Loueke,HH,2020,guitar trio,https://www.youtube.com/watch?v=jB29mvZkelA,Watermelon Man,Lionel Loueke,Modern African-inflected guitar interpretation,musicbrainz,b63df5c0-a0cc-4716-912e-cfcd434873f2
tBzyp-2kNhg,Wave,Antonio Carlos Jobim,Antônio Carlos Jobim,Wave,1967,orchestra with guitar (composer's lush arrangement),https://www.youtube.com/watch?v=tBzyp-2kNhg,Tribute to Jobim ⎮Wave ⎮Joscho Stephan Trio feat. Marcus Schinkel,Joscho Stephan,"Composer's definitive original recording, the title track of his landmark 1967 album",musicbrainz,3070236e-928f-4be0-b45c-81f079a4bc9f
5IAg6XY-0rI,Wave,Antonio Carlos Jobim,Oscar Peterson,Oscar Peterson in Russia,1996,piano with orchestra,https://www.youtube.com/watch?v=5IAg6XY-0rI,Wave (Remastered),Oscar Peterson (The Estate of Oscar Peterson),Elegant Peterson reading with Claus Ogerman orchestration,musicbrainz,1e7c7247-21b8-4a0a-985b-8bcd229786be
sVUCD5MwqyQ,Wave,Antonio Carlos Jobim,Stanley Turrentine,Blue Note Plays Jobim,1996,tenor saxophone quintet/soul-jazz,https://www.youtube.com/watch?v=sVUCD5MwqyQ,Wave,Stanley Turrentine - Topic,"Soulful, groove-driven tenor interpretation",musicbrainz,27ecaec7-83f2-4089-baf8-167672a610dd
Y66-bZPWl0A,Wave,Antonio Carlos Jobim,"Milt Jackson, Joe Pass, Ray Brown",The Big 3,1976,vibraphone/guitar/bass trio,https://www.youtube.com/watch?v=Y66-bZPWl0A,Wave,Milt Jackson - Topic,Intimate Pablo all-star trio chamber-jazz version,musicbrainz,3fc39e5b-f9ff-48fc-96c9-b4daf4170649
tw_S8lqu0wk,Wave,Antonio Carlos Jobim,"Oscar Peterson, Joe Pass, Niels‐Henning Ørsted Pedersen",The Good Life,1984,piano/guitar/bass trio,https://www.youtube.com/watch?v=tw_S8lqu0wk,Oscar Peterson & Niels-Henning Ørsted Pedersen • 15-07-1979 • World of Jazz,World of Jazz,Live Pablo trio showcasing virtuosic interplay,musicbrainz,9ab784cf-7149-49d0-8272-e1ba8a5547ae
2RCnbOzCj1I,Wave,Antonio Carlos Jobim,João Gilberto,João Gilberto in Tokyo,2004,voice with guitar,https://www.youtube.com/watch?v=2RCnbOzCj1I,João Gilberto - Wave,jon jon jon,Definitive intimate bossa nova vocal-guitar rendition,musicbrainz,7f92419e-5192-4ac0-87b2-e7854608ad1d
IfSOhv6QRKI,Wave,Antonio Carlos Jobim,McCoy Tyner,Supertrios,1989,piano trio,https://www.youtube.com/watch?v=IfSOhv6QRKI,Wave,McCoy Tyner Trio - Topic,Powerful modal-tinged pianistic take,musicbrainz,22b110d8-82b0-4c1c-a6d8-6e65d4036f84
pKS6uFF2y44,Wave,Antonio Carlos Jobim,Eliane Elias,Fantasia,1992,piano trio (Brazilian jazz),https://www.youtube.com/watch?v=pKS6uFF2y44,Wave,Eliane Elias Official,Authoritative Brazilian pianist's Jobim interpretation,musicbrainz,1341d9cf-5328-43db-8286-f983ee94128b
HxLv59R8uiw,"Well, You Needn't",Thelonious Monk,Thelonious Monk Trio,’Round About Midnight / Well You Needn’t,1948,piano trio,https://www.youtube.com/watch?v=HxLv59R8uiw,Litchfield Jazz Presents : Well You Needn't : Peter Bernstein Quartet,Litchfield Performing Arts,Composer's foundational trio reading of his own tune,musicbrainz,e085d6ff-e8e6-4b82-bb36-7fa17d738bd2
q-d32veDFOw,"Well, You Needn't",Thelonious Monk,Thelonious Monk Septet,Monk's Music,1957,septet,https://www.youtube.com/watch?v=q-d32veDFOw,Well You Needn't by Thelonious Monk from 'Monk's Music',Thelonious Monk,"Famous 'Coltrane, Coltrane!' shout version with Coltrane and Hawkins",musicbrainz,29563239-f0f1-41d8-84c6-f94c75c89d3a
MSmTZry-u-A,"Well, You Needn't",Thelonious Monk,Miles Davis Quintet,The Unissued Café Bohemia Broadcasts,2013,quintet,https://www.youtube.com/watch?v=MSmTZry-u-A,5 - Well You Needn't by Miles Davis from 'Steamin' With The Miles Davis Quintet',Miles Davis,First great quintet's classic hard-bop interpretation,musicbrainz,2719124e-b2a4-4d8b-8322-71c7778a592c
e5ebCLWLXP8,"Well, You Needn't",Thelonious Monk,"Eddie ""Lockjaw"" Davis, Johnny Griffin",Live at Minton's,1998,two-tenor quintet,https://www.youtube.com/watch?v=e5ebCLWLXP8,"Well, You Needn't (Live At Minton’s Playhouse, New York City, NY / January 6, 1961)","Eddie ""Lockjaw"" Davis",Hard-swinging tenor battle treatment,musicbrainz,ca960236-2ec2-4749-81b0-7cc6765bcdb1
qjlzIlIf5Ac,"Well, You Needn't",Thelonious Monk,"Mal Waldron, Steve Lacy",Live at Dreher Paris 1981,2003,piano and soprano sax duo,https://www.youtube.com/watch?v=qjlzIlIf5Ac,Well You Needn't,Steve Lacy - Topic,Intimate Monk-dedicated duo by two Monk specialists,musicbrainz,b6be9635-6fb2-47e2-9d0f-bbb46f38a43b
zR_kNYOgOz0,"Well, You Needn't",Thelonious Monk,Sphere,On Tour,1986,quartet,https://www.youtube.com/watch?v=zR_kNYOgOz0,Will You Needn't,Sphere: Charlie Rouse - Topic,Monk-tribute band featuring Charlie Rouse,musicbrainz,fbc2c056-6b03-4af5-8ab0-8036c45344af
-6_TasgB6nc,"Well, You Needn't",Thelonious Monk,Kenny Barron,"Live at Maybeck Recital Hall, Volume Ten",1991,piano trio,https://www.youtube.com/watch?v=-6_TasgB6nc,Kenny Barron - Well you needn't,PARAMAX FILMS,Authoritative modern piano-trio reading,musicbrainz,b970d15a-c4d1-4046-a042-d06cce3b5933
CVlneZy3sXs,"Well, You Needn't",Thelonious Monk,Gonzalo Rubalcaba,At Montreux,1990,piano trio,https://www.youtube.com/watch?v=CVlneZy3sXs,Well You Needn't (Live At Montreux),Gonzalo Rubalcaba - Topic,Virtuosic contemporary reharmonization,musicbrainz,bfc3290f-948f-4867-9c0b-85f2e39991b1
eYm1oBfWU4s,What Is This Thing Called Love?,Cole Porter,Artie Shaw and His Orchestra,Jazz in the Charts 046 (1939),2006,big band,https://www.youtube.com/watch?v=eYm1oBfWU4s,What Is This Thing Called Love - Artie Shaw - 1938,Swing Blues Jazz 78 RPM,Definitive swing-era big band reading by a major bandleader,musicbrainz,03af9749-5fd1-47ab-bd04-4e37c07ec0dd
40RWUCPxXbA,What Is This Thing Called Love?,Cole Porter,Charlie Parker,Charlie Parker Records,2012,alto saxophone with strings,https://www.youtube.com/watch?v=40RWUCPxXbA,What Is This Thing Called Love? (Live At Carnegie Hall/1950),Charlie Parker,Bird's lush strings interpretation of a bebop staple,musicbrainz,9cb9ec30-2acf-48a9-ba37-2f92f7ae7686
l6dqsHli6sA,What Is This Thing Called Love?,Cole Porter,Clifford Brown & Max Roach,Clifford Brown and Max Roach at Basin Street,1990,quintet,https://www.youtube.com/watch?v=l6dqsHli6sA,What Is This Thing Called Love?,Clifford Brown - Topic,Hard bop landmark with brilliant trumpet work,musicbrainz,222c6780-aabc-4332-a6f8-0d5761587eae
rSj5Tv5GGpw,What Is This Thing Called Love?,Cole Porter,Sonny Rollins,"A Night at the ""Village Vanguard"" Volume 2",1983,tenor saxophone quartet,https://www.youtube.com/watch?v=rSj5Tv5GGpw,What Is This Thing Called Love,Sonny Rollins,Muscular tenor improvisation on the changes,musicbrainz,ae84bc18-f5ef-41cd-ba02-b7f1ea6931bf
8WMUZ6nixvQ,What Is This Thing Called Love?,Cole Porter,Bill Evans Trio,Portrait in Jazz,1960,piano trio,https://www.youtube.com/watch?v=8WMUZ6nixvQ,Bill Evans Trio - What Is This Thing Called Love (Official Visualizer),Bill Evans,"Lyrical, harmonically rich piano trio version",musicbrainz,5fd54812-024f-44f0-b3ee-30d742988a49
wHC5OnpIkrk,What Is This Thing Called Love?,Cole Porter,Ella Fitzgerald,"Ella Fitzgerald Sings the Cole Porter Songbook, Volume 2",1961,vocal with orchestra,https://www.youtube.com/watch?v=wHC5OnpIkrk,What Is This Thing Called Love?,Ella Fitzgerald,Definitive vocal from the Cole Porter Songbook,musicbrainz,4fcb75a2-0073-4861-a0cf-396feafb366a
UAg_KfYRETI,What Is This Thing Called Love?,Cole Porter,The Nat King Cole Trio,Jumpin' at Capitol,1990,piano-vocal trio,https://www.youtube.com/watch?v=UAg_KfYRETI,What Is This Thing Called Love,Nat King Cole,Swinging early small-group rendition,musicbrainz,c8746604-a4a3-4652-8e1a-5d7cbea3afce
2yEHaAbf0F8,What Is This Thing Called Love?,Cole Porter,Art Tatum,Tatum Art: Art Tatum Live Performances 1934-1956,2008,solo piano,https://www.youtube.com/watch?v=2yEHaAbf0F8,Art Tatum plays What is This Thing Called Love,gullivior,Virtuosic solo piano treatment,musicbrainz,e32620c7-0c46-4b73-971b-feed12fd7aa4
pvR-x98O9xA,What's New,Bob Haggart,Bob Crosby and His Orchestra,Summertime / What's New,1939,big band,https://www.youtube.com/watch?v=pvR-x98O9xA,What's New?,Bob Crosby & His Bob Cats - Topic,Original recording of Haggart's tune (then titled 'I'm Free'),musicbrainz,40e7b166-b920-456e-97c9-304e849a4582
ya09fvuRAr8,What's New,Bob Haggart,Billie Holiday,Fantastic,1958,vocal with orchestra,https://www.youtube.com/watch?v=ya09fvuRAr8,"The Very Best of Jazz Divas - Billie Holiday, Ella Fitzgerald, Mildred Bailey",Jazz Divas,Iconic emotive vocal reading with strings,musicbrainz,3f556026-4cfb-459f-bda9-074c017fa066
yAB2dL6dGXo,What's New,Bob Haggart,Frank Sinatra,Frank Sinatra Sings for Only the Lonely,1958,vocal with orchestra,https://www.youtube.com/watch?v=yAB2dL6dGXo,Frank Sinatra - What's New?,Phillip Primrose,Definitive Sinatra/Riddle ballad interpretation,musicbrainz,3b5a3996-75c0-45d9-abde-cd7e3e4c655d
Pu-0vBaZmc0,What's New,Bob Haggart,Clifford Brown & Max Roach,More Live at The Bee Hive,2006,quintet,https://www.youtube.com/watch?v=Pu-0vBaZmc0,Clifford Brown & Max Roach Quintet - Sandu,60otaku4,Lyrical hard-bop trumpet feature,musicbrainz,aa74d5ba-e198-447b-bed5-17fb3a8c4b42
YDZ8wM6mFzc,What's New,Bob Haggart,Art Pepper,Art Pepper & Sonny Redd,1959,alto saxophone quartet,https://www.youtube.com/watch?v=YDZ8wM6mFzc,Art Pepper - What's New (Official Audio),Art Pepper,Heartfelt alto ballad with Miles' rhythm section,musicbrainz,4ea5c4cc-74d5-4988-a93f-81ca00e3c4a3
IhcRb7GfE74,What's New,Bob Haggart,Coleman Hawkins,Cool Groove,1996,tenor saxophone with ensemble,https://www.youtube.com/watch?v=IhcRb7GfE74,What's New,Coleman Hawkins - Topic,Master balladeer's tenor treatment,musicbrainz,243277f0-a4bc-42cf-a009-26db9e5fd65c
vaBzEzbQ_rs,What's New,Bob Haggart,Bill Evans,What's New,2003,piano trio with flute,https://www.youtube.com/watch?v=vaBzEzbQ_rs,What's New - Bill Evans With Jeremy Steig,Psiconauta Flute Music,Adventurous Evans-Steig interplay; album title track,musicbrainz,69284b6d-2f9a-481b-a4c4-fa9d8ac31b4f
SsXprfyx99w,What's New,Bob Haggart,John Coltrane,1960 Duesseldorf,2010,saxophone quartet,https://www.youtube.com/watch?v=SsXprfyx99w,What's New,John Coltrane,Tender Coltrane reading within ballad medley,musicbrainz,8ecf02d7-58c5-43d6-a59a-51d69bd760d2
zXZHTSzlZ2k,Whisper Not,Benny Golson,Benny Golson,Benny Golson's New York Scene,1957,sextet,https://www.youtube.com/watch?v=zXZHTSzlZ2k,Benny Golson with Don Friedman Trio - Whisper Not,Jazz|ᴳᴿᴱᴱᴺ,Composer's own definitive reading of his classic,musicbrainz,82301eb0-ae85-42cd-ba48-f6242123d24a
JN6vCdmOV-Q,Whisper Not,Benny Golson,Art Blakey & The Jazz Messengers,Live in Zürich 1958,1958,quintet,https://www.youtube.com/watch?v=JN6vCdmOV-Q,"Art Blakey & The Jazz Messengers, in ""Whisper Not"", Live, 1958.",lionja46,Hard bop staple by Golson's home band,musicbrainz,485ad05a-4ff1-4abb-888b-4b53f90737aa
Mn2QWcP1pWU,Whisper Not,Benny Golson,Ella Fitzgerald,First Class Jazz 10,2006,vocal with trio,https://www.youtube.com/watch?v=Mn2QWcP1pWU,Whisper Not,Ella Fitzgerald,Landmark vocal version with Leonard Feather lyrics,musicbrainz,facd6cf7-d56d-47f7-9876-d0ee5f2da615
QN3AgSf95rE,Whisper Not,Benny Golson,The Oscar Peterson Trio,At Baker’s Keyboard Lounge: The Complete Recordings,2026,piano trio,https://www.youtube.com/watch?v=QN3AgSf95rE,"Whisper Not (Live At The London House, Chicago, 1961)",Oscar Peterson (The Estate of Oscar Peterson),Swinging definitive trio interpretation,musicbrainz,ca2c6fdf-b0e0-43e8-8232-3591a8c5208f
Jsoo9typkaA,Whisper Not,Benny Golson,Wes Montgomery,The Wes Montgomery Trio,1959,guitar trio,https://www.youtube.com/watch?v=Jsoo9typkaA,Wes Montgomery Trio - Whisper Not (Official Audio),Wes Montgomery,Lyrical guitar take on the standard,musicbrainz,c3534e42-19f1-4623-901f-13dc030155e8
lqHhXXiC5X8,Whisper Not,Benny Golson,The Jazztet,Here and Now,1998,sextet,https://www.youtube.com/watch?v=lqHhXXiC5X8,Whisper Not - Art Farmer & Benny Golson The Jazztet,hotshiawase2,Golson/Farmer co-led group classic,musicbrainz,cc38c172-eada-400e-b9c8-bc8d5cc53d0c
NOzweGDKq7k,Whisper Not,Benny Golson,"Keith Jarrett, Gary Peacock, Jack DeJohnette",Whisper Not,2000,piano trio,https://www.youtube.com/watch?v=NOzweGDKq7k,Keith Jarrett - Whisper Not,Obertone Performance Art,Modern Standards Trio title track,musicbrainz,acdeb96f-cb42-4925-8bee-a8fcd5cbf1b7
AqAM-RVxowA,Whisper Not,Benny Golson,Dizzy Gillespie Big Band,Groovin' High,1990,big band,https://www.youtube.com/watch?v=AqAM-RVxowA,Whisper Not,The Dizzy Gillespie Alumni All-Star Big Band - Topic,Big band setting of the tune,musicbrainz,fd53ae5e-d14f-453a-826d-0695e1f470f9
EsLib043Fl0,Willow Weep For Me,Ann Ronell,Art Tatum,Tatum Art: Art Tatum Live Performances 1934-1956,2008,solo piano,https://www.youtube.com/watch?v=EsLib043Fl0,Art Tatum - Willow Weep for Me,Santoszzz,"Virtuosic solo piano reading, a benchmark interpretation",musicbrainz,f2daf4cc-47ec-4d0d-b943-130408446f9a
UzX479Bampc,Willow Weep For Me,Ann Ronell,Billie Holiday,Lady Sings the Blues,1956,vocal with orchestra,https://www.youtube.com/watch?v=UzX479Bampc,Billie Holiday & Her Orchestra - Willow Weep For Me (Clef Records 1954),RoundMidnightTV,Definitive vocal phrasing of the lyric,musicbrainz,ecfd9d70-fa98-4349-8e20-de425f91696c
OGZ5WJDsUmE,Willow Weep For Me,Ann Ronell,Wes Montgomery with the Wynton Kelly Trio,Smokin’ at the Half Note,2005,guitar quartet,https://www.youtube.com/watch?v=OGZ5WJDsUmE,Wynton Kelly Trio (Wes Montgomery)_ Willow Weep For Me,rapitroy,"Landmark guitar version, widely studied",musicbrainz,27fdfe60-77a1-4712-ac06-77760d21852e
5_O1KJALZzA,Willow Weep For Me,Ann Ronell,Sarah Vaughan,Sarah Vaughan at Mister Kelly's,1958,vocal with trio,https://www.youtube.com/watch?v=5_O1KJALZzA,Sarah Vaughan - Willow Weep For Me (Live @ Mister Kelly's Chicago) 1957,RoundMidnightTV,Lush vocal treatment with trio,musicbrainz,c57e80ee-89f7-40d3-a60a-867b859920e9
v7lIzxtTygI,Willow Weep For Me,Ann Ronell,Stan Getz Quintet,Interpretations,1965,saxophone quintet,https://www.youtube.com/watch?v=v7lIzxtTygI,Willow Weep for Me,Stan Getz,Cool-toned tenor ballad reading,musicbrainz,a996643a-26e1-4db8-b9af-91770f897b03
y63d-RrcyPM,Willow Weep For Me,Ann Ronell,Frank Sinatra with Nelson Riddle,Frank Sinatra Sings for Only the Lonely,1958,vocal with orchestra,https://www.youtube.com/watch?v=y63d-RrcyPM,"Willow Weep for Me (feat. Nelson Riddle and His Orchestra, Felix Slatkin and His Orchestra)",Frank Sinatra,Classic Sinatra/Riddle ballad arrangement,musicbrainz,01ad04da-6198-4ca6-aee0-140d5eceed61
Lx36Nv4HXyA,Willow Weep For Me,Ann Ronell,Coleman Hawkins,The Complete 1960 Essen Jazz Festival,2019,tenor saxophone combo,https://www.youtube.com/watch?v=Lx36Nv4HXyA,"Coleman Hawkins - Willow Weep For Me - Concert, England, May 1958",Heinz Becker,Robust tenor master interpretation,musicbrainz,ae5dba57-dbb8-4c08-9087-4df4f8911d0c
8lx-uD4FE9U,Willow Weep For Me,Ann Ronell,The Modern Jazz Quartet,Jazzology,1955,vibraphone quartet,https://www.youtube.com/watch?v=8lx-uD4FE9U,The Modern Jazz Quartet - Willow Weep for Me (1956),Classic Mood Experience,Chamber-jazz ensemble take with Milt Jackson,musicbrainz,d39e3dab-db25-4b14-9bb8-3f2d808423a7
otbRyJHd2AY,Yardbird Suite,Charlie Parker,Charlie Parker Septet,"Charlie Parker On Dial, Volume 1",1970,septet,https://www.youtube.com/watch?v=otbRyJHd2AY,Charlie Parker Septet - Yardbird Suite (1011-4),Spotlite Records,The original 1946 Dial recording by the composer; definitive version,musicbrainz,f69d98a6-7212-4041-a4af-59da03945918
AkWOHcPjCTQ,Yardbird Suite,Charlie Parker,"Stan Getz, Chet Baker",West Coast Live,1997,quintet,https://www.youtube.com/watch?v=AkWOHcPjCTQ,Yardbird Suite (Live),Chet Baker,Classic cool-school pairing of tenor and trumpet,musicbrainz,4d0887af-5375-4bbc-a39c-96b9b421a555
Ok4_vHc5B1w,Yardbird Suite,Charlie Parker,Art Pepper,"The Return of Art Pepper: The Complete Aladdin, Volume 1",1988,alto saxophone quartet,https://www.youtube.com/watch?v=Ok4_vHc5B1w,Yardbird Suite,Art Pepper,Lyrical West Coast alto reading,musicbrainz,dd9f1a40-1b00-4de7-aef3-ca37f40c3baf
2cGzt-_8nLs,Yardbird Suite,Charlie Parker,The Modern Jazz Quartet,"The Modern Jazz Quartet at Music Inn, Volume 2",1959,piano quartet (vibes/piano/bass/drums),https://www.youtube.com/watch?v=2cGzt-_8nLs,Yardbird Suite,The Modern Jazz Quartet - Topic,Refined chamber-jazz interpretation,musicbrainz,5245c0c5-8c19-487b-a070-377cd321b725
476GeDeh3cQ,Yardbird Suite,Charlie Parker,Supersax,Salt Peanuts,1974,saxophone ensemble with rhythm,https://www.youtube.com/watch?v=476GeDeh3cQ,Yardbird Suite,Supersax - Topic,Harmonized Parker solos for sax section,musicbrainz,5439f783-fbf5-4855-aee6-3976df3f08e2
5VAeSXMYi7A,Yardbird Suite,Charlie Parker,Phil Woods,International Jam Sessions,,alto saxophone quartet,https://www.youtube.com/watch?v=5VAeSXMYi7A,Yardbird Suite,Phil Woods Quartet - Topic,Bebop alto torchbearer's tribute,musicbrainz,7796649a-a7e7-4d37-aa72-33c02d55bff1
yuesDiz2MDM,Yardbird Suite,Charlie Parker,"Joe Pass, Niels-Henning Ørsted Pedersen","""Chops""",1979,guitar and bass duo,https://www.youtube.com/watch?v=yuesDiz2MDM,Joe Pass & Niels-Henning Ørsted Pedersen - Yardbird Suite,Joseph Passadena,Virtuosic guitar-bass duo treatment,musicbrainz,c18fb1a8-4cfd-4a1a-a8a5-255a66d2ad71
g-baE6aDgoE,Yardbird Suite,Charlie Parker,"Roy Hargrove, Christian McBride, Stephen Scott",Parker's Mood,1995,trumpet trio,https://www.youtube.com/watch?v=g-baE6aDgoE,Yardbird Suite - Roy Hargrove,denguri 2,Modern bebop revival tribute to Parker,musicbrainz,e0b92f66-df7a-4c5d-8b4c-2a95c1984114
kZJp8DEmAxQ,Yesterdays,Jerome Kern,Billie Holiday,Jazz Line,1990,vocal with orchestra,https://www.youtube.com/watch?v=kZJp8DEmAxQ,Yesterdays,Frankie Newton Orchestra - Topic,"Iconic, emotionally definitive vocal interpretation",musicbrainz,cb9141fe-d692-4e98-9f21-b0bc6ee434a1
MjcxO27rqUo,Yesterdays,Jerome Kern,Coleman Hawkins,Portrait,2001,tenor saxophone with orchestra,https://www.youtube.com/watch?v=MjcxO27rqUo,Coleman Hawkins - Yesterdays 1950),Heinz Becker,Landmark swing-to-bop tenor reading from the famed 1944 session,musicbrainz,9bba1330-3ec4-46c9-8e97-f26fd50e5b48
D9Cs_zb4q14,Yesterdays,Jerome Kern,Art Tatum,The Chronological Classics: Art Tatum 1945-1947,1998,solo piano,https://www.youtube.com/watch?v=D9Cs_zb4q14,Art Tatum -- Yesterdays,eccentricXXX,Dazzling virtuosic solo-piano treatment,musicbrainz,f320cb9c-e26f-44c3-8fd2-ff43df4d7b4b
MPfQt4EsHPk,Yesterdays,Jerome Kern,Erroll Garner Trio,The Chronological Classics: Erroll Garner 1949,2000,piano trio,https://www.youtube.com/watch?v=MPfQt4EsHPk,Erroll Garner - Yesterdays,Selim Tezcan,"Garner's signature lush, swinging trio version",musicbrainz,6424457b-6cbd-46d6-9581-b5dedb062cf1
DxofXh6FwyY,Yesterdays,Jerome Kern,"Charlie Parker, Dizzy Gillespie and His Orchestra","The Unheard Charlie Parker: Bird Seed, Volume One",1995,bebop quintet/orchestra,https://www.youtube.com/watch?v=DxofXh6FwyY,Yesterdays,Dizzy Gillespie - Topic,Essential early bebop interpretation,musicbrainz,20e6edea-7256-4ef0-927a-44bc144bfb20
uY8PFzVO9uw,Yesterdays,Jerome Kern,Modern Jazz Quartet,Complete 1951–1953 Studio Sessions,2004,vibraphone quartet,https://www.youtube.com/watch?v=uY8PFzVO9uw,Yesterdays,The Modern Jazz Quartet - Topic,Refined chamber-jazz MJQ arrangement,musicbrainz,0f64590f-73e7-491f-a107-e05f11dc77f6
EnAu6Us8g7k,Yesterdays,Jerome Kern,Clifford Brown,With Strings,1955,trumpet quintet,https://www.youtube.com/watch?v=EnAu6Us8g7k,Clifford Brown - With Strings  - 01  - Yesterdays,All That Jazz Don Kaart,Brilliant hard-bop trumpet feature,musicbrainz,573531ea-6792-4f30-8663-3cd01674714f
GM5Xb4uVKS8,Yesterdays,Jerome Kern,Carmen McRae,Torchy,1955,vocal with trio,https://www.youtube.com/watch?v=GM5Xb4uVKS8,CARMEN MCRAE - Yesterdays,vladimirsmartins,Sophisticated alternative vocal reading,musicbrainz,430c2720-894e-47c8-b90f-96508a20bbc8
avUXnAMpFoo,You Don't Know What Love Is,"Gene De Paul,Don Raye",Billie Holiday,Lady in Satin,1987,vocal with orchestra,https://www.youtube.com/watch?v=avUXnAMpFoo,Billie Holiday-You Don't Know What Love Is,SUNSHINEandSPIRIT,Definitive torch-song vocal reading of the ballad,musicbrainz,8d13f47c-942b-4ca7-b445-c35e5d413903
tLFlJIqiMLc,You Don't Know What Love Is,"Gene De Paul,Don Raye",Sonny Rollins,"The Encyclopedia of Jazz, Part 5/5: Modern Jazz - Cool Jazz",2008,tenor saxophone quartet,https://www.youtube.com/watch?v=tLFlJIqiMLc,You don't know what love is - Sonny Rollins,domtheodore,Influential tenor interpretation of the standard,musicbrainz,f85b233b-ec9e-4a5e-b38d-12ef869278c3
wk1-mwvNydU,You Don't Know What Love Is,"Gene De Paul,Don Raye",John Coltrane,Ballads,1963,tenor saxophone quartet,https://www.youtube.com/watch?v=wk1-mwvNydU,John Coltrane Quartet - You Don't Know What Love Is,60otaku4,Coltrane's deeply lyrical ballad rendition,musicbrainz,76e79b8b-11de-438c-ab34-1e0e70e41755
7PBJLFOCUm0,You Don't Know What Love Is,"Gene De Paul,Don Raye",Chet Baker,Chet Baker & Strings,1954,trumpet/vocal with combo,https://www.youtube.com/watch?v=7PBJLFOCUm0,You Don't Know What Love Is,Chet Baker,Iconic cool-jazz vocal-and-trumpet version,musicbrainz,77f4a0fe-1b39-4f47-a581-0214e23fa2fa
Pksfz8uycLk,You Don't Know What Love Is,"Gene De Paul,Don Raye",Eric Dolphy,Last Date,1965,solo bass clarinet,https://www.youtube.com/watch?v=Pksfz8uycLk,Last date- You don't know what love is.,eeewaa1,Landmark unaccompanied bass clarinet feature,musicbrainz,372f1eba-c0fa-40ac-861a-eb49420aa749
D2Rh6eL1P1s,You Don't Know What Love Is,"Gene De Paul,Don Raye",Bill Evans & Lee Konitz,Live in Nice 1978,2010,piano trio with alto saxophone,https://www.youtube.com/watch?v=D2Rh6eL1P1s,You Don't Know What Love Is,Bill Evans,Sophisticated piano-and-alto collaboration,musicbrainz,e003911a-68c3-456c-831e-db11d00f088d
-w0lki7u3iQ,You Don't Know What Love Is,"Gene De Paul,Don Raye",Dinah Washington,Jazz ’Round Midnight,1990,vocal with orchestra,https://www.youtube.com/watch?v=-w0lki7u3iQ,Dinah Washington - You Don't Know What Love Is (EmArcy Records 1955),RoundMidnightTV,Powerful blues-inflected vocal version,musicbrainz,f9e9ba37-c467-4f89-af77-442afb713343
DLV6iuboL_E,You Don't Know What Love Is,"Gene De Paul,Don Raye",Art Blakey & The Jazz Messengers,Art Blakey & The Jazz Messengers,1961,hard bop quintet,https://www.youtube.com/watch?v=DLV6iuboL_E,You Don't Know What Love Is,Art Blakey,Hard bop ensemble treatment of the ballad,musicbrainz,01d52ae3-2c47-4fc8-8b79-39ef842f295f
J_D-UJWwW7c,You Stepped Out Of A Dream,"Nacio Herb Brown,Gus Kahn",The Nat King Cole Trio,Sings for Two in Love,1955,piano trio with vocal,https://www.youtube.com/watch?v=J_D-UJWwW7c,You Stepped Out Of A Dream,Nat King Cole,Swinging early small-group rendition by Cole,musicbrainz,6ca240ec-a663-4059-a229-a277ed43e31d
L4v6jALkmBY,You Stepped Out Of A Dream,"Nacio Herb Brown,Gus Kahn",Sonny Rollins,"Sonny Rollins, Volume 2",1957,saxophone quartet,https://www.youtube.com/watch?v=L4v6jALkmBY,You Stepped Out Of A Dream (Rudy Van Gelder Edition/1999 Remaster/24 Bit Mastering),Sonny Rollins,Vigorous tenor sax interpretation by Rollins,musicbrainz,ca8f8d54-c6f3-422c-9b82-40f45a8a3099
5zZBiFc0wJE,You Stepped Out Of A Dream,"Nacio Herb Brown,Gus Kahn",Sarah Vaughan,The Divine One,1961,vocal with trio,https://www.youtube.com/watch?v=5zZBiFc0wJE,Sarah Vaughan - You Stepped Out Of A Dream,Timjazznl ter Bals,Definitive vocal version with masterful phrasing,musicbrainz,c5acdd0c-0da7-434f-a01d-55128e8e657e
GLU4-mf3nkg,You Stepped Out Of A Dream,"Nacio Herb Brown,Gus Kahn",Grant Green,Standards,1998,guitar quartet,https://www.youtube.com/watch?v=GLU4-mf3nkg,You Stepped Out Of A Dream by Grant Green | Full Transcription,Elevated Guitarist,Soulful guitar take by Grant Green,musicbrainz,f1f30abc-8a9b-464b-80ef-37cd5821063c
BhLQLukTSHg,You Stepped Out Of A Dream,"Nacio Herb Brown,Gus Kahn","Lee Konitz, Brad Mehldau, Charlie Haden, Paul Motian",Live at Birdland,2011,alto sax quartet,https://www.youtube.com/watch?v=BhLQLukTSHg,You Stepped Out Of A Dream (Live At Birdland),Lee Konitz - Topic,Modern reflective live reading,musicbrainz,8d404ed6-465c-46bd-9c66-049a1886a3bc
nVoZ3bFBCyI,You Stepped Out Of A Dream,"Nacio Herb Brown,Gus Kahn",Oscar Peterson Trio,Tristeza on Piano,1970,piano trio,https://www.youtube.com/watch?v=nVoZ3bFBCyI,Oscar Peterson Trio With Dexter Gordon- You Stepped Out Of A Dream (Live 1969),Daniel Sohili,Virtuosic swinging piano trio version,musicbrainz,43e2fd27-4df4-4304-9cb4-1ed6264e5739
05370Zw7png,You Stepped Out Of A Dream,"Nacio Herb Brown,Gus Kahn",The George Shearing Quintet,Latin Affair,1960,quintet,https://www.youtube.com/watch?v=05370Zw7png,George Shearing Quintet - You Stepped Out Of A Dream,Way Gone Music,Signature locked-hands quintet arrangement,musicbrainz,e4747d1b-57b7-4f49-9190-8907c42fb385
PJ7tGVQzkyM,You Stepped Out Of A Dream,"Nacio Herb Brown,Gus Kahn",Patricia Barber,A Distortion of Love,1992,vocal with trio,https://www.youtube.com/watch?v=PJ7tGVQzkyM,You Stepped Out Of A Dream,Patricia Barber - Topic,Atmospheric contemporary vocal-piano interpretation,musicbrainz,069b0c4a-da90-408b-a27f-e2b538f72afc
