0.420
1.390
2.320
3.160
4.090
4.940
5.800
6.690
7.560
8.470
9.370
10.200
11.180
12.130
13.020
13.980
14.950
15.870
16.790
17.660
18.620
19.510
20.440
21.420
22.410
23.320
24.300
25.290
26.220
27.170
28.220
29.330
30.290
31.310
32.390
33.390
34.410
35.490
36.540
37.610
38.610
39.750
40.780
41.900
42.770
43.700
44.630
45.610
46.570
47.510
48.520
49.360
50.300
51.170
52.010
52.820
53.690
54.520
55.420
56.260
57.160
57.990
58.710
59.440
60.160
60.860
61.640
62.390
63.170
63.840
64.550
65.250
65.980
66.650
67.370
68.070
68.820
69.510
70.260
70.980
71.660
72.360
73.080
73.800
74.520
75.180
75.860
76.590
77.280
78.000
78.720
79.440
80.160
80.910
81.620
82.280
82.970
83.650
84.290
85.050
85.860
86.740
87.540
88.350
89.170
89.870
90.620
91.400
92.130
92.870
93.630
94.440
95.150
95.900
96.690
97.360
98.030
98.750
99.510
100.200
100.970
101.780
102.620
103.390
104.220
105.070
105.800
106.610
107.350
108.140
109.000
109.950
111.020
111.830
112.620
113.310
114.040
114.790
115.470
116.230
116.940
117.650
118.380
119.090
119.840
120.540
121.250
121.960
122.660
123.340
124.060
124.750
125.490
126.200
126.860
127.580
128.240
128.930
129.620
130.070
130.540
130.980
131.430
131.890
132.330
132.780
133.220
133.660
134.110
134.540
134.970
135.410
135.850
136.310
136.730
137.170
137.620
138.050
138.490
138.940
139.390
139.790
140.220
140.610
141.020
141.450
141.840
142.280
142.730
143.170
143.620
144.060
144.510
144.960
145.420
145.860
146.320
146.750
147.220
147.660
148.100
148.560
148.990
149.430
149.870
150.320
150.760
151.200
151.640
152.060
152.500
152.940
153.380
153.840
154.280
154.730
155.160
155.610
156.040
156.490
156.940
157.380
157.810
158.260
158.700
159.130
159.570
160.020
160.450
160.890
161.340
161.780
162.210
162.640
163.070
163.500
163.940
164.350
164.790
165.220
165.640
166.090
166.510
166.930
167.390
167.830
168.270
168.700
169.140
169.580
170.010
170.460
170.890
171.320
171.770
172.220
172.660
173.070
173.510
173.950
174.370
174.820
175.290
175.730
176.180
176.620
177.050
177.490
177.920
178.360
178.790
179.230
179.680
180.120
180.560
181.000
181.410
181.840
182.280
182.700
183.130
183.580
184.000
184.450
184.870
185.320
185.750
186.170
186.620
187.060
187.500
187.930
188.350
188.780
189.220
189.650
190.090
190.520
190.940
191.380
191.800
192.240
192.670
193.090
193.510
193.930
194.370
194.790
195.220
195.650
196.100
196.520
196.960
197.390
197.810
198.230
198.670
199.100
199.520
199.940
200.360
200.770
201.210
201.620
202.050
202.490
202.920
203.340
203.750
204.180
204.590
205.010
205.430
205.860
206.290
206.710
207.140
207.550
207.960
208.380
208.810
209.240
209.670
210.080
210.520
210.950
211.380
211.810
212.240
212.660
213.080
213.520
213.940
214.370
214.790
215.230
215.650
216.080
216.520
216.950
217.380
217.800
218.240
218.670
219.110
219.530
219.970
220.380
220.820
221.250
221.680
222.110
222.540
222.970
223.420
223.850
224.300
224.730
225.160
225.580
226.010
226.440
226.860
227.290
227.730
228.160
228.590
229.020
229.460
229.900
230.340
230.780
231.220
231.650
232.070
232.490
232.900
233.330
233.770
234.180
234.620
235.040
235.470
235.880
236.310
236.730
237.140
237.560
237.980
238.420
238.840
239.260
239.680
240.090
240.510
240.920
241.350
241.770
242.190
242.620
243.020
243.460
243.880
244.310
244.750
245.150
245.590
246.000
246.440
246.860
247.280
247.710
248.130
248.560
248.980
249.390
249.800
250.220
250.640
251.070
251.480
251.920
252.340
252.740
253.160
253.610
254.030
254.440
254.870
255.280
255.690
256.130
256.530
256.950
257.390
257.830
258.230
258.670
259.080
259.500
259.920
260.330
260.770
261.190
261.580
261.990
262.420
262.840
263.260
263.690
264.110
264.530
264.950
265.370
265.780
266.200
266.620
267.040
267.460
267.890
268.310
268.730
269.130
269.550
269.980
270.400
270.820
271.230
271.670
272.080
272.480
272.890
273.310
273.730
274.150
274.550
274.970
275.370
275.790
276.200
276.620
277.010
277.450
277.850
278.290
278.700
279.110
279.540
279.960
280.380
280.790
281.210
281.640
282.050
282.460
282.890
283.290
283.720
284.140
284.570
284.970
285.370
285.790
286.220
286.640
287.060
287.480
287.890
288.310
288.740
289.170
289.580
289.990
290.390
290.820
291.240
291.650
292.070
292.490
292.920
293.330
293.750
294.170
294.610
295.030
295.450
295.860
296.280
296.690
297.120
297.540
297.970
298.390
298.810
299.230
299.650
300.060
300.460
300.900
301.320
301.720
302.140
302.560
303.000
303.420
303.830
304.240
304.680
305.080
305.500
305.920
306.320
306.740
307.170
307.580
308.000
308.390
308.810
309.220
309.650
310.070
310.470
310.910
311.330
311.750
312.170
312.600
313.020
313.440
313.880
314.290
314.710
315.130
315.560
315.960
316.400
316.830
317.250
317.670
318.090
318.510
318.930
319.340
319.770
320.180
320.610
321.020
321.440
321.860
322.280
322.710
323.130
323.540
323.970
324.390
324.810
325.240
325.660
326.080
326.500
326.940
327.350
327.760
328.190
328.620
329.030
329.460
329.860
330.290
330.720
331.160
331.570
331.980
332.400
332.840
333.230
333.640
334.070
334.470
334.890
335.310
335.720
336.160
336.570
336.960
337.390
337.800
338.200
338.610
339.030
339.420
339.860
340.290
340.730
341.130
341.570
341.970
342.390
342.780
343.190
343.620
344.020
344.440
344.830
345.240
345.680
346.080
346.520
346.930
347.340
347.760
348.190
348.590
349.000
349.420
349.830
350.220
350.640
351.060
351.470
351.880
352.280
352.680
353.100
353.500
353.930
354.320
354.730
355.140
355.550
355.980
356.390
356.800
357.200
357.620
358.030
358.440
358.850
359.260
359.650
360.060
360.470
360.900
361.290
361.700
362.110
362.540
362.950
363.360
363.750
364.160
364.580
365.000
365.400
365.820
366.230
366.640
367.030
367.430
367.800
368.210
368.580
368.990
369.410
369.820
370.260
370.680
371.080
371.520
371.930
372.330
372.740
373.140
373.550
373.960
374.380
374.790
375.200
375.610
375.990
376.400
376.810
377.230
377.650
378.060
378.470
378.870
379.280
379.700
380.090
380.510
380.930
381.340
381.770
382.180
382.580
383.010
383.420
383.830
384.240
384.640
385.050
385.470
385.880
386.290
386.690
387.090
387.500
387.900
388.310
388.690
389.090
389.500
389.900
390.310
390.730
391.140
391.540
391.960
392.360
392.770
393.190
393.610
394.020
394.420
394.820
395.230
395.650
396.070
396.490
396.890
397.310
397.710
398.130
398.510
398.920
399.320
399.730
400.120
400.550
400.960
401.350
401.760
402.180
402.580
402.980
403.370
403.790
404.190
404.580
404.990
405.400
405.790
406.210
406.620
407.040
407.450
407.850
408.260
408.670
409.080
409.480
409.900
410.300
410.690
411.110
411.510
411.920
412.320
412.730
413.110
413.540
413.950
414.360
414.750
415.160
415.590
415.980
416.380
416.770
417.180
417.580
417.980
418.400
418.820
419.240
419.660
420.080
420.480
420.900
421.300
421.720
422.120
422.520
422.930
423.350
423.760
424.170
424.550
424.970
425.350
425.770
426.170
426.590
426.980
427.390
427.800
428.200
428.590
429.000
429.410
429.810
430.210
430.610
431.010
431.400
431.800
432.200
432.620
433.020
433.420
433.830
434.240
434.650
435.030
435.450
435.840
436.230
436.640
437.030
437.430
437.830
438.230
438.620
439.010
439.410
439.810
440.190
440.610
441.010
441.430
441.830
442.230
442.650
443.050
443.450
443.840
444.250
444.640
445.040
445.450
445.860
446.250
446.660
447.060
447.450
447.840
448.260
448.680
449.080
449.460
449.860
450.260
450.670
451.070
451.480
451.880
452.260
452.680
453.080
453.460
453.880
454.270
454.690
455.090
455.510
455.890
456.310
456.700
457.100
457.510
457.900
458.300
458.700
459.090
459.490
459.890
460.300
460.700
461.090
461.500
461.910
462.300
462.720
463.130
463.520
463.930
464.330
464.710
465.120
465.510
465.900
466.290
466.690
467.080
467.480
467.890
468.280
468.650
469.040
469.450
469.840
470.220
470.630
471.020
471.410
471.790
472.190
472.570
472.980
473.360
473.750
474.150
474.540
474.960
475.360
475.750
476.160
476.540
476.950
477.360
477.740
478.150
478.560
478.950
479.380
479.780
480.190
480.570
480.980
481.370
481.780
482.190
482.570
482.980
483.350
483.760
484.170
484.550
484.950
485.360
485.760
486.170
486.570
486.960
487.360
487.770
488.180
488.580
488.980
489.400
489.790
490.170
490.560
490.950
491.360
491.750
492.160
492.560
492.990
493.390
493.830
494.250
494.670
495.070
495.490
495.910
496.340
496.750
497.190
497.610
498.030
498.440
498.850
499.270
499.700
500.110
500.560
500.990
501.420
501.830
502.280
502.690
503.150
503.580
504.040
504.470
504.930
505.370
505.850
506.290
506.760
507.230
507.690
508.170
508.640
509.110
509.560
510.050
510.500
510.990
511.440
511.910
512.390
512.870
513.320
513.810
514.280
514.730
515.210
515.670
516.140
516.660
517.190
517.710
518.240
518.730
519.260
519.740
520.230
520.720
521.210
521.700
522.200
522.730
523.220
523.690
524.140
524.630
525.100
525.570
526.030
526.490
526.980
527.420
527.890
528.340
528.760
529.220
529.640
530.100
530.520
530.980
531.400
531.870
532.320
532.790
533.270
533.770
534.250
534.720
535.210
535.660
536.150
536.610
537.080
537.550
538.040
538.510
539.000
539.470
539.960
540.440
540.900
541.390
541.870
542.360
542.820
543.300
543.760
544.240
544.740
545.210
545.700
546.170
546.650
547.140
547.590
548.040
548.470
548.950
549.440
549.940
550.440
550.950
551.440
551.930
552.400
552.890
553.360
553.830
554.350
554.830
555.310
555.790
556.280
556.750
557.230
557.720
558.200
558.710
559.190
559.680
560.180
560.660
561.150
561.620
562.140
562.630
563.120
563.640
564.130
564.610
565.080
565.600
566.060
566.580
567.070
567.540
568.030
568.530
569.000
569.470
569.990
570.480
570.950
571.430
571.920
572.430
572.930
573.410
573.890
574.370
574.880
575.370
575.840
576.320
576.790
577.280
577.770
578.230
578.670
579.140
579.600
580.070
580.510
581.000
581.450
581.940
582.420
582.890
583.370
583.870
584.350
584.830
585.300
585.770
586.270
586.750
587.230
587.710
588.180
588.650
589.150
589.630
590.100
590.570
591.050
591.540
592.010
592.510
592.990
593.460
593.940
594.410
594.900
595.370
595.830
596.180
596.520
596.870
597.220
597.580
597.920
598.270
598.610
598.960
599.320
599.720
600.100
600.460
600.860
601.220
601.600
602.000
602.370
602.740
603.090
603.460
603.810
604.180
604.520
604.880
605.250
605.620
605.960
606.340
606.760
607.140
607.580
608.020
608.430
608.890
609.320
609.770
610.200
610.670
611.150
611.600
612.070
612.560
613.020
613.500
613.970
614.430
614.890
615.360
615.850
616.310
616.790
617.250
617.710
618.200
618.660
619.130
619.590
620.070
620.530
621.000
621.460
621.940
622.390
622.880
623.370
623.830
624.310
624.800
625.270
625.730
626.210
626.660
627.140
627.620
628.090
628.560
629.020
629.470
629.960
630.410
630.880
631.350
631.840
632.310
632.780
633.250
633.700
634.180
634.650
635.130
635.600
636.080
636.570
637.030
637.520
637.990
638.470
638.930
639.390
639.860
640.340
640.800
641.290
641.740
642.210
642.650
643.120
643.590
644.030
644.500
644.960
645.420
645.890
646.350
646.820
647.280
647.780
648.260
648.710
649.190
649.660
650.130
650.600
651.050
651.510
651.960
652.430
652.910
653.390
653.830
654.310
654.750
655.220
655.690
656.130
656.620
657.070
657.560
658.010
658.480
658.960
659.410
659.890
660.340
660.810
661.270
661.750
662.200
662.690
663.140
663.630
664.100
664.560
665.030
665.510
665.970
666.450
666.910
667.380
667.860
668.330
668.790
669.250
669.720
670.210
670.670
671.150
671.610
672.060
672.540
672.990
673.470
673.920
674.410
674.860
675.340
675.810
676.290
676.780
677.240
677.700
678.170
678.650
679.130
679.580
680.050
680.530
681.010
681.480
681.940
682.410
682.890
683.380
683.850
684.320
684.790
685.260
685.740
686.200
686.670
687.150
687.600
688.090
688.550
689.020
689.480
689.980
690.440
690.940
691.390
691.870
692.350
692.800
693.290
693.760
694.230
694.700
695.150
695.620
696.110
696.580
697.030
697.510
697.970
698.450
698.930
699.380
699.850
700.350
700.820
701.280
701.760
702.220
702.700
703.160
703.640
704.110
704.580
705.060
705.530
705.970
706.440
706.910
707.390
707.850
708.320
708.770
709.250
709.710
710.180
710.650
711.110
711.600
712.050
712.550
713.020
713.490
713.980
714.430
714.920
715.400
715.890
716.360
716.820
717.290
717.750
718.230
718.710
719.180
719.640
720.120
720.580
721.050
721.510
721.980
722.470
722.920
723.390
723.860
724.330
724.810
725.290
725.750
726.210
726.680
727.160
727.620
728.100
728.570
729.040
729.510
729.980
730.460
730.920
731.390
731.870
732.350
732.830
733.300
733.750
734.220
734.700
735.170
735.650
736.120
736.600
737.070
737.540
738.000
738.470
738.940
739.390
739.870
740.340
740.820
741.290
741.750
742.220
742.680
743.150
743.620
744.090
744.580
745.050
745.510
745.970
746.450
746.930
747.390
747.850
748.300
748.760
749.220
749.710
750.160
750.630
751.070
751.540
752.010
752.460
752.930
753.400
753.880
754.340
754.800
755.290
755.760
756.230
756.720
757.190
757.660
758.140
758.620
759.090
759.560
760.030
760.510
760.990
761.460
761.920
762.390
762.880
763.340
763.820
764.290
764.750
765.210
765.680
766.150
766.620
767.090
767.550
768.020
768.490
768.950
769.430
769.900
770.350
770.820
771.300
771.760
772.220
772.700
773.180
773.630
774.120
774.570
775.040
775.520
775.970
776.430
776.900
777.350
777.820
778.290
778.770
779.260
779.800
780.300
780.790
781.320
781.820
782.290
782.740
783.210
783.670
784.140
784.600
785.040
785.510
785.960
786.430
786.890
787.340
787.800
788.270
788.720
789.180
789.660
790.110
790.580
791.040
791.500
791.990
792.460
792.910
793.360
793.840
794.290
794.750
795.200
795.670
796.140
796.590
797.060
797.540
798.010
798.470
798.930
799.400
799.890
800.330
800.790
801.250
801.680
802.160
802.610
803.070
803.530
803.990
804.460
804.910
805.360
805.820
806.300
806.770
807.220
807.700
808.160
808.610
809.070
809.520
810.000
810.480
810.940
811.400
811.840
812.300
812.780
813.240
813.700
814.150
814.600
815.070
815.530
815.990
816.460
816.940
817.410
817.870
818.340
818.810
819.270
819.750
820.230
820.700
821.150
821.610
822.070
822.560
823.020
823.490
823.950
824.430
824.880
825.340
825.800
826.280
826.750
827.210
827.690
828.150
828.620
829.100
829.570
830.060
830.530
831.000
831.490
831.970
832.450
832.900
833.390
833.860
834.330
834.800
835.250
835.720
836.210
836.650
837.130
837.570
838.050
838.510
838.950
839.430
839.870
840.350
840.800
841.270
841.720
842.180
842.640
843.130
843.580
844.050
844.490
844.980
845.450
845.920
846.380
846.850
847.330
847.790
848.250
848.720
849.210
849.660
850.130
850.620
851.060
851.530
851.980
852.460
852.920
853.380
853.830
854.290
854.760
855.210
855.700
856.170
856.630
857.110
857.580
858.100
858.600
859.120
859.660
860.150
860.680
861.170
861.650
862.140
862.600
863.080
863.560
864.030
864.500
864.950
865.410
865.880
866.360
866.830
867.280
867.740
868.190
868.650
869.140
869.600
870.070
870.540
871.000
871.490
871.960
872.410
872.890
873.350
873.820
874.290
874.760
875.200
875.670
876.130
876.600
877.050
877.500
877.980
878.440
878.920
879.380
879.830
880.300
880.770
881.250
881.710
882.170
882.660
883.120
883.600
884.060
884.520
885.000
885.460
885.930
886.400
886.860
887.320
887.810
888.280
888.750
889.210
889.690
890.150
890.600
891.070
891.510
892.000
892.460
892.930
893.400
893.860
894.310
894.790
895.220
895.680
896.120
896.580
897.050
897.500
897.960
898.420
898.880
899.360
899.810
900.270
900.730
901.190
901.610
902.060
902.510
902.940
903.400
903.890
904.380
904.850
905.330
905.800
906.290
906.770
907.250
907.720
908.190
908.640
909.120
909.580
910.030
910.490
910.960
911.400
911.870
912.330
912.810
913.270
913.720
914.200
914.640
915.130
915.600
916.050
916.540
916.990
917.460
917.910
918.380
918.840
919.300
919.780
920.260
920.710
921.180
921.630
922.110
922.590
923.060
923.510
923.990
924.470
924.930
925.400
925.870
926.350
926.800
927.270
927.730
928.200
928.670
929.130
929.580
929.990
930.430
930.850
931.250
931.670
932.100
932.510
932.920
933.310
933.730
934.130
934.560
934.940
935.290
935.660
936.030
936.420
936.790
937.160
937.530
937.860
938.230
938.580
938.930
939.260
939.620
939.960
940.320
940.650
940.980
941.330
941.690
942.040
942.370
942.730
943.070
943.440
943.790
944.120
944.470
944.800
945.120
945.470
945.800
946.120
946.470
946.790
947.160
947.500
947.850
948.210
948.550
948.880
949.240
949.570
949.900
950.240
950.560
950.890
951.220
951.560
951.890
952.220
952.550
952.910
953.290
953.650
954.010
954.350
954.710
955.090
955.430
955.810
956.160
956.500
956.840
957.200
957.550
957.900
958.270
958.660
959.010
959.400
959.770
960.110
960.470
960.820
961.180
961.530
961.880
962.240
962.610
962.950
963.300
963.640
963.990
964.320
964.660
965.000
965.360
965.700
966.060
966.400
966.750
967.120
967.480
967.820
968.180
968.540
968.920
969.320
969.700
970.060
970.410
970.760
971.100
971.470
971.800
972.170
972.500
972.860
973.210
973.550
973.900
974.220
974.570
974.910
975.260
975.570
975.920
976.240
976.550
976.870
977.190
977.530
977.890
978.220
978.570
978.930
979.290
979.640
979.990
980.320
980.690
981.070
981.490
981.990
982.490
982.960
983.480
984.000
984.510
985.140
985.800
986.440
987.050
987.720
988.350
989.000
989.740
990.490
991.210
991.930
992.660
993.490
994.300
995.140
996.140
997.130
998.130
999.150
1000.150
1001.220
1002.240
1003.220
1004.230
1005.280
1006.310
1007.290
1008.200
1009.170
1010.130
1011.110
1012.030
1013.110
1014.130
1015.090
1016.060
1017.070
1018.000
1018.980
1019.950
1020.950
1021.900
1022.850
1023.770
1024.760
1025.710
1026.620
1027.560
1028.480
1029.490
1030.400
1031.360
1032.370
1033.280
1034.280
1035.210
1036.230
1037.170
1038.090
1038.870
1039.700
1040.530
1041.360
1042.150
1043.000
1043.900
1044.770
1045.660
1046.440
1047.250
1048.060
1048.890
1049.710
1050.500
1051.330
1052.130
1052.910
1053.680
1054.480
1055.330
1056.100
1056.960
1057.750
1058.590
1059.450
1060.200
1060.990
1061.750
1062.660
1063.510
1064.300
1065.070
1065.840
1066.650
1067.410
1068.150
1068.870
1069.620
1070.360
1071.110
1071.850
1072.610
1073.370
1074.050
1074.780
1075.460
1076.220
1076.990
1077.810
1078.530
1079.280
1080.030
1080.810
1081.560
1082.280
1083.030
1083.780
1084.570
1085.280
1086.000
1086.670
1087.370
1088.120
1088.860
1089.550
1090.270
1091.010
1091.760
1092.520
1093.160
1093.890
1094.570
1095.280
1096.020
1096.730
1097.490
1098.200
1098.960
1099.680
1100.440
1101.140
1101.840
1102.570
1103.300
1104.040
1104.770
1105.500
1106.210
1106.950
1107.700
1108.400
1109.120
1109.830
1110.550
1111.240
1111.950
1112.660
1113.400
1114.090
1114.750
1115.450
1116.140
1116.840
1117.540
1118.240
1118.900
1119.590
1120.260
1120.960
1121.640
1122.370
1123.030
1123.710
1124.420
1125.120
1125.830
1126.530
1127.230
1127.890
1128.600
1129.330
1130.140
1130.910
1131.690
1132.450
1133.230
1133.900
1134.610
1135.390
1136.130
1136.840
1137.570
1138.320
1139.110
1139.810
1140.590
1141.300
1142.070
1142.810
1143.540
1144.230
1144.970
1145.710
1146.490
1147.230
1147.970
1148.700
1149.450
1150.200
1150.990
1151.710
1152.510
1153.210
1153.970
1154.700
1155.430
1156.170
1156.950
1157.690
1158.450
1159.230
1159.980
1160.740
1161.520
1162.240
1162.990
1163.780
1164.490
1165.200
1165.940
1166.630
1167.360
1168.060
1168.780
1169.520
1170.280
1171.030
1171.740
1172.490
1173.260
1173.970
1174.740
1175.480
1176.260
1177.040
1177.800
1178.540
1179.280
1180.090
1180.850
1181.590
1182.380
1183.160
1183.930
1184.750
1185.530
1186.280
1187.030
1187.840
1188.540
1189.230
1189.930
1190.640
1191.450
1192.240
1193.020
1193.840
1194.630
1195.410
1196.150
1196.980
1197.730
1198.520
1199.340
1200.130
1200.890
1201.660
1202.420
1203.200
1203.970
1204.730
1205.460
1206.210
1206.960
1207.720
1208.490
1209.220
1209.910
1210.670
1211.430
1212.150
1212.900
1213.720
1214.490
1215.240
1216.050
1216.830
1217.600
1218.350
1219.100
1219.850
1220.610
1221.400
1222.160
1222.950
1223.690
1224.490
1225.280
1226.040
1226.800
1227.550
1228.320
1229.110
1229.910
1230.690
1231.440
1232.170
1232.950
1233.710
1234.470
1235.240
1235.990
1236.800
1237.540
1238.330
1239.060
1239.840
1240.590
1241.390
1242.150
1242.920
1243.660
1244.440
1245.180
1245.930
1246.670
1247.400
1248.110
1248.870
1249.630
1250.360
1251.120
1251.870
1252.600
1253.290
1254.020
1254.740
1255.450
1256.190
1256.920
1257.620
1258.350
1259.120
1259.870
1260.640
1261.400
1262.120
1262.850
1263.590
1264.350
1265.070
1265.800
1266.500
1267.200
1267.960
1268.660
1269.420
1270.140
1270.860
1271.600
1272.400
1273.160
1273.850
1274.530
1275.220
1275.930
1276.630
1277.320
1278.030
1278.780
1279.490
1280.210
1280.930
1281.670
1282.370
1283.120
1283.850
1284.550
1285.250
1285.990
1286.710
1287.450
1288.140
1288.870
1289.580
1290.290
1291.010
1291.720
1292.450
1293.160
1293.870
1294.630
1295.330
1296.090
1296.820
1297.560
1298.250
1298.980
1299.660
1300.370
1301.090
1301.790
1302.480
1303.220
1303.910
1304.640
1305.380
1306.070
1306.820
1307.520
1308.260
1308.940
1309.610
1310.310
1311.010
1311.760
1312.520
1313.260
1313.900
1314.610
1315.300
1316.010
1316.780
1317.540
1318.290
1318.980
1319.690
1320.410
1321.080
1321.790
1322.470
1323.210
1323.910
1324.640
1325.360
1326.070
1326.790
1327.460
1328.200
1328.900
1329.620
1330.360
1331.080
1331.770
1332.500
1333.220
1333.950
1334.670
1335.430
1336.170
1336.890
1337.630
1338.340
1339.050
1339.790
1340.500
1341.210
1341.940
1342.680
1343.390
1344.110
1344.860
1345.610
1346.340
1347.120
1347.860
1348.560
1349.300
1350.050
1350.760
1351.500
1352.210
1352.960
1353.680
1354.450
1355.150
1355.890
1356.610
1357.330
1358.040
1358.760
1359.530
1360.300
1361.000
1361.740
1362.510
1363.230
1363.960
1364.780
1365.520
1366.240
1366.990
1367.710
1368.440
1369.150
1369.880
1370.640
1371.380
1372.130
1372.880
1373.650
1374.370
1375.140
1375.860
1376.640
1377.340
1378.120
1378.830
1379.570
1380.350
1381.090
1381.880
1382.630
1383.330
1384.060
1384.800
1385.550
1386.310
1387.100
1387.870
1388.580
1389.320
1390.050
1390.760
1391.530
1392.250
1392.970
1393.750
1394.480
1395.210
1395.990
1396.720
1397.480
1398.200
1398.940
1399.690
1400.450
1401.210
1401.930
1402.620
1403.360
1404.100
1404.870
1405.580
1406.340
1407.110
1407.830
1408.610
1409.340
1410.080
1410.850
1411.600
1412.390
1413.140
1413.890
1414.660
1415.380
1416.140
1416.900
1417.710
1418.440
1419.240
1419.970
1420.690
1421.450
1422.230
1422.970
1423.690
1424.490
1425.240
1425.990
1426.740
1427.500
1428.290
1428.990
1429.760
1430.480
1431.250
1431.980
1432.680
1433.440
1434.130
1434.930
1435.690
1436.430
1437.150
1437.870
1438.620
1439.380
1440.110
1440.830
1441.560
1442.310
1443.060
1443.780
1444.540
1445.220
1445.950
1446.600
1447.320
1448.060
1448.810
1449.540
1450.310
1451.050
1451.830
1452.550
1453.320
1454.040
1454.780
1455.540
1456.300
1457.090
1457.840
1458.590
1459.290
1460.040
1460.770
1461.540
1462.270
1462.970
1463.710
1464.460
1465.200
1465.960
1466.720
1467.470
1468.180
1468.860
1469.620
1470.340
1471.070
1471.830
1472.600
1473.310
1474.080
1474.790
1475.570
1476.350
1477.120
1477.850
1478.660
1479.420
1480.200
1480.910
1481.690
1482.430
1483.200
1484.030
1484.770
1485.580
1486.360
1487.100
1487.840
1488.610
1489.400
1490.130
1490.900
1491.680
1492.410
1493.170
1493.940
1494.720
1495.480
1496.240
1496.950
1497.720
1498.500
1499.280
1500.050
1500.800
1501.570
1502.320
1503.160
1503.920
1504.760
1505.540
1506.350
1507.110
1507.900
1508.680
1509.510
1510.280
1511.060
1511.890
1512.680
1513.450
1514.270
1515.080
1515.870
1516.640
1517.460
1518.230
1519.040
1519.820
1520.660
1521.450
1522.250
1523.020
1523.830
1524.610
1525.420
1526.250
1527.040
1527.920
1528.720
1529.630
1530.510
1531.410
1532.350
1533.220
1534.140
1534.990
1535.920
1536.760
1537.620
1538.530
1539.430
1540.290
1541.210
1542.110
1543.020
1543.990
1544.880
1545.740
1546.640
1547.510
1548.420
1549.270
1550.120
1550.980
1551.820
1552.690
1553.560
1554.430
1555.270
1556.220
1557.130
1558.090
1558.980
1559.810
1560.650
1561.590
1562.480
1563.360
1564.290
1565.110
1566.040
1566.930
1567.880
1568.780
1569.730
1570.680
1571.600
1572.440
1573.350
1574.270
1575.160
1576.090
1576.960
1577.820
1578.730
1579.600
1580.430
1581.280
1582.130
1583.040
1583.920
1584.790
1585.680
1586.550
1587.460
1588.280
1589.110
1589.990
1590.850
1591.680
1592.590
1593.410
1594.280
1595.150
1596.030
1596.850
1597.700
1598.560
1599.380
1600.290
1601.140
1601.960
1602.840
1603.760
1604.620
1605.480
1606.350
1607.250
1608.120
1608.950
1609.930
1610.970
1612.070
1613.010
1613.780
1614.570
1615.400
1616.200
1616.940
1617.660
1618.460
1619.180
1619.940
1620.730
1621.460
1622.300
1623.120
1624.000
1624.860
1625.760
1626.610
1627.550
1628.490
1629.440
1630.310
1631.240
1632.210
1633.110
1634.040
1635.050
1636.070
1636.970
1637.940
1638.900
1639.810
1640.750
1641.710
1642.490
1643.180
1643.910
1644.610
1645.160
1645.730
1646.240
1646.780
1647.350
1647.870
1648.420
1648.890
1649.400
1649.880
1650.400
1650.970
1651.590
1652.230
1652.780
1653.310
1653.890
1654.420
1654.940
1655.490
1656.070
1656.620
1657.140
1657.690
1658.350
1659.050
1659.700
1660.310
1661.010
1661.800
1662.590
1663.230
1663.850
1664.480
1665.180
1665.820
1666.530
1667.160
1667.850
1668.560
1669.240
1670.010
1670.730
1671.520
1672.290
1673.010
1673.790
1674.480
1675.130
1675.760
1676.410
1677.040
1677.630
1678.230
1678.880
1679.570
1680.220
1681.020
1681.810
1682.650
1683.420
1684.280
1685.060
1685.880
1686.720
1687.610
1688.460
1689.280
1690.180
1691.000
1691.860
1692.740
1693.570
1694.360
1695.170
1696.010
1696.780
1697.640
1698.460
1699.300
1700.060
1700.900
1701.690
1702.500
1703.260
1704.090
1704.900
1705.680
1706.540
1707.360
1708.210
1709.050
1709.900
1710.750
1711.580
1712.390
1713.220
1714.060
1714.890
1715.710
1716.530
1717.350
1718.170
1718.980
1719.810
1720.630
1721.450
1722.270
1723.110
1723.920
1724.730
1725.550
1726.370
1727.180
1728.000
1728.800
1729.600
1730.440
1731.260
1732.080
1732.900
1733.720
1734.520
1735.340
1736.150
1736.950
1737.760
1738.580
1739.390
1740.190
1741.010
1741.830
1742.620
1743.420
1744.230
1745.050
1745.840
1746.650
1747.450
1748.260
1749.040
1749.820
1750.620
1751.410
1752.210
1752.970
1753.770
1754.570
1755.380
1756.160
1756.960
1757.750
1758.530
1759.340
1760.150
1760.970
1761.770
1762.550
1763.360
1764.160
1764.950
1765.750
1766.530
1767.330
1768.150
1768.910
1769.720
1770.510
1771.300
1772.080
1772.890
1773.670
1774.480
1775.270
1776.070
1776.870
1777.650
1778.430
1779.220
1780.030
1780.800
1781.580
1782.380
1783.150
1783.940
1784.730
1785.510
1786.320
1787.090
1787.880
1788.660
1789.480
1790.260
1791.040
1791.830
1792.620
1793.400
1794.170
1794.960
1795.750
1796.570
1797.340
1798.120
1798.910
1799.690
1800.470
1801.270
1802.070
1802.840
1803.620
1804.400
1805.200
1805.980
1806.770
1807.550
1808.350
1809.150
1809.950
1810.730
1811.520
1812.310
1813.110
1813.900
1814.690
1815.500
1816.240
1817.030
1817.810
1818.600
1819.390
1820.190
1820.970
1821.740
1822.510
1823.310
1823.910
1824.470
1824.860
1825.260
1825.640
1826.020
1826.420
1826.820
1827.200
1827.600
1827.980
1828.390
1828.790
1829.180
1829.600
1829.980
1830.380
1830.750
1831.140
1831.540
1831.940
1832.310
1832.720
1833.120
1833.510
1833.920
1834.300
1834.700
1835.100
1835.520
1835.920
1836.300
1836.680
1837.080
1837.480
1837.850
1838.250
1838.630
1839.030
1839.420
1839.820
1840.200
1840.610
1841.000
1841.400
1841.810
1842.190
1842.580
1842.970
1843.360
1843.740
1844.150
1844.540
1844.910
1845.300
1845.690
1846.080
1846.460
1846.860
1847.260
1847.640
1848.030
1848.410
1848.800
1849.190
1849.580
1849.960
1850.330
1850.710
1851.100
1851.490
1851.890
1852.280
1852.680
1853.070
1853.450
1853.840
1854.210
1854.610
1855.000
1855.380
1855.760
1856.170
1856.570
1856.960
1857.360
1857.740
1858.130
1858.530
1858.910
1859.300
1859.690
1860.070
1860.470
1860.860
1861.240
1861.620
1862.000
1862.410
1862.800
1863.190
1863.580
1863.950
1864.340
1864.730
1865.140
1865.530
1865.900
1866.290
1866.690
1867.070
1867.460
1867.830
1868.210
1868.600
1868.980
1869.370
1869.770
1870.150
1870.530
1870.920
1871.310
1871.690
1872.070
1872.470
1872.850
1873.240
1873.620
1874.020
1874.410
1874.780
1875.160
1875.550
1875.930
1876.300
1876.700
1877.080
1877.460
1877.840
1878.220
1878.600
1879.000
1879.390
1879.770
1880.140
1880.530
1880.900
1881.270
1881.650
1882.040
1882.430
1882.810
1883.190
1883.570
1883.950
1884.330
1884.720
1885.110
1885.490
1885.870
1886.260
1886.630
1887.020
1887.390
1887.780
1888.170
1888.550
1888.930
1889.310
1889.700
1890.100
1890.470
1890.860
1891.240
1891.620
1892.000
1892.390
1892.760
1893.150
1893.520
1893.910
1894.300
1894.680
1895.060
1895.440
1895.820
1896.210
1896.580
1896.960
1897.340
1897.720
1898.100
1898.470
1898.840
1899.220
1899.600
1899.970
1900.360
1900.750
1901.150
1901.520
1901.930
1902.310
1902.680
1903.070
1903.450
1903.840
1904.200
1904.580
1904.950
1905.320
1905.720
1906.110
1906.500
1906.880
1907.260
1907.630
1908.030
1908.400
1908.780
1909.170
1909.550
1909.930
1910.320
1910.700
1911.080
1911.450
1911.830
1912.220
1912.580
1912.970
1913.350
1913.750
1914.120
1914.500
1914.880
1915.270
1915.640
1916.020
1916.420
1916.800
1917.180
1917.560
1917.950
1918.340
1918.710
1919.090
1919.480
1919.860
1920.260
1920.650
1921.020
1921.420
1921.810
1922.190
1922.580
1922.950
1923.340
1923.730
1924.110
1924.470
1924.880
1925.260
1925.640
1926.030
1926.420
1926.800
1927.180
1927.550
1927.950
1928.330
1928.730
1929.110
1929.500
1929.870
1930.260
1930.640
1931.020
1931.420
1931.810
1932.190
1932.560
1932.970
1933.350
1933.730
1934.120
1934.490
1934.870
1935.260
1935.640
1936.010
1936.380
1936.750
1937.140
1937.520
1937.910
1938.280
1938.650
1939.030
1939.420
1939.780
1940.150
1940.510
1940.870
1941.230
1941.600
1941.990
1942.370
1942.730
1943.130
1943.510
1943.890
1944.270
1944.660
1945.050
1945.420
1945.800
1946.170
1946.570
1946.940
1947.300
1947.670
1948.060
1948.440
1948.820
1949.200
1949.580
1949.950
1950.320
1950.710
1951.090
1951.470
1951.850
1952.240
1952.620
1953.000
1953.370
1953.750
1954.140
1954.510
1954.890
1955.270
1955.660
1956.030
1956.410
1956.790
1957.170
1957.530
1957.920
1958.290
1958.670
1959.050
1959.410
1959.790
1960.150
1960.540
1960.910
1961.280
1961.660
1962.030
1962.430
1962.800
1963.190
1963.570
1963.940
1964.320
1964.700
1965.080
1965.460
1965.840
1966.210
1966.590
1966.960
1967.330
1967.700
1968.090
1968.480
1968.850
1969.250
1969.620
1969.990
1970.390
1970.770
1971.140
1971.530
1971.890
1972.260
1972.640
1973.030
1973.400
1973.770
1974.150
1974.520
1974.880
1975.270
1975.640
1976.030
1976.390
1976.750
1977.130
1977.490
1977.860
1978.250
1978.620
1978.970
1979.350
1979.720
1980.090
1980.440
1980.810
1981.180
1981.550
1981.940
1982.320
1982.700
1983.080
1983.430
1983.810
1984.180
1984.560
1984.920
1985.300
1985.670
1986.040
1986.390
1986.760
1987.130
1987.500
1987.890
1988.260
1988.630
1989.000
1989.360
1989.730
1990.100
1990.470
1990.860
1991.230
1991.610
1991.970
1992.330
1992.710
1993.080
1993.440
1993.830
1994.190
1994.570
1994.920
1995.280
1995.640
1996.010
1996.380
1996.760
1997.120
1997.490
1997.840
1998.200
1998.560
1998.930
1999.280
1999.670
2000.060
2000.420
2000.790
2001.170
2001.550
2001.900
2002.280
2002.630
2003.000
2003.360
2003.730
2004.090
2004.440
2004.820
2005.190
2005.550
2005.920
2006.290
2006.640
2007.010
2007.380
2007.770
2008.140
2008.500
2008.860
2009.240
2009.610
2009.980
2010.340
2010.690
2011.060
2011.460
2011.840
2012.210
2012.600
2012.980
2013.340
2013.700
2014.050
2014.410
2014.770
2015.120
2015.490
2015.850
2016.210
2016.560
2016.930
2017.310
2017.680
2018.040
2018.410
2018.770
2019.140
2019.520
2019.870
2020.240
2020.600
2020.960
2021.340
2021.710
2022.090
2022.450
2022.810
2023.190
2023.560
2023.910
2024.280
2024.650
2025.000
2025.380
2025.750
2026.100
2026.480
2026.820
2027.190
2027.530
2027.890
2028.230
2028.580
2028.950
2029.320
2029.700
2030.060
2030.430
2030.800
2031.170
2031.510
2031.870
2032.230
2032.610
2032.980
2033.340
2033.720
2034.090
2034.470
2034.840
2035.210
2035.570
2035.960
2036.310
2036.680
2037.070
2037.440
2037.800
2038.160
2038.530
2038.890
2039.270
2039.640
2039.990
2040.360
2040.740
2041.110
2041.470
2041.850
2042.220
2042.560
2042.920
2043.300
2043.650
2044.000
2044.380
2044.750
2045.120
2045.470
2045.840
2046.180
2046.540
2046.910
2047.280
2047.640
2047.990
2048.370
2048.720
2049.080
2049.440
2049.800
2050.160
2050.520
2050.860
2051.220
2051.580
2051.940
2052.300
2052.670
2053.040
2053.410
2053.770
2054.100
2054.480
2054.830
2055.190
2055.550
2055.920
2056.280
2056.650
2057.020
2057.360
2057.720
2058.090
2058.460
2058.810
2059.170
2059.530
2059.900
2060.250
2060.600
2060.950
2061.320
2061.670
2062.010
2062.350
2062.710
2063.100
2063.460
2063.830
2064.210
2064.560
2064.920
2065.300
2065.650
2066.010
2066.370
2066.730
2067.080
2067.440
2067.800
2068.150
2068.500
2068.830
2069.180
2069.570
2069.930
2070.290
2070.630
2070.990
2071.340
2071.700
2072.060
2072.410
2072.760
2073.140
2073.500
2073.850
2074.220
2074.570
2074.940
2075.290
2075.660
2076.010
2076.390
2076.750
2077.110
2077.470
2077.850
2078.200
2078.580
2078.940
2079.300
2079.650
2080.030
2080.380
2080.710
2081.080
2081.460
2081.820
2082.190
2082.560
2082.930
2083.270
2083.630
2084.010
2084.390
2084.740
2085.100
2085.450
2085.830
2086.190
2086.530
2086.880
2087.240
2087.580
2087.930
2088.260
2088.610
2088.970
2089.320
2089.680
2090.030
2090.390
2090.730
2091.100
2091.460
2091.830
2092.190
2092.540
2092.900
2093.270
2093.620
2093.940
2094.280
2094.630
2094.990
2095.360
2095.710
2096.060
2096.420
2096.780
2097.130
2097.510
2097.880
2098.240
2098.620
2099.000
2099.370
2099.730
2100.110
2100.450
2100.820
2101.180
2101.560
2101.910
2102.270
2102.630
2103.000
2103.360
2103.730
2104.090
2104.460
2104.820
2105.190
2105.570
2105.910
2106.290
2106.650
2107.020
2107.390
2107.770
2108.130
2108.490
2108.850
2109.210
2109.590
2109.940
2110.310
2110.690
2111.050
2111.400
2111.760
2112.130
2112.480
2112.840
2113.190
2113.560
2113.920
2114.270
2114.650
2115.010
2115.410
2115.770
2116.140
2116.530
2116.900
2117.250
2117.600
2117.960
2118.350
2118.700
2119.090
2119.450
2119.830
2120.200
2120.560
2120.920
2121.300
2121.670
2122.030
2122.420
2122.790
2123.150
2123.510
2123.870
2124.240
2124.610
2124.950
2125.310
2125.650
2126.000
2126.360
2126.730
2127.080
2127.420
2127.770
2128.120
2128.470
2128.850
2129.190
2129.560
2129.930
2130.290
2130.630
2131.010
2131.360
2131.720
2132.090
2132.450
2132.830
2133.190
2133.580
2133.930
2134.310
2134.680
2135.040
2135.410
2135.780
2136.160
2136.540
2136.900
2137.270
2137.640
2138.000
2138.370
2138.730
2139.100
2139.480
2139.850
2140.210
2140.570
2140.930
2141.300
2141.670
2142.040
2142.410
2142.780
2143.140
2143.490
2143.870
2144.220
2144.580
2144.940
2145.320
2145.700
2146.060
2146.430
2146.790
2147.150
2147.520
2147.900
2148.260
2148.630
2149.000
2149.370
2149.740
2150.100
2150.450
2150.830
2151.170
2151.550
2151.900
2152.270
2152.630
2152.990
2153.350
2153.720
2154.100
2154.460
2154.810
2155.180
2155.540
2155.910
2156.290
2156.690
2157.070
2157.440
2157.790
2158.180
2158.540
2158.920
2159.290
2159.660
2160.030
2160.400
2160.770
2161.120
2161.500
2161.870
2162.240
2162.620
2162.970
2163.360
2163.730
2164.100
2164.450
2164.840
2165.200
2165.570
2165.910
2166.270
2166.650
2167.020
2167.370
2167.740
2168.130
2168.500
2168.880
2169.240
2169.620
2169.990
2170.380
2170.760
2171.120
2171.500
2171.890
2172.250
2172.630
2173.000
2173.380
2173.760
2174.160
2174.530
2174.920
2175.290
2175.680
2176.050
2176.440
2176.810
2177.180
2177.550
2177.940
2178.300
2178.700
2179.060
2179.440
2179.800
2180.170
2180.540
2180.920
2181.300
2181.670
2182.060
2182.420
2182.800
2183.180
2183.540
2183.920
2184.300
2184.670
2185.060
2185.440
2185.820
2186.190
2186.570
2186.950
2187.330
2187.700
2188.070
2188.440
2188.830
2189.210
2189.580
2189.970
2190.350
2190.740
2191.120
2191.490
2191.870
2192.230
2192.600
2192.990
2193.360
2193.730
2194.090
2194.460
2194.840
2195.190
2195.570
2195.940
2196.310
2196.690
2197.050
2197.430
2197.790
2198.190
2198.560
2198.940
2199.320
2199.710
2200.070
2200.450
2200.820
2201.190
2201.560
2201.930
2202.300
2202.690
2203.060
2203.420
2203.800
2204.180
2204.540
2204.920
2205.290
2205.670
2206.040
2206.410
2206.810
2207.180
2207.550
2207.920
2208.290
2208.670
2209.040
2209.410
2209.770
2210.150
2210.520
2210.900
2211.260
2211.640
2212.010
2212.390
2212.750
2213.120
2213.490
2213.880
2214.250
2214.610
2214.990
2215.360
2215.720
2216.100
2216.470
2216.860
2217.220
2217.600
2217.970
2218.340
2218.710
2219.070
2219.450
2219.820
2220.180
2220.570
2220.940
2221.310
2221.680
2222.050
2222.420
2222.770
2223.150
2223.530
2223.890
2224.270
2224.640
2225.010
2225.370
2225.730
2226.100
2226.470
2226.850
2227.230
2227.600
2227.960
2228.340
2228.690
2229.070
2229.440
2229.800
2230.180
2230.550
2230.910
2231.280
2231.650
2232.030
2232.410
2232.760
2233.150
2233.520
2233.880
2234.260
2234.630
2235.000
2235.360
2235.740
2236.110
2236.460
2236.850
2237.210
2237.590
2237.960
2238.320
2238.690
2239.070
2239.430
2239.790
2240.170
2240.540
2240.900
2241.270
2241.640
2242.010
2242.370
2242.720
2243.090
2243.470
2243.840
2244.200
2244.570
2244.930
2245.300
2245.650
2246.020
2246.400
2246.770
2247.140
2247.490
2247.860
2248.240
2248.610
2248.970
2249.330
2249.710
2250.080
2250.440
2250.800
2251.180
2251.560
2251.920
2252.290
2252.660
2253.020
2253.380
2253.750
2254.110
2254.490
2254.860
2255.240
2255.600
2255.950
2256.320
2256.670
2257.050
2257.410
2257.790
2258.140
2258.500
2258.850
2259.220
2259.580
2259.970
2260.330
2260.710
2261.080
2261.450
2261.810
2262.180
2262.560
2262.920
2263.290
2263.660
2264.030
2264.400
2264.760
2265.140
2265.510
2265.890
2266.250
2266.620
2266.990
2267.350
2267.720
2268.090
2268.440
2268.830
2269.190
2269.560
2269.930
2270.310
2270.670
2271.040
2271.410
2271.770
2272.130
2272.500
2272.870
2273.250
2273.610
2273.970
2274.330
2274.710
2275.070
2275.440
2275.800
2276.170
2276.540
2276.900
2277.260
2277.630
2277.990
2278.350
2278.720
2279.080
2279.450
2279.790
2280.180
2280.550
2280.900
2281.280
2281.620
2281.990
2282.350
2282.710
2283.070
2283.460
2283.820
2284.180
2284.570
2284.940
2285.300
2285.680
2286.050
2286.400
2286.770
2287.130
2287.510
2287.880
2288.240
2288.600
2288.970
2289.330
2289.710
2290.080
2290.440
2290.810
2291.180
2291.540
2291.920
2292.290
2292.650
2293.000
2293.370
2293.720
2294.090
2294.430
2294.800
2295.180
2295.550
2295.930
2296.290
2296.670
2297.040
2297.400
2297.750
2298.120
2298.490
2298.850
2299.220
2299.580
2299.950
2300.300
2300.660
2301.040
2301.400
2301.770
2302.140
2302.510
2302.880
2303.240
2303.600
2303.970
2304.340
2304.700
2305.040
2305.420
2305.770
2306.130
2306.490
2306.880
2307.230
2307.610
2307.990
2308.360
2308.710
2309.080
2309.450
2309.830
2310.200
2310.550
2310.910
2311.260
2311.630
2312.000
2312.350
2312.720
2313.110
2313.480
2313.850
2314.220
2314.580
2314.950
2315.330
2315.690
2316.060
2316.420
2316.760
2317.120
2317.470
2317.830
2318.190
2318.560
2318.930
2319.300
2319.670
2320.040
2320.400
2320.770
2321.130
2321.490
2321.850
2322.210
2322.580
2322.940
2323.290
2323.650
2324.020
2324.420
2324.790
2325.150
2325.530
2325.890
2326.250
2326.620
2326.980
2327.360
2327.710
2328.080
2328.450
2328.800
2329.160
2329.520
2329.880
2330.270
2330.630
2331.010
2331.380
2331.750
2332.100
2332.460
2332.830
2333.210
2333.560
2333.930
2334.280
2334.650
2335.010
2335.360
2335.720
2336.100
2336.470
2336.830
2337.210
2337.590
2337.950
2338.300
2338.670
2339.030
2339.380
2339.750
2340.090
2340.450
2340.790
2341.160
2341.510
2341.890
2342.260
2342.620
2343.000
2343.370
2343.730
2344.100
2344.450
2344.820
2345.180
2345.540
2345.920
2346.270
2346.630
2347.000
2347.350
2347.720
2348.090
2348.460
2348.820
2349.210
2349.570
2349.930
2350.290
2350.660
2351.010
2351.340
2351.710
2352.070
2352.420
2352.770
2353.140
2353.510
2353.870
2354.250
2354.620
2354.990
2355.360
2355.720
2356.070
2356.430
2356.800
2357.150
2357.510
2357.880
2358.240
2358.580
2358.950
2359.310
2359.680
2360.050
2360.430
2360.790
2361.150
2361.510
2361.880
2362.230
2362.590
2362.970
2363.320
2363.680
2364.040
2364.390
2364.750
2365.110
2365.480
2365.840
2366.210
2366.570
2366.940
2367.300
2367.680
2368.030
2368.400
2368.760
2369.110
2369.470
2369.840
2370.190
2370.530
2370.890
2371.250
2371.620
2371.960
2372.330
2372.690
2373.050
2373.420
2373.770
2374.130
2374.500
2374.860
2375.210
2375.590
2375.940
2376.290
2376.670
2377.020
2377.380
2377.760
2378.110
2378.460
2378.830
2379.190
2379.560
2379.910
2380.280
2380.640
2381.000
2381.350
2381.720
2382.080
2382.450
2382.810
2383.170
2383.540
2383.910
2384.270
2384.640
2385.000
2385.360
2385.720
2386.080
2386.440
2386.810
2387.170
2387.520
2387.890
2388.260
2388.620
2388.970
2389.340
2389.700
2390.050
2390.420
2390.790
2391.150
2391.510
2391.860
2392.210
2392.570
2392.940
2393.290
2393.650
2394.010
2394.360
2394.730
2395.090
2395.450
2395.820
2396.170
2396.530
2396.890
2397.240
2397.610
2397.970
2398.310
2398.680
2399.030
2399.400
2399.760
2400.120
2400.470
2400.830
2401.180
2401.550
2401.900
2402.260
2402.620
2402.980
2403.350
2403.720
2404.070
2404.440
2404.780
2405.160
2405.520
2405.880
2406.220
2406.590
2406.950
2407.310
2407.670
2408.030
2408.410
2408.770
2409.140
2409.510
2409.870
2410.240
2410.590
2410.950
2411.310
2411.660
2412.030
2412.380
2412.740
2413.110
2413.460
2413.820
2414.200
2414.550
2414.920
2415.290
2415.640
2416.000
2416.350
2416.720
2417.090
2417.450
2417.800
2418.170
2418.500
2418.870
2419.220
2419.560
2419.930
2420.280
2420.660
2421.020
2421.380
2421.740
2422.100
2422.450
2422.820
2423.170
2423.530
2423.880
2424.230
2424.600
2424.940
2425.290
2425.650
2426.020
2426.390
2426.750
2427.110
2427.470
2427.830
2428.180
2428.550
2428.900
2429.260
2429.610
2429.980
2430.340
2430.690
2431.050
2431.410
2431.760
2432.140
2432.510
2432.860
2433.230
2433.590
2433.950
2434.320
2434.660
2435.020
2435.380
2435.720
2436.070
2436.430
2436.790
2437.150
2437.510
2437.880
2438.240
2438.610
2438.970
2439.320
2439.680
2440.040
2440.400
2440.760
2441.110
2441.440
2441.790
2442.160
2442.510
2442.860
2443.250
2443.610
2443.980
2444.330
2444.690
2445.070
2445.420
2445.780
2446.130
2446.480
2446.850
2447.190
2447.550
2447.910
2448.260
2448.620
2448.980
2449.340
2449.700
2450.060
2450.400
2450.760
2451.130
2451.490
2451.840
2452.200
2452.550
2452.920
2453.280
2453.630
2453.980
2454.330
2454.680
2455.040
2455.410
2455.760
2456.110
2456.460
2456.830
2457.180
2457.520
2457.890
2458.240
2458.590
2458.960
2459.310
2459.680
2460.040
2460.400
2460.760
2461.130
2461.480
2461.830
2462.190
2462.560
2462.900
2463.260
2463.620
2463.980
2464.340
2464.690
2465.060
2465.400
2465.760
2466.120
2466.490
2466.850
2467.190
2467.560
2467.910
2468.270
2468.620
2468.980
2469.340
2469.680
2470.040
2470.390
2470.750
2471.110
2471.470
2471.820
2472.180
2472.540
2472.890
2473.240
2473.590
2473.940
2474.300
2474.650
2475.010
2475.360
2475.710
2476.060
2476.410
2476.780
2477.130
2477.490
2477.850
2478.210
2478.570
2478.920
2479.270
2479.620
2479.980
2480.320
2480.680
2481.010
2481.380
2481.730
2482.080
2482.430
2482.800
2483.150
2483.520
2483.880
2484.220
2484.580
2484.920
2485.260
2485.600
2485.940
2486.300
2486.660
2487.000
2487.350
2487.710
2488.070
2488.420
2488.790
2489.130
2489.470
2489.830
2490.190
2490.540
2490.890
2491.240
2491.580
2491.930
2492.290
2492.650
2493.010
2493.360
2493.710
2494.070
2494.410
2494.760
2495.110
2495.470
2495.830
2496.170
2496.520
2496.870
2497.220
2497.560
2497.920
2498.280
2498.630
2498.980
2499.310
2499.670
2500.030
2500.380
2500.740
2501.110
2501.450
2501.800
2502.140
2502.490
2502.830
2503.150
2503.460
2503.780
2504.110
2504.450
2504.810
2505.170
2505.520
2505.860
2506.220
2506.550
2506.910
2507.270
2507.640
2507.990
2508.350
2508.690
2509.050
2509.400
2509.770
2510.140
2510.480
2510.850
2511.200
2511.560
2511.920
2512.270
2512.600
2512.950
2513.310
2513.670
2514.020
2514.360
2514.700
2515.050
2515.420
2515.790
2516.130
2516.470
2516.820
2517.190
2517.540
2517.870
2518.240
2518.590
2518.950
2519.310
2519.660
2520.020
2520.370
2520.720
2521.080
2521.440
2521.790
2522.130
2522.480
2522.830
2523.190
2523.560
2524.010
2524.430
2524.900
2525.330
2525.780
2526.250
2526.690
2527.150
2527.580
2528.030
2528.490
2528.980
2529.450
2529.950
2530.440
2530.950
2531.540
2532.100
2532.670
2533.320
2533.930
2534.550
2535.180
2535.770
2536.410
2537.030
2537.660
2538.260
2538.990
2539.660
2540.340
2541.050
2541.840
2542.590
2543.340
2544.050
2544.850
2545.610
2546.390
2547.180
2547.920
2548.730
2549.490
2550.300
2551.050
2551.810
2552.580
2553.350
2554.080
2554.840
2555.630
2556.420
2557.160
2557.900
2558.670
2559.440
2560.190
2560.890
2561.630
2562.370
2563.080
2563.810
2564.550
2565.310
2566.090
2566.850
2567.590
2568.320
2569.120
2569.840
2570.620
2571.390
2572.160
2572.910
2573.650
2574.410
2575.140
2575.890
2576.620
2577.400
2578.150
2578.890
2579.640
2580.390
2581.180
2581.920
2582.700
2583.440
2584.200
2584.970
2585.730
2586.450
2587.210
2587.910
2588.710
2589.460
2590.220
2591.020
2591.740
2592.490
2593.230
2593.950
2594.670
2595.420
2596.170
2596.930
2597.660
2598.350
2599.120
2599.890
2600.630
2601.410
2602.190
2602.910
2603.690
2604.440
2605.160
2605.920
2606.690
2607.470
2608.200
2608.950
2609.700
2610.430
2611.210
2611.940
2612.720
2613.430
2614.210
2614.990
2615.770
2616.550
2617.310
2618.080
2618.820
2619.610
2620.400
2621.170
2621.900
2622.670
2623.420
2624.180
2624.980
2625.760
2626.510
2627.250
2628.020
2628.760
2629.560
2630.280
2631.060
2631.800
2632.570
2633.290
2634.060
2634.810
2635.570
2636.300
2637.040
2637.790
2638.550
2639.280
2640.070
2640.800
2641.570
2642.270
2643.020
2643.760
2644.530
2645.240
2646.000
2646.730
2647.490
2648.230
2648.990
2649.710
2650.470
2651.220
2652.000
2652.760
2653.530
2654.250
2655.000
2655.720
2656.450
2657.210
2657.920
2658.670
2659.420
2660.130
2660.870
2661.620
2662.350
2663.080
2663.810
2664.530
2665.310
2666.100
2666.810
2667.570
2668.290
2668.990
2669.720
2670.450
2671.220
2671.990
2672.710
2673.440
2674.210
2675.040
2675.840
2676.610
2677.450
2678.250
2679.050
2679.740
2680.510
2681.250
2681.980
2682.720
2683.470
2684.210
2684.930
2685.670
2686.400
2687.110
2687.830
2688.560
2689.290
2690.060
2690.830
2691.540
2692.230
2692.970
2693.690
2694.380
2695.130
2695.840
2696.560
2697.320
2698.040
2698.810
2699.550
2700.250
2701.010
2701.700
2702.440
2703.180
2703.880
2704.610
2705.340
2706.100
2706.890
2707.650
2708.400
2709.170
2709.880
2710.630
2711.390
2712.110
2712.850
2713.600
2714.370
2715.120
2715.800
2716.510
2717.180
2717.920
2718.660
2719.380
2720.170
2720.980
2721.700
2722.490
2723.220
2723.960
2724.710
2725.470
2726.230
2726.990
2727.730
2728.470
2729.220
2729.970
2730.730
2731.500
2732.220
2732.960
2733.730
2734.450
2735.230
2735.950
2736.710
2737.470
2738.210
2738.940
2739.730
2740.450
2741.230
2741.950
2742.680
2743.450
2744.200
2744.920
2745.690
2746.440
2747.180
2747.920
2748.700
2749.440
2750.220
2750.990
2751.760
2752.470
2753.220
2753.970
2754.740
2755.520
2756.240
2756.980
2757.720
2758.480
2759.260
2760.000
2760.770
2761.520
2762.300
2763.080
2763.840
2764.630
2765.380
2766.100
2766.830
2767.610
2768.370
2769.110
2769.850
2770.560
2771.330
2772.030
2772.800
2773.560
2774.300
2775.020
2775.780
2776.520
2777.270
2778.030
2778.800
2779.540
2780.260
2781.010
2781.770
2782.510
2783.190
2783.920
2784.680
2785.430
2786.200
2786.990
2787.750
2788.520
2789.300
2790.070
2790.810
2791.560
2792.340
2793.110
2793.930
2794.720
2795.460
2796.240
2796.980
2797.730
2798.470
2799.240
2800.000
2800.800
2801.560
2802.300
2803.040
2803.800
2804.550
2805.310
2806.130
2806.880
2807.640
2808.410
2809.170
2809.960
2810.750
2811.520
2812.290
2813.020
2813.830
2814.580
2815.310
2816.090
2816.850
2817.610
2818.370
2819.130
2819.880
2820.610
2821.390
2822.130
2822.860
2823.610
2824.350
2825.090
2825.840
2826.610
2827.370
2828.110
2828.910
2829.680
2830.400
2831.160
2831.920
2832.680
2833.420
2834.160
2834.960
2835.710
2836.520
2837.270
2838.050
2838.800
2839.570
2840.340
2841.110
2841.870
2842.600
2843.400
2844.140
2844.950
2845.690
2846.480
2847.250
2848.040
2848.790
2849.570
2850.470
2851.370
2852.150
2852.940
2853.710
2854.450
2855.190
2855.930
2856.680
2857.400
2858.150
2858.880
2859.660
2860.370
2861.150
2861.910
2862.690
2863.430
2864.250
2865.010
2865.830
2866.600
2867.360
2868.190
2868.970
2869.730
2870.510
2871.270
2872.030
2872.800
2873.560
2874.300
2875.080
2875.800
2876.560
2877.310
2878.100
2878.830
2879.610
2880.330
2881.120
2881.820
2882.600
2883.320
2884.050
2884.810
2885.570
2886.290
2887.050
2887.830
2888.570
2889.300
2890.040
2890.800
2891.590
2892.360
2893.110
2893.830
2894.610
2895.330
2896.080
2896.880
2897.620
2898.360
2899.190
2900.030
2900.820
2901.580
2902.410
2903.170
2904.000
2904.850
2905.670
2906.520
2907.290
2908.160
2909.040
2909.840
2910.740
2911.540
2912.420
2913.270
2914.110
2914.960
2915.720
2916.530
2917.250
2918.000
2918.760
2919.500
2920.120
2920.790
2921.430
2922.060
2922.690
2923.350
2923.950
2924.530
2925.140
2925.780
2926.580
2927.420
2928.170
2929.000
2929.780
2930.540
2931.350
2932.120
2932.950
2933.700
2934.530
2935.340
2936.230
2937.080
2938.000
2938.810
2939.660
2940.500
2941.400
2942.320
2943.290
2944.320
2945.410
2946.370
2947.290
2948.250
2949.190
2950.240
2951.190
2952.130
2953.050
2953.910
2954.810
2955.720
2956.600
2957.520
2958.450
2959.440
2960.360
2961.330
2962.430
2963.460
2964.550
2965.520
2966.520
2967.450
2968.400
2969.380
2970.370
2971.430
2972.480
2973.530
2974.580
2975.630
2976.680
2977.770
2978.860
2980.010
2981.090
2982.150
2983.250
2984.330
2985.460
2986.470
2987.540
2988.580
2989.630
2990.660
2991.710
2992.710
2993.720
2994.650
2995.750
2996.770
2997.790
2998.850
2999.900
3000.860
3001.890
3002.830
3003.710
3004.660
3005.610
3006.550
3007.430
3008.400
3009.360
3010.260
3011.290
3012.200
3013.130
3014.070
3015.020
3015.930
3016.900
3017.850
3018.790
3019.760
3020.700
3021.670
3022.630
3023.610
3024.570
3025.530
3026.450
3027.450
3028.430
3029.350
3030.350
3031.290
3032.260
3033.170
3034.060
3035.030
3036.000
3037.040
3038.010
3038.930
3039.860
3040.750
3041.740
3042.670
3043.630
3044.570
3045.500
3046.430
3047.370
3048.280
3049.230
3050.160
3050.980
3051.770
3052.460
3053.170
3053.870
3054.540
3055.250
3055.950
3056.670
3057.380
3058.060
3058.750
3059.450
3060.120
3060.850
3061.520
3062.210
3062.880
3063.590
3064.290
3064.900
3065.550
3066.150
3066.800
3067.480
3068.190
3068.880
3069.550
3070.200
3070.810
3071.450
3072.060
3072.690
3073.290
3073.870
3074.500
3075.080
3075.670
3076.310
3076.920
3077.510
3078.100
3078.670
3079.270
3079.820
3080.420
3080.960
3081.410
3081.870
3082.340
3082.780
3083.240
3083.700
3084.180
3084.620
3085.060
3085.470
3085.900
3086.360
3086.820
3087.290
3087.740
3088.220
3088.680
3089.130
3089.580
3090.050
3090.510
3090.960
3091.430
3091.890
3092.400
3092.900
3093.380
3093.820
3094.280
3094.750
3095.220
3095.660
3096.140
3096.600
3097.050
3097.520
3097.970
3098.400
3098.850
3099.310
3099.780
3100.250
3100.710
3101.170
3101.610
3102.090
3102.540
3103.020
3103.480
3103.960
3104.410
3104.870
3105.320
3105.800
3106.240
3106.700
3107.170
3107.630
3108.090
3108.560
3109.020
3109.460
3109.930
3110.400
3110.860
3111.320
3111.780
3112.230
3112.680
3113.150
3113.600
3114.080
3114.520
3114.980
3115.460
3115.910
3116.370
3116.820
3117.260
3117.720
3118.200
3118.650
3119.120
3119.580
3120.020
3120.490
3120.950
3121.410
3121.880
3122.340
3122.800
3123.280
3123.760
3124.200
3124.660
3125.140
3125.580
3126.060
3126.510
3126.980
3127.430
3127.890
3128.320
3128.780
3129.220
3129.700
3130.140
3130.610
3131.070
3131.530
3131.970
3132.420
3132.870
3133.340
3133.810
3134.260
3134.730
3135.190
3135.640
3136.100
3136.570
3137.010
3137.470
3137.930
3138.410
3138.880
3139.330
3139.790
3140.240
3140.700
3141.170
3141.640
3142.090
3142.540
3142.970
3143.420
3143.880
3144.360
3144.800
3145.260
3145.730
3146.170
3146.620
3147.060
3147.520
3147.980
3148.450
3148.920
3149.380
3149.830
3150.290
3150.740
3151.180
3151.650
3152.140
3152.590
3153.060
3153.510
3153.980
3154.440
3154.910
3155.370
3155.830
3156.290
3156.720
3157.180
3157.620
3158.080
3158.520
3158.980
3159.440
3159.900
3160.360
3160.810
3161.260
3161.720
3162.190
3162.630
3163.090
3163.530
3163.980
3164.450
3164.880
3165.350
3165.790
3166.240
3166.690
3167.140
3167.590
3168.050
3168.500
3168.950
3169.410
3169.870
3170.330
3170.790
3171.220
3171.680
3172.130
3172.590
3173.050
3173.490
3173.960
3174.420
3174.870
3175.340
3175.790
3176.260
3176.710
3177.160
3177.620
3178.080
3178.530
3178.960
3179.400
3179.850
3180.300
3180.750
3181.210
3181.670
3182.130
3182.590
3183.050
3183.500
3183.960
3184.410
3184.870
3185.320
3185.750
3186.210
3186.650
3187.110
3187.560
3188.010
3188.450
3188.930
3189.390
3189.840
3190.280
3190.720
3191.180
3191.630
3192.090
3192.530
3192.980
3193.440
3193.880
3194.300
3194.760
3195.210
3195.670
3196.120
3196.570
3197.020
3197.470
3197.900
3198.360
3198.830
3199.300
3199.750
3200.200
3200.660
3201.110
3201.540
3201.990
3202.450
3202.910
3203.360
3203.800
3204.250
3204.690
3205.160
3205.620
3206.070
3206.540
3206.980
3207.450
3207.880
3208.330
3208.800
3209.240
3209.700
3210.170
3210.630
3211.070
3211.540
3212.000
3212.420
3212.870
3213.310
3213.760
3214.190
3214.630
3215.090
3215.540
3215.990
3216.420
3216.880
3217.340
3217.770
3218.220
3218.680
3219.120
3219.550
3219.990
3220.430
3220.890
3221.330
3221.810
3222.270
3222.710
3223.150
3223.610
3224.060
3224.510
3224.970
3225.430
3225.890
3226.330
3226.780
3227.240
3227.720
3228.180
3228.610
3229.070
3229.510
3229.920
3230.360
3230.780
3231.230
3231.700
3232.150
3232.590
3233.020
3233.480
3233.910
3234.350
3234.810
3235.240
3235.690
3236.160
3236.580
3237.030
3237.480
3237.900
3238.360
3238.820
3239.260
3239.710
3240.150
3240.600
3241.040
3241.480
3241.930
3242.380
3242.820
3243.240
3243.690
3244.130
3244.560
3245.030
3245.480
3245.930
3246.370
3246.820
3247.250
3247.700
3248.150
3248.590
3249.030
3249.460
3249.890
3250.330
3250.790
3251.210
3251.670
3252.090
3252.550
3253.010
3253.440
3253.910
3254.350
3254.800
3255.250
3255.690
3256.140
3256.580
3257.030
3257.480
3257.930
3258.360
3258.790
3259.230
3259.670
3260.120
3260.570
3261.010
3261.470
3261.900
3262.370
3262.800
3263.270
3263.720
3264.170
3264.600
3265.070
3265.500
3265.940
3266.380
3266.840
3267.290
3267.750
3268.200
3268.650
3269.090
3269.530
3269.990
3270.440
3270.890
3271.330
3271.770
3272.210
3272.680
3273.120
3273.550
3273.990
3274.450
3274.890
3275.320
3275.760
3276.210
3276.670
3277.120
3277.570
3278.000
3278.450
3278.880
3279.340
3279.770
3280.210
3280.650
3281.100
3281.540
3281.990
3282.440
3282.900
3283.340
3283.790
3284.240
3284.680
3285.130
3285.580
3286.040
3286.480
3286.940
3287.370
3287.810
3288.280
3288.730
3289.160
3289.620
3290.070
3290.520
3290.970
3291.430
3291.860
3292.310
3292.770
3293.190
3293.650
3294.090
3294.520
3294.960
3295.410
3295.880
3296.330
3296.760
3297.210
3297.660
3298.120
3298.570
3299.020
3299.460
3299.910
3300.350
3300.800
3301.230
3301.670
3302.110
3302.580
3303.030
3303.470
3303.930
3304.380
3304.830
3305.260
3305.690
3306.150
3306.590
3307.040
3307.480
3307.920
3308.380
3308.830
3309.270
3309.710
3310.140
3310.600
3311.040
3311.480
3311.920
3312.370
3312.830
3313.270
3313.730
3314.150
3314.600
3315.050
3315.490
3315.920
3316.350
3316.790
3317.260
3317.700
3318.140
3318.610
3319.050
3319.490
3319.950
3320.400
3320.850
3321.300
3321.750
3322.180
3322.620
3323.070
3323.530
3323.970
3324.440
3324.870
3325.300
3325.760
3326.190
3326.620
3327.060
3327.520
3327.980
3328.420
3328.850
3329.280
3329.720
3330.170
3330.600
3331.070
3331.530
3331.990
3332.450
3332.920
3333.370
3333.800
3334.230
3334.680
3335.120
3335.570
3335.980
3336.410
3336.850
3337.290
3337.710
3338.150
3338.610
3339.040
3339.500
3339.940
3340.410
3340.840
3341.310
3341.730
3342.190
3342.610
3343.070
3343.490
3343.920
3344.360
3344.790
3345.200
3345.650
3346.100
3346.540
3346.980
3347.400
3347.850
3348.320
3348.760
3349.200
3349.650
3350.110
3350.540
3350.970
3351.410
3351.840
3352.270
3352.710
3353.140
3353.560
3354.010
3354.460
3354.890
3355.340
3355.770
3356.220
3356.670
3357.130
3357.580
3358.030
3358.470
3358.900
3359.340
3359.780
3360.210
3360.660
3361.120
3361.600
3362.040
3362.500
3362.980
3363.440
3363.900
3364.350
3364.780
3365.230
3365.680
3366.110
3366.550
3367.000
3367.420
3367.880
3368.300
3368.760
3369.190
3369.630
3370.060
3370.480
3370.910
3371.350
3371.780
3372.210
3372.660
3373.100
3373.550
3373.980
3374.410
3374.850
3375.290
3375.700
3376.140
3376.600
3377.030
3377.480
3377.910
3378.330
3378.750
3379.180
3379.630
3380.040
3380.490
3380.940
3381.360
3381.810
3382.240
3382.690
3383.130
3383.550
3383.990
3384.400
3384.850
3385.260
3385.700
3386.130
3386.570
3387.000
3387.430
3387.850
3388.280
3388.700
3389.120
3389.520
3389.950
3390.370
3390.780
3391.210
3391.600
3392.030
3392.450
3392.900
3393.330
3393.750
3394.190
3394.610
3395.030
3395.470
3395.900
3396.300
3396.730
3397.170
3397.590
3398.030
3398.450
3398.880
3399.310
3399.780
3400.220
3400.660
3401.110
3401.570
3402.020
3402.450
3402.860
3403.310
3403.720
3404.180
3404.620
3405.060
3405.490
3405.920
3406.380
3406.810
3407.250
3407.700
3408.110
3408.540
3409.000
3409.460
3409.910
3410.380
3410.820
3411.260
3411.690
3412.130
3412.570
3413.020
3413.450
3413.900
3414.350
3414.840
3415.300
3415.780
3416.220
3416.640
3417.100
3417.540
3417.970
3418.430
3418.890
3419.350
3419.840
3420.320
3420.770
3421.250
3421.710
3422.200
3422.670
3423.070
3423.480
3423.890
3424.310
3424.730
3425.160
3425.560
3425.990
3426.400
3426.810
3427.220
3427.620
3428.080
3428.500
3428.960
3429.400
3429.810
3430.230
3430.630
3431.030
3431.420
3431.830
3432.250
3432.690
3433.120
3433.540
3433.960
3434.410
3434.880
3435.320
3435.750
3436.190
3436.610
3437.010
3437.430
3437.860
3438.260
3438.660
3439.080
3439.490
3439.930
3440.390
3440.820
3441.280
3441.740
3442.190
3442.620
3443.090
3443.540
3443.970
3444.440
3444.880
3445.320
3445.750
3446.190
3446.620
3447.070
3447.500
3447.930
3448.340
3448.730
3449.170
3449.590
3450.000
3450.410
3450.850
3451.260
3451.670
3452.100
3452.520
3452.950
3453.370
3453.750
3454.130
3454.520
3454.930
3455.310
3455.730
3456.140
3456.560
3456.970
3457.390
3457.810
3458.220
3458.650
3459.080
3459.490
3459.900
3460.300
3460.700
3461.120
3461.580
3462.000
3462.440
3462.890
3463.340
3463.760
3464.180
3464.570
3464.890
3465.230
3465.560
3465.890
3466.230
3466.580
3466.930
3467.290
3467.640
3467.980
3468.330
3468.710
3469.070
3469.520
3469.960
3470.380
3470.830
3471.290
3471.720
3472.170
3472.600
3473.040
3473.490
3473.930
3474.350
3474.800
3475.250
3475.690
3476.100
3476.540
3476.960
3477.400
3477.840
3478.280
3478.730
3479.150
3479.570
3480.010
3480.470
3480.900
3481.340
3481.800
3482.240
3482.680
3483.120
3483.540
3484.000
3484.440
3484.860
3485.300
3485.760
3486.200
3486.610
3487.020
3487.460
3487.880
3488.280
3488.720
3489.120
3489.550
3489.980
3490.400
3490.810
3491.250
3491.690
3492.110
3492.550
3492.960
3493.410
3493.830
3494.250
3494.680
3495.130
3495.540
3495.990
3496.420
3496.840
3497.260
3497.710
3498.130
3498.580
3499.010
3499.420
3499.870
3500.290
3500.740
3501.170
3501.610
3502.040
3502.500
3502.930
3503.340
3503.780
3504.220
3504.700
3505.170
3505.630
3506.090
3506.580
3507.030
3507.500
3507.980
3508.460
3508.920
3509.400
3509.850
3510.330
3510.810
3511.230
3511.690
3512.110
3512.550
3512.980
3513.390
3513.820
3514.270
3514.690
3515.130
3515.560
3516.040
3516.490
3516.960
3517.410
3517.840
3518.300
3518.720
3519.180
3519.640
3520.090
3520.510
3520.950
3521.410
3521.850
3522.280
3522.700
3523.140
3523.550
3523.980
3524.430
3524.870
3525.320
3525.760
3526.180
3526.630
3527.060
3527.500
3527.940
3528.400
3528.810
3529.250
3529.690
3530.120
3530.540
3531.000
3531.440
3531.880
3532.340
3532.790
3533.240
3533.670
3534.110
3534.550
3534.990
3535.430
3535.870
3536.320
3536.740
3537.190
3537.630
3538.070
3538.510
3538.960
3539.390
3539.820
3540.260
3540.700
3541.160
3541.590
3542.040
3542.480
3542.920
3543.340
3543.780
3544.210
3544.640
3545.080
3545.510
3545.950
3546.380
3546.820
3547.230
3547.670
3548.120
3548.560
3548.990
3549.430
3549.860
3550.290
3550.730
3551.170
3551.620
3552.050
3552.480
3552.910
3553.350
3553.810
3554.240
3554.670
3555.100
3555.550
3555.990
3556.420
3556.860
3557.300
3557.750
3558.170
3558.600
3559.040
3559.460
3559.890
3560.320
3560.770
3561.210
3561.650
3562.080
3562.520
3562.960
3563.390
3563.830
3564.270
3564.700
3565.130
3565.580
3566.030
3566.450
3566.890
3567.330
3567.750
3568.190
3568.630
3569.050
3569.490
3569.920
3570.350
3570.780
3571.220
3571.660
3572.110
3572.540
3572.980
3573.430
3573.860
3574.290
3574.750
3575.180
3575.610
3576.040
3576.480
3576.890
3577.320
3577.750
3578.170
3578.590
3579.020
3579.440
3579.900
3580.330
3580.760
3581.200
3581.640
3582.060
3582.490
3582.940
3583.360
3583.790
3584.210
3584.640
3585.050
3585.480
3585.910
3586.370
3586.810
3587.240
3587.670
3588.090
3588.530
3588.950
3589.380
3589.820
3590.250
3590.680
3591.100
3591.550
3591.970
3592.390
3592.840
3593.270
3593.700
3594.120
3594.550
3594.990
3595.420
3595.840
3596.280
3596.720
3597.160
3597.570
3598.010
3598.440
3598.870
3599.310
3599.740
3600.150
3600.580
3601.010
3601.440
3601.870
3602.280
3602.700
3603.140
3603.550
3604.000
3604.420
3604.840
3605.290
3605.720
3606.130
3606.560
3607.000
3607.420
3607.840
3608.280
3608.700
3609.130
3609.560
3609.970
3610.400
3610.840
3611.260
3611.680
3612.120
3612.540
3612.980
3613.420
3613.860
3614.310
3614.730
3615.170
3615.620
3616.050
3616.460
3616.890
3617.330
3617.770
3618.200
3618.610
3619.030
3619.430
3619.830
3620.240
3620.650
3621.090
3621.500
3621.910
3622.350
3622.780
3623.220
3623.640
3624.070
3624.510
3624.910
3625.330
3625.750
3626.170
3626.610
3627.020
3627.430
3627.860
3628.280
3628.690
3629.110
3629.500
3629.930
3630.320
3630.730
3631.150
3631.580
3632.000
3632.430
3632.850
3633.260
3633.670
3634.090
3634.510
3634.930
3635.360
3635.780
3636.170
3636.580
3637.010
3637.430
3637.880
3638.310
3638.730
3639.160
3639.570
3639.980
3640.400
3640.840
3641.260
3641.670
3642.100
3642.520
3642.940
3643.360
3643.770
3644.210
3644.650
3645.070
3645.500
3645.920
3646.340
3646.760
3647.190
3647.610
3648.030
3648.440
3648.870
3649.260
3649.680
3650.100
3650.530
3650.950
3651.380
3651.790
3652.220
3652.640
3653.060
3653.460
3653.890
3654.320
3654.740
3655.160
3655.580
3656.000
3656.430
3656.860
3657.280
3657.720
3658.140
3658.560
3658.990
3659.410
3659.820
3660.240
3660.670
3661.090
3661.520
3661.940
3662.350
3662.770
3663.210
3663.620
3664.050
3664.470
3664.890
3665.340
3665.770
3666.210
3666.640
3667.080
3667.500
3667.930
3668.360
3668.800
3669.210
3669.640
3670.080
3670.500
3670.940
3671.390
3671.820
3672.260
3672.700
3673.120
3673.550
3673.980
3674.400
3674.830
3675.260
3675.710
3676.130
3676.570
3676.980
3677.400
3677.830
3678.260
3678.700
3679.130
3679.570
3680.000
3680.430
3680.870
3681.320
3681.760
3682.180
3682.600
3683.030
3683.440
3683.860
3684.280
3684.730
3685.160
3685.590
3686.010
3686.430
3686.870
3687.290
3687.730
3688.170
3688.590
3689.020
3689.460
3689.880
3690.330
3690.770
3691.210
3691.640
3692.090
3692.520
3692.940
3693.360
3693.810
3694.250
3694.690
3695.130
3695.560
3695.990
3696.440
3696.880
3697.420
3698.060
3698.700
3699.480
3700.370
3701.250
3702.150
3703.020
3703.930
3704.780
3705.670
3706.590
3707.470
3708.340
3709.220
3710.110
3710.990
3711.870
3712.730
3713.640
3714.530
3715.390
3716.270
3717.150
3718.020
3718.910
3719.800
3720.660
3721.530
3722.400
3723.260
3724.110
3725.010
3725.900
3726.770
3727.680
3728.540
3729.380
3730.270
3731.160
3731.960
3732.720
3733.460
3734.240
3735.020
3735.750
3736.480
3737.250
3738.040
3738.840
3739.670
3740.400
3741.200
3741.920
3742.700
3743.480
3744.200
3744.970
3745.770
3746.540
3747.280
3748.050
3748.860
3749.640
3750.410
3751.160
3751.970
3752.750
3753.560
3754.390
3755.170
3756.010
3756.790
3757.720
3758.620
3759.500
3760.420
3761.300
3762.190
3763.110
3764.040
3764.950
3765.740
3766.600
3767.400
3768.240
3769.150
3770.040
3771.000
3772.050
3773.190
3774.180
3775.140
3776.090
3777.090
3777.960
3778.880
3779.790
3780.570
3781.390
3782.290
3783.150
3784.090
3785.110
3786.080
3787.120
3788.070
3788.940
3789.820
3790.740
3791.560
3792.360
3793.130
3793.880
3794.680
3795.430
3796.240
3797.110
3797.910
3798.670
3799.470
3800.250
3801.020
3801.820
3802.610
3803.410
3804.370
3805.320
3806.350
3807.430
3808.450
3809.540
3810.690
3811.770
3812.840
3813.870
3814.840
3815.610
3816.420
3817.160
3817.910
3818.620
3819.340
3820.040
3820.700
3821.420
3822.140
3822.940
3823.710
3824.460
3825.160
3825.800
3826.380
3827.000
3827.590
3828.160
3828.750
3829.370
3829.970
3830.620
3831.230
3831.820
3832.460
3833.010
3833.550
3834.080
3834.660
3835.210
3835.750
3836.300
3836.850
3837.400
3837.950
3838.470
3839.010
3839.510
3840.050
3840.550
3841.060
3841.590
3842.100
3842.650
3843.170
3843.690
3844.210
3844.740
3845.270
3845.800
3846.320
3846.850
3847.400
3847.930
3848.430
3848.950
3849.460
3849.960
3850.470
3850.970
3851.490
3851.990
3852.490
3853.030
3853.560
3854.050
3854.600
3855.100
3855.600
3856.100
3856.610
3857.140
3857.660
3858.170
3858.670
3859.190
3859.700
3860.230
3860.740
3861.220
3861.720
3862.200
3862.700
3863.230
3863.730
3864.220
3864.730
3865.220
3865.750
3866.230
3866.730
3867.250
3867.720
3868.230
3868.750
3869.230
3869.750
3870.230
3870.750
3871.250
3871.780
3872.260
3872.790
3873.260
3873.780
3874.290
3874.760
3875.280
3875.760
3876.270
3876.760
3877.290
3877.790
3878.290
3878.770
3879.300
3879.810
3880.300
3880.800
3881.320
3881.820
3882.300
3882.800
3883.280
3883.780
3884.290
3884.790
3885.310
3885.800
3886.270
3886.770
3887.270
3887.740
3888.250
3888.730
3889.230
3889.730
3890.200
3890.710
3891.210
3891.710
3892.200
3892.690
3893.170
3893.680
3894.150
3894.640
3895.110
3895.620
3896.100
3896.590
3897.080
3897.570
3898.050
3898.560
3899.040
3899.570
3900.080
3900.590
3901.100
3901.600
3902.100
3902.610
3903.130
3903.650
3904.120
3904.650
3905.150
3905.650
3906.130
3906.630
3907.140
3907.620
3908.150
3908.640
3909.140
3909.660
3910.140
3910.640
3911.140
3911.660
3912.140
3912.650
3913.140
3913.620
3914.140
3914.630
3915.090
3915.590
3916.090
3916.570
3917.080
3917.580
3918.060
3918.540
3919.050
3919.550
3920.040
3920.530
3921.030
3921.530
3922.020
3922.520
3923.030
3923.530
3924.020
3924.510
3924.970
3925.460
3925.980
3926.440
3926.950
3927.420
3927.920
3928.430
3928.920
3929.400
3929.880
3930.360
3930.850
3931.350
3931.830
3932.300
3932.790
3933.290
3933.790
3934.260
3934.750
3935.240
3935.730
3936.190
3936.680
3937.180
3937.680
3938.160
3938.640
3939.150
3939.630
3940.110
3940.620
3941.100
3941.580
3942.070
3942.570
3943.040
3943.530
3944.010
3944.490
3944.980
3945.480
3946.000
3946.480
3946.980
3947.450
3947.970
3948.440
3948.940
3949.420
3949.930
3950.400
3950.880
3951.370
3951.840
3952.340
3952.810
3953.320
3953.810
3954.300
3954.800
3955.280
3955.770
3956.260
3956.750
3957.210
3957.690
3958.180
3958.690
3959.180
3959.660
3960.170
3960.640
3961.130
3961.610
3962.110
3962.620
3963.100
3963.570
3964.060
3964.540
3965.020
3965.530
3966.020
3966.520
3967.000
3967.490
3967.970
3968.470
3968.950
3969.450
3969.950
3970.450
3970.930
3971.430
3971.910
3972.410
3972.880
3973.370
3973.850
3974.340
3974.830
3975.310
3975.800
3976.280
3976.760
3977.250
3977.740
3978.250
3978.740
3979.190
3979.680
3980.140
3980.610
3981.100
3981.590
3982.060
3982.550
3983.020
3983.520
3984.000
3984.460
3984.950
3985.440
3985.920
3986.400
3986.910
3987.380
3987.860
3988.330
3988.780
3989.280
3989.760
3990.220
3990.720
3991.200
3991.680
3992.150
3992.630
3993.120
3993.600
3994.090
3994.570
3995.050
3995.550
3996.030
3996.500
3996.980
3997.450
3997.940
3998.430
3998.890
3999.350
3999.820
4000.310
4000.780
4001.230
4001.710
4002.170
4002.640
4003.140
4003.610
4004.090
4004.580
4005.060
4005.520
4005.980
4006.450
4006.950
4007.420
4007.910
4008.400
4008.900
4009.390
4009.870
4010.340
4010.800
4011.290
4011.750
4012.230
4012.710
4013.170
4013.670
4014.150
4014.620
4015.100
4015.550
4016.030
4016.520
4016.990
4017.490
4017.970
4018.440
4018.910
4019.390
4019.870
4020.350
4020.830
4021.280
4021.740
4022.200
4022.680
4023.130
4023.630
4024.090
4024.580
4025.040
4025.510
4025.990
4026.460
4026.930
4027.420
4027.930
4028.400
4028.880
4029.360
4029.840
4030.310
4030.790
4031.290
4031.750
4032.220
4032.680
4033.130
4033.630
4034.120
4034.600
4035.100
4035.580
4036.080
4036.540
4037.020
4037.510
4037.980
4038.480
4038.940
4039.430
4039.890
4040.370
4040.850
4041.310
4041.780
4042.250
4042.710
4043.190
4043.680
4044.150
4044.620
4045.110
4045.590
4046.060
4046.520
4046.980
4047.470
4047.930
4048.390
4048.870
4049.310
4049.790
4050.270
4050.720
4051.210
4051.680
4052.150
4052.610
4053.070
4053.560
4054.030
4054.480
4054.960
4055.420
4055.910
4056.380
4056.840
4057.320
4057.780
4058.260
4058.730
4059.200
4059.660
4060.120
4060.590
4061.050
4061.520
4061.980
4062.450
4062.930
4063.410
4063.870
4064.320
4064.790
4065.230
4065.710
4066.150
4066.620
4067.100
4067.570
4068.030
4068.520
4068.970
4069.460
4069.910
4070.390
4070.880
4071.340
4071.820
4072.300
4072.800
4073.250
4073.730
4074.210
4074.680
4075.150
4075.620
4076.090
4076.570
4077.070
4077.550
4078.030
4078.490
4078.960
4079.440
4079.920
4080.380
4080.840
4081.310
4081.800
4082.270
4082.760
4083.240
4083.740
4084.210
4084.700
4085.210
4085.680
4086.160
4086.600
4087.070
4087.540
4088.030
4088.510
4089.020
4089.500
4089.960
4090.420
4090.890
4091.360
4091.850
4092.310
4092.810
4093.270
4093.770
4094.250
4094.710
4095.200
4095.690
4096.170
4096.630
4097.120
4097.620
4098.110
4098.570
4099.070
4099.520
4100.010
4100.480
4100.950
4101.420
4101.900
4102.390
4102.870
4103.330
4103.820
4104.300
4104.760
4105.230
4105.710
4106.170
4106.660
4107.120
4107.600
4108.070
4108.530
4109.030
4109.500
4109.980
4110.460
4110.930
4111.410
4111.870
4112.350
4112.800
4113.280
4113.780
4114.260
4114.740
4115.210
4115.680
4116.160
4116.640
4117.110
4117.580
4118.050
4118.540
4119.010
4119.480
4119.950
4120.420
4120.900
4121.370
4121.850
4122.350
4122.820
4123.290
4123.790
4124.250
4124.710
4125.170
4125.640
4126.100
4126.590
4127.070
4127.540
4128.010
4128.510
4128.970
4129.440
4129.900
4130.360
4130.840
4131.310
4131.790
4132.280
4132.750
4133.220
4133.710
4134.200
4134.650
4135.120
4135.590
4136.080
4136.550
4137.040
4137.530
4138.000
4138.490
4138.950
4139.440
4139.930
4140.390
4140.880
4141.370
4141.850
4142.330
4142.810
4143.280
4143.760
4144.230
4144.720
4145.220
4145.740
4146.230
4146.720
4147.190
4147.680
4148.180
4148.680
4149.170
4149.650
4150.140
4150.630
4151.100
4151.600
4152.090
4152.620
4153.120
4153.600
4154.120
4154.600
4155.070
4155.550
4156.040
4156.530
4157.000
4157.490
4157.970
4158.450
4158.920
4159.400
4159.890
4160.360
4160.870
4161.360
4161.820
4162.310
4162.830
4163.310
4163.790
4164.270
4164.760
4165.240
4165.710
4166.180
4166.670
4167.160
4167.620
4168.100
4168.580
4169.050
4169.550
4170.020
4170.490
4170.980
4171.450
4171.940
4172.420
4172.900
4173.380
4173.860
4174.350
4174.830
4175.300
4175.810
4176.310
4176.770
4177.260
4177.740
4178.210
4178.680
4179.140
4179.620
4180.110
4180.590
4181.060
4181.550
4182.030
4182.500
4182.970
4183.430
4183.920
4184.400
4184.880
4185.370
4185.830
4186.300
4186.760
4187.230
4187.710
4188.180
4188.650
4189.130
4189.610
4190.080
4190.530
4191.020
4191.500
4191.970
4192.450
4192.940
4193.410
4193.880
4194.340
4194.810
4195.280
4195.760
4196.220
4196.710
4197.170
4197.650
4198.100
4198.570
4199.050
4199.520
4199.990
4200.480
4200.950
4201.420
4201.880
4202.370
4202.850
4203.310
4203.780
4204.260
4204.720
4205.210
4205.660
4206.150
4206.610
4207.080
4207.550
4208.030
4208.480
4208.940
4209.400
4209.890
4210.370
4210.840
4211.310
4211.790
4212.260
4212.720
4213.190
4213.680
4214.160
4214.630
4215.100
4215.600
4216.070
4216.550
4217.010
4217.480
4217.970
4218.440
4218.900
4219.390
4219.860
4220.340
4220.820
4221.300
4221.770
4222.260
4222.710
4223.190
4223.670
4224.140
4224.610
4225.110
4225.580
4226.050
4226.520
4227.000
4227.480
4227.950
4228.420
4228.920
4229.390
4229.870
4230.340
4230.830
4231.300
4231.790
4232.250
4232.730
4233.200
4233.660
4234.130
4234.600
4235.080
4235.540
4236.010
4236.500
4236.980
4237.450
4237.920
4238.410
4238.870
4239.350
4239.810
4240.290
4240.770
4241.230
4241.700
4242.170
4242.650
4243.120
4243.590
4244.080
4244.540
4245.020
4245.480
4245.960
4246.440
4246.910
4247.380
4247.860
4248.330
4248.800
4249.280
4249.750
4250.220
4250.680
4251.150
4251.630
4252.100
4252.570
4253.050
4253.520
4254.000
4254.470
4254.940
4255.430
4255.900
4256.370
4256.840
4257.330
4257.800
4258.260
4258.740
4259.210
4259.700
4260.170
4260.650
4261.140
4261.610
4262.080
4262.540
4263.030
4263.500
4263.970
4264.440
4264.930
4265.410
4265.880
4266.340
4266.810
4267.280
4267.760
4268.220
4268.720
4269.180
4269.660
4270.110
4270.600
4271.080
4271.550
4272.030
4272.510
4272.970
4273.440
4273.910
4274.400
4274.850
4275.330
4275.800
4276.280
4276.740
4277.220
4277.680
4278.160
4278.630
4279.100
4279.570
4280.050
4280.510
4280.990
4281.460
4281.930
4282.400
4282.880
4283.340
4283.830
4284.290
4284.760
4285.230
4285.710
4286.170
4286.640
4287.110
4287.590
4288.060
4288.530
4289.010
4289.470
4289.940
4290.410
4290.890
4291.370
4291.830
4292.300
4292.760
4293.240
4293.710
4294.180
4294.640
4295.130
4295.590
4296.060
4296.540
4297.020
4297.480
4297.960
4298.430
4298.910
4299.380
4299.850
4300.300
4300.790
4301.250
4301.730
4302.200
4302.690
4303.160
4303.630
4304.100
4304.580
4305.040
4305.510
4305.980
4306.460
4306.930
4307.410
4307.870
4308.340
4308.810
4309.290
4309.750
4310.230
4310.690
4311.170
4311.630
4312.110
4312.580
4313.050
4313.520
4314.010
4314.480
4314.950
4315.420
4315.890
4316.370
4316.830
4317.310
4317.780
4318.250
4318.720
4319.190
4319.670
4320.140
4320.610
4321.080
4321.580
4322.050
4322.510
4322.980
4323.460
4323.920
4324.380
4324.850
4325.340
4325.820
4326.290
4326.760
4327.240
4327.700
4328.180
4328.660
4329.140
4329.620
4330.080
4330.540
4331.030
4331.490
4331.970
4332.440
4332.920
4333.380
4333.840
4334.310
4334.750
4335.230
4335.710
4336.170
4336.650
4337.120
4337.580
4338.050
4338.530
4338.990
4339.460
4339.940
4340.420
4340.890
4341.350
4341.810
4342.300
4342.760
4343.230
4343.700
4344.170
4344.640
4345.110
4345.600
4346.080
4346.540
4347.010
4347.480
4347.950
4348.420
4348.880
4349.360
4349.840
4350.310
4350.780
4351.250
4351.740
4352.220
4352.690
4353.150
4353.640
4354.110
4354.590
4355.060
4355.550
4356.030
4356.500
4356.970
4357.450
4357.920
4358.400
4358.870
4359.370
4359.850
4360.310
4360.780
4361.270
4361.750
4362.230
4362.690
4363.180
4363.660
4364.130
4364.620
4365.080
4365.560
4366.030
4366.500
4366.990
4367.470
4367.930
4368.400
4368.880
4369.350
4369.840
4370.320
4370.800
4371.270
4371.740
4372.220
4372.690
4373.150
4373.630
4374.100
4374.590
4375.050
4375.530
4376.000
4376.480
4376.930
4377.410
4377.890
4378.370
4378.830
4379.300
4379.770
4380.250
4380.710
4381.180
4381.660
4382.140
4382.610
4383.070
4383.550
4384.020
4384.490
4384.960
4385.440
4385.900
4386.380
4386.850
4387.320
4387.800
4388.280
4388.750
4389.230
4389.710
4390.170
4390.640
4391.120
4391.590
4392.070
4392.540
4393.000
4393.470
4393.930
4394.400
4394.870
4395.340
4395.820
4396.290
4396.770
4397.260
4397.730
4398.200
4398.650
4399.120
4399.590
4400.070
4400.530
4401.020
4401.480
4401.950
4402.420
4402.900
4403.350
4403.830
4404.300
4404.790
4405.250
4405.720
4406.190
4406.670
4407.130
4407.600
4408.080
4408.570
4409.030
4409.500
4409.990
4410.460
4410.930
4411.410
4411.880
4412.370
4412.850
4413.320
4413.780
4414.250
4414.710
4415.190
4415.660
4416.140
4416.600
4417.070
4417.530
4418.010
4418.480
4418.950
4419.420
4419.920
4420.390
4420.870
4421.330
4421.810
4422.270
4422.760
4423.230
4423.710
4424.180
4424.660
4425.120
4425.600
4426.060
4426.530
4427.010
4427.490
4427.970
4428.440
4428.890
4429.370
4429.840
4430.320
4430.800
4431.290
4431.750
4432.220
4432.690
4433.170
4433.630
4434.120
4434.580
4435.060
4435.530
4436.000
4436.470
4436.960
4437.420
4437.910
4438.380
4438.850
4439.330
4439.800
4440.270
4440.740
4441.200
4441.680
4442.170
4442.640
4443.100
4443.570
4444.030
4444.500
4444.970
4445.450
4445.930
4446.390
4446.860
4447.330
4447.790
4448.270
4448.730
4449.200
4449.680
4450.150
4450.620
4451.090
4451.560
4452.040
4452.510
4452.980
4453.440
4453.930
4454.380
4454.860
4455.330
4455.800
4456.270
4456.740
4457.220
4457.690
4458.160
4458.630
4459.100
4459.580
4460.050
4460.520
4460.990
4461.470
4461.940
4462.420
4462.880
4463.360
4463.830
4464.310
4464.770
4465.260
4465.730
4466.200
4466.660
4467.140
4467.610
4468.090
4468.560
4469.040
4469.520
4470.000
4470.470
4470.930
4471.410
4471.880
4472.350
4472.820
4473.300
4473.770
4474.230
4474.690
4475.180
4475.640
4476.130
4476.590
4477.070
4477.550
4478.000
4478.500
4478.980
4479.450
4479.920
4480.400
4480.870
4481.340
4481.800
4482.270
4482.750
4483.220
4483.680
4484.160
4484.630
4485.100
4485.570
4486.030
4486.500
4486.980
4487.450
4487.930
4488.400
4488.860
4489.330
4489.810
4490.280
4490.760
4491.210
4491.680
4492.160
4492.630
4493.090
4493.560
4494.050
4494.510
4494.980
4495.480
4495.930
4496.400
4496.850
4497.330
4497.790
4498.260
4498.720
4499.210
4499.670
4500.140
4500.610
4501.080
4501.540
4502.000
4502.460
4502.930
4503.390
4503.850
4504.310
4504.790
4505.250
4505.710
4506.190
4506.670
4507.140
4507.610
4508.060
4508.540
4509.010
4509.490
4509.950
4510.420
4510.880
4511.350
4511.820
4512.280
4512.740
4513.220
4513.680
4514.150
4514.620
4515.100
4515.550
4516.010
4516.480
4516.960
4517.410
4517.890
4518.360
4518.840
4519.310
4519.780
4520.260
4520.750
4521.210
4521.690
4522.160
4522.640
4523.100
4523.560
4524.040
4524.510
4524.980
4525.440
4525.900
4526.380
4526.830
4527.290
4527.760
4528.240
4528.700
4529.190
4529.660
4530.120
4530.590
4531.050
4531.520
4531.990
4532.430
4532.900
4533.360
4533.840
4534.300
4534.770
4535.240
4535.720
4536.170
4536.660
4537.110
4537.580
4538.030
4538.500
4538.960
4539.440
4539.900
4540.370
4540.830
4541.270
4541.740
4542.190
4542.660
4543.140
4543.600
4544.070
4544.520
4544.970
4545.440
4545.920
4546.370
4546.840
4547.320
4547.790
4548.250
4548.730
4549.180
4549.650
4550.120
4550.580
4551.030
4551.500
4551.950
4552.430
4552.880
4553.370
4553.830
4554.300
4554.760
4555.250
4555.700
4556.160
4556.620
4557.100
4557.570
4558.030
4558.500
4558.980
4559.430
4559.890
4560.350
4560.820
4561.270
4561.730
4562.210
4562.670
4563.140
4563.600
4564.070
4564.530
4565.010
4565.480
4565.930
4566.400
4566.880
4567.350
4567.810
4568.290
4568.750
4569.220
4569.690
4570.160
4570.610
4571.080
4571.530
4572.000
4572.460
4572.930
4573.390
4573.860
4574.330
4574.800
4575.260
4575.730
4576.200
4576.680
4577.140
4577.600
4578.070
4578.540
4579.010
4579.490
4579.950
4580.420
4580.890
4581.370
4581.840
4582.320
4582.780
4583.250
4583.720
4584.200
4584.660
4585.130
4585.600
4586.080
4586.530
4587.000
4587.470
4587.930
4588.400
4588.880
4589.340
4589.810
4590.290
4590.760
4591.220
4591.700
4592.170
4592.640
4593.090
4593.560
4594.040
4594.520
4594.980
4595.460
4595.920
4596.390
4596.860
4597.320
4597.790
4598.270
4598.740
4599.210
4599.670
4600.150
4600.600
4601.070
4601.530
4602.000
4602.460
4602.940
4603.400
4603.870
4604.340
4604.820
4605.280
4605.760
4606.220
4606.680
4607.120
4607.580
4608.040
4608.510
4609.000
4609.460
4609.940
4610.410
4610.880
4611.330
4611.790
4612.250
4612.720
4613.170
4613.630
4614.110
4614.570
4615.030
4615.490
4615.940
4616.390
4616.870
4617.340
4617.810
4618.260
4618.750
4619.190
4619.670
4620.120
4620.580
4621.030
4621.500
4621.960
4622.440
4622.900
4623.380
4623.830
4624.280
4624.750
4625.230
4625.700
4626.170
4626.610
4627.080
4627.530
4628.020
4628.490
4628.950
4629.420
4629.900
4630.360
4630.820
4631.300
4631.860
4632.500
4633.080
4633.720
4634.370
4635.000
4635.620
4636.260
4636.920
4637.540
4638.190
4638.820
4639.550
4640.270
4641.050
4641.830
4642.600
4643.420
4644.200
4644.940
4645.740
4646.520
4647.130
4647.750
4648.400
4649.010
4649.670
4650.360
4651.050
4651.690
4652.370
4653.110
4653.840
4654.540
4655.310
4656.160
4657.020
4657.940
4658.870
4659.750
4660.600
4661.530
4662.390
4663.250
4664.050
4664.880
4665.730
4666.580
4667.440
4668.240
4669.120
4670.010
4670.870
4671.760
4672.730
4673.750
4674.620
4675.490
4676.410
4677.340
4678.310
4679.270
4680.210
4681.170
4682.180
4683.050
4683.990
4684.970
4685.990
4687.120
4688.190
4689.260
4690.220
4691.210
4692.040
4692.840
4693.620
4694.440
4695.160
4695.930
4696.680
4697.400
4698.110
4698.810
4699.490
4700.200
4700.900
4701.610
4702.270
4702.970
4703.690
4704.350
4705.030
4705.770
4706.460
4707.220
4707.940
4708.660
4709.340
4710.010
4710.680
4711.390
4712.060
4712.730
4713.360
4714.060
4714.720
4715.440
4716.150
4716.860
4717.570
4718.110
4718.450
4718.820
4719.170
4719.530
4719.910
4720.260
4720.600
4720.950
4721.290
4721.650
4722.010
4722.360
4722.700
4723.050
4723.430
4723.770
4724.120
4724.460
4724.820
4725.170
4725.520
4725.860
4726.180
4726.530
4726.880
4727.220
4727.560
4727.910
4728.260
4728.620
4728.970
4729.300
4729.650
4730.000
4730.350
4730.710
4731.040
4731.400
4731.720
4732.080
4732.420
4732.750
4733.080
4733.440
4733.770
4734.090
4734.410
4734.760
4735.090
4735.430
4735.780
4736.120
4736.460
4736.800
4737.140
4737.470
4737.820
4738.160
4738.510
4738.830
4739.170
4739.520
4739.850
4740.210
4740.540
4740.890
4741.230
4741.600
4741.950
4742.290
4742.650
4743.000
4743.340
4743.680
4744.030
4744.380
4744.730
4745.080
4745.430
4745.800
4746.130
4746.480
4746.850
4747.190
4747.550
4747.880
4748.220
4748.580
4748.920
4749.250
4749.590
4749.930
4750.300
4750.650
4751.000
4751.350
4751.690
4752.040
4752.390
4752.750
4753.080
4753.410
4753.720
4754.070
4754.420
4754.760
4755.080
4755.430
4755.760
4756.110
4756.460
4756.800
4757.140
4757.460
4757.800
4758.170
4758.520
4758.860
4759.220
4759.550
4759.900
4760.250
4760.590
4760.940
4761.260
4761.620
4761.940
4762.300
4762.640
4762.980
4763.300
4763.660
4763.990
4764.340
4764.660
4765.010
4765.340
4765.680
4766.050
4766.390
4766.730
4767.100
4767.430
4767.760
4768.110
4768.460
4768.800
4769.160
4769.490
4769.820
4770.160
4770.510
4770.850
4771.180
4771.530
4771.870
4772.220
4772.560
4772.920
4773.250
4773.620
4773.950
4774.280
4774.630
4774.970
4775.310
4775.650
4775.980
4776.310
4776.650
4776.980
4777.320
4777.660
4777.990
4778.360
4778.700
4779.040
4779.370
4779.710
4780.070
4780.410
4780.740
4781.090
4781.420
4781.760
4782.090
4782.440
4782.790
4783.110
4783.450
4783.790
4784.140
4784.490
4784.820
4785.160
4785.500
4785.850
4786.200
4786.550
4786.880
4787.250
4787.570
4787.930
4788.260
4788.590
4788.940
4789.290
4789.640
4789.980
4790.340
4790.690
4791.020
4791.370
4791.700
4792.050
4792.390
4792.740
4793.080
4793.430
4793.780
4794.130
4794.450
4794.820
4795.150
4795.500
4795.850
4796.210
4796.560
4796.920
4797.250
4797.590
4797.940
4798.280
4798.620
4798.980
4799.320
4799.670
4800.020
4800.370
4800.720
4801.070
4801.410
4801.770
4802.120
4802.480
4802.810
4803.160
4803.510
4803.850
4804.190
4804.550
4804.900
4805.250
4805.590
4805.930
4806.270
4806.620
4806.960
4807.320
4807.660
4808.000
4808.360
4808.710
4809.060
4809.400
4809.730
4810.080
4810.420
4810.770
4811.100
4811.460
4811.810
4812.160
4812.500
4812.870
4813.210
4813.560
4813.900
4814.240
4814.580
4814.930
4815.260
4815.620
4815.950
4816.290
4816.640
4816.990
4817.330
4817.690
4818.030
4818.380
4818.720
4819.060
4819.410
4819.750
4820.090
4820.420
4820.760
4821.100
4821.440
4821.800
4822.130
4822.480
4822.840
4823.190
4823.520
4823.850
4824.200
4824.560
4824.910
4825.240
4825.590
4825.940
4826.280
4826.620
4826.970
4827.320
4827.650
4827.990
4828.340
4828.690
4829.020
4829.380
4829.730
4830.070
4830.400
4830.760
4831.080
4831.420
4831.760
4832.100
4832.460
4832.800
4833.140
4833.500
4833.830
4834.190
4834.540
4834.880
4835.230
4835.580
4835.920
4836.270
4836.610
4836.970
4837.310
4837.660
4838.000
4838.360
4838.710
4839.060
4839.400
4839.750
4840.100
4840.460
4840.800
4841.150
4841.480
4841.830
4842.170
4842.520
4842.840
4843.190
4843.520
4843.860
4844.200
4844.550
4844.890
4845.240
4845.580
4845.930
4846.260
4846.610
4846.960
4847.310
4847.650
4847.990
4848.310
4848.670
4848.990
4849.360
4849.700
4850.060
4850.390
4850.760
4851.090
4851.450
4851.800
4852.160
4852.510
4852.860
4853.210
4853.560
4853.890
4854.260
4854.590
4854.960
4855.300
4855.660
4855.990
4856.350
4856.690
4857.050
4857.390
4857.730
4858.060
4858.420
4858.750
4859.090
4859.440
4859.790
4860.130
4860.490
4860.840
4861.180
4861.550
4861.890
4862.240
4862.600
4862.940
4863.300
4863.640
4863.980
4864.320
4864.670
4865.010
4865.380
4865.730
4866.070
4866.410
4866.780
4867.120
4867.470
4867.810
4868.170
4868.510
4868.860
4869.190
4869.550
4869.890
4870.240
4870.580
4870.950
4871.280
4871.630
4871.980
4872.340
4872.680
4873.030
4873.370
4873.730
4874.060
4874.410
4874.750
4875.080
4875.420
4875.770
4876.090
4876.450
4876.780
4877.130
4877.460
4877.820
4878.170
4878.520
4878.860
4879.210
4879.560
4879.910
4880.260
4880.610
4880.930
4881.290
4881.640
4881.990
4882.330
4882.690
4883.010
4883.370
4883.710
4884.070
4884.410
4884.760
4885.100
4885.450
4885.800
4886.140
4886.480
4886.830
4887.160
4887.530
4887.870
4888.220
4888.550
4888.910
4889.250
4889.590
4889.930
4890.280
4890.620
4890.980
4891.330
4891.680
4892.020
4892.380
4892.710
4893.060
4893.410
4893.750
4894.080
4894.450
4894.780
4895.150
4895.480
4895.840
4896.170
4896.520
4896.860
4897.200
4897.530
4897.890
4898.220
4898.590
4898.940
4899.290
4899.620
4899.980
4900.340
4900.680
4901.020
4901.370
4901.720
4902.060
4902.390
4902.730
4903.080
4903.430
4903.760
4904.100
4904.440
4904.790
4905.120
4905.460
4905.790
4906.150
4906.480
4906.810
4907.150
4907.500
4907.830
4908.190
4908.510
4908.870
4909.190
4909.540
4909.870
4910.220
4910.560
4910.890
4911.240
4911.590
4911.930
4912.270
4912.610
4912.940
4913.290
4913.650
4913.990
4914.350
4914.680
4915.020
4915.370
4915.700
4916.050
4916.390
4916.730
4917.070
4917.410
4917.760
4918.120
4918.460
4918.800
4919.140
4919.490
4919.840
4920.160
4920.500
4920.850
4921.200
4921.530
4921.880
4922.210
4922.570
4922.910
4923.270
4923.620
4923.970
4924.300
4924.670
4925.000
4925.330
4925.670
4926.020
4926.360
4926.710
4927.040
4927.390
4927.740
4928.080
4928.420
4928.780
4929.110
4929.470
4929.790
4930.150
4930.480
4930.830
4931.160
4931.500
4931.830
4932.170
4932.530
4932.870
4933.210
4933.570
4933.900
4934.250
4934.580
4934.930
4935.270
4935.620
4935.950
4936.290
4936.600
4936.950
4937.290
4937.640
4937.980
4938.320
4938.650
4938.990
4939.340
4939.670
4940.000
4940.360
4940.690
4941.020
4941.380
4941.720
4942.040
4942.400
4942.740
4943.080
4943.400
4943.760
4944.100
4944.450
4944.790
4945.150
4945.500
4945.860
4946.190
4946.550
4946.870
4947.210
4947.520
4947.880
4948.200
4948.550
4948.880
4949.230
4949.570
4949.920
4950.250
4950.600
4950.920
4951.280
4951.610
4951.940
4952.280
4952.630
4952.960
4953.330
4953.680
4954.020
4954.360
4954.700
4955.020
4955.370
4955.720
4956.080
4956.420
4956.770
4957.110
4957.470
4957.800
4958.150
4958.490
4958.840
4959.170
4959.530
4959.870
4960.230
4960.570
4960.920
4961.260
4961.610
4961.970
4962.310
4962.650
4962.980
4963.300
4963.640
4963.990
4964.350
4964.700
4965.030
4965.400
4965.740
4966.100
4966.450
4966.780
4967.140
4967.470
4967.810
4968.140
4968.500
4968.840
4969.180
4969.530
4969.880
4970.220
4970.570
4970.920
4971.270
4971.620
4971.980
4972.320
4972.670
4973.010
4973.360
4973.700
4974.040
4974.400
4974.760
4975.100
4975.440
4975.780
4976.140
4976.470
4976.810
4977.160
4977.520
4977.850
4978.220
4978.560
4978.900
4979.220
4979.580
4979.920
4980.260
4980.590
4980.940
4981.270
4981.620
4981.940
4982.310
4982.640
4983.000
4983.330
4983.670
4984.030
4984.370
4984.690
4985.050
4985.370
4985.730
4986.050
4986.410
4986.750
4987.090
4987.430
4987.770
4988.090
4988.450
4988.770
4989.130
4989.480
4989.830
4990.170
4990.520
4990.870
4991.240
4991.580
4991.930
4992.260
4992.610
4992.940
4993.300
4993.650
4994.000
4994.330
4994.680
4995.000
4995.350
4995.680
4996.020
4996.350
4996.680
4997.010
4997.370
4997.690
4998.040
4998.370
4998.730
4999.070
4999.410
4999.730
5000.090
5000.430
5000.790
5001.130
5001.480
5001.820
5002.170
5002.500
5002.850
5003.180
5003.530
5003.880
5004.200
5004.560
5004.900
5005.240
5005.560
5005.910
5006.230
5006.570
5006.900
5007.230
5007.570
5007.910
5008.230
5008.570
5008.930
5009.260
5009.610
5009.950
5010.280
5010.630
5010.970
5011.300
5011.640
5011.970
5012.330
5012.660
5012.970
5013.310
5013.660
5014.000
5014.350
5014.680
5015.010
5015.330
5015.650
5015.990
5016.340
5016.660
5017.010
5017.360
5017.690
5018.030
5018.360
5018.700
5019.060
5019.380
5019.740
5020.080
5020.420
5020.740
5021.100
5021.420
5021.770
5022.100
5022.420
5022.750
5023.070
5023.390
5023.710
5024.030
5024.340
5024.680
5025.000
5025.360
5025.700
5026.040
5026.380
5026.700
5027.050
5027.420
5027.780
5028.120
5028.500
5028.830
5029.180
5029.550
5029.870
5030.210
5030.520
5030.850
5031.180
5031.520
5031.860
5032.190
5032.510
5032.840
5033.170
5033.510
5033.830
5034.160
5034.500
5034.830
5035.160
5035.500
5035.830
5036.170
5036.500
5036.850
5037.200
5037.530
5037.870
5038.200
5038.560
5038.880
5039.210
5039.530
5039.860
5040.170
5040.470
5040.780
5041.090
5041.420
5041.760
5042.110
5042.470
5042.840
5043.180
5043.550
5043.890
5044.240
5044.570
5044.900
5045.260
5045.580
5045.930
5046.270
5046.600
5046.930
5047.270
5047.610
5047.920
5048.250
5048.600
5048.910
5049.250
5049.590
5049.920
5050.250
5050.580
5050.900
5051.230
5051.550
5051.900
5052.230
5052.570
5052.890
5053.240
5053.570
5053.930
5054.250
5054.600
5054.930
5055.240
5055.570
5055.920
5056.240
5056.580
5056.900
5057.230
5057.550
5057.900
5058.220
5058.540
5058.900
5059.240
5059.580
5059.910
5060.220
5060.570
5060.890
5061.210
5061.520
5061.850
5062.170
5062.480
5062.800
5063.120
5063.440
5063.770
5064.090
5064.420
5064.760
5065.100
5065.410
5065.740
5066.070
5066.390
5066.710
5067.020
5067.350
5067.670
5067.990
5068.310
5068.630
5068.950
5069.270
5069.590
5069.900
5070.220
5070.550
5070.870
5071.190
5071.500
5071.820
5072.140
5072.470
5072.790
5073.100
5073.430
5073.740
5074.080
5074.390
5074.720
5075.070
5075.400
5075.720
5076.040
5076.360
5076.680
5077.000
5077.320
5077.640
5077.950
5078.270
5078.590
5078.910
5079.240
5079.560
5079.870
5080.190
5080.520
5080.840
5081.160
5081.470
5081.800
5082.150
5082.480
5082.810
5083.170
5083.510
5083.840
5084.180
5084.530
5084.860
5085.210
5085.550
5085.880
5086.190
5086.540
5086.870
5087.180
5087.510
5087.840
5088.170
5088.490
5088.820
5089.140
5089.450
5089.780
5090.090
5090.420
5090.740
5091.050
5091.370
5091.700
5092.020
5092.350
5092.700
5093.050
5093.390
5093.720
5094.030
5094.360
5094.710
5095.030
5095.370
5095.700
5096.010
5096.340
5096.650
5096.970
5097.300
5097.620
5097.970
5098.300
5098.630
5098.950
5099.260
5099.590
5099.900
5100.220
5100.550
5100.890
5101.200
5101.540
5101.860
5102.180
5102.510
5102.840
5103.160
5103.500
5103.810
5104.150
5104.470
5104.800
5105.120
5105.440
5105.750
5106.090
5106.400
5106.750
5107.060
5107.400
5107.740
5108.070
5108.400
5108.730
5109.060
5109.370
5109.700
5110.030
5110.370
5110.700
5111.030
5111.340
5111.660
5111.980
5112.300
5112.620
5112.960
5113.270
5113.610
5113.930
5114.270
5114.610
5114.930
5115.270
5115.590
5115.910
5116.250
5116.590
5116.900
5117.230
5117.560
5117.890
5118.220
5118.570
5118.880
5119.220
5119.530
5119.860
5120.180
5120.500
5120.810
5121.130
5121.460
5121.780
5122.100
5122.440
5122.750
5123.090
5123.420
5123.740
5124.050
5124.370
5124.700
5125.050
5125.360
5125.700
5126.050
5126.390
5126.720
5127.060
5127.410
5127.740
5128.080
5128.430
5128.750
5129.110
5129.430
5129.790
5130.130
5130.460
5130.790
5131.130
5131.480
5131.790
5132.090
5132.410
5132.710
5133.030
5133.350
5133.680
5133.990
5134.320
5134.630
5134.960
5135.310
5135.660
5135.990
5136.340
5136.680
5137.000
5137.340
5137.690
5138.030
5138.370
5138.690
5139.030
5139.350
5139.680
5140.000
5140.350
5140.660
5141.010
5141.330
5141.670
5141.980
5142.340
5142.680
5143.000
5143.340
5143.670
5144.000
5144.310
5144.640
5144.970
5145.280
5145.600
5145.930
5146.240
5146.570
5146.890
5147.200
5147.520
5147.840
5148.160
5148.490
5148.810
5149.120
5149.440
5149.770
5150.100
5150.410
5150.750
5151.070
5151.390
5151.690
5152.010
5152.320
5152.620
5152.930
5153.240
5153.560
5153.860
5154.180
5154.480
5154.790
5155.100
5155.410
5155.730
5156.080
5156.410
5156.730
5157.060
5157.390
5157.700
5158.020
5158.350
5158.670
5159.000
5159.320
5159.670
5160.000
5160.320
5160.640
5160.970
5161.300
5161.630
5161.980
5162.310
5162.640
5162.970
5163.300
5163.630
5163.960
5164.280
5164.610
5164.960
5165.450
5165.960
5166.460
5166.940
5167.510
5168.120
5168.760
5169.400
5170.020
5170.650
5171.290
5171.940
5172.560
5173.220
5173.850
5174.470
5175.110
5175.780
5176.420
5177.090
5177.770
5178.480
5179.140
5179.800
5180.460
5181.140
5181.820
5182.500
5183.150
5183.820
5184.520
5185.190
5185.860
5186.530
5187.200
5187.880
5188.550
5189.230
5189.860
5190.550
5191.210
5191.850
5192.520
5193.170
5193.830
5194.480
5195.130
5195.760
5196.430
5197.070
5197.730
5198.420
5199.110
5199.890
5200.600
5201.390
5202.110
5202.880
5203.540
5204.210
5204.890
5205.580
5206.270
5206.960
5207.620
5208.290
5208.980
5209.670
5210.310
5210.940
5211.560
5212.210
5212.790
5213.420
5214.010
5214.620
5215.260
5215.960
5216.640
5217.340
5218.170
5219.080
5219.950
5220.940
5221.890
5222.750
5223.670
5224.520
5225.380
5226.300
5227.160
5228.000
5228.920
5229.760
5230.640
5231.500
5232.370
5233.220
5234.090
5234.980
5235.830
5236.680
5237.330
5237.980
5238.680
5239.350
5239.980
5240.640
5241.260
5241.890
5242.560
5243.190
5243.640
5244.130
5244.590
5245.070
5245.540
5245.990
5246.480
5246.940
5247.380
5247.850
5248.320
5248.760
5249.220
5249.720
5250.210
5250.680
5251.180
5251.700
5252.190
5252.680
5253.210
5253.700
5254.200
5254.710
5255.290
5255.840
5256.390
5256.920
5257.490
5258.000
5258.570
5259.070
5259.620
5260.140
5260.680
5261.130
5261.610
5262.090
5262.560
5262.990
5263.460
5263.890
5264.330
5264.780
5265.210
5265.660
5266.100
5266.520
5266.940
5267.390
5267.820
5268.270
5268.700
5269.140
5269.600
5270.040
5270.460
5270.900
5271.360
5271.800
5272.230
5272.680
5273.120
5273.570
5274.020
5274.470
5274.940
5275.380
5275.800
5276.250
5276.670
5277.090
5277.540
5277.960
5278.400
5278.850
5279.280
5279.720
5280.150
5280.590
5281.050
5281.490
5281.910
5282.370
5282.800
5283.240
5283.700
5284.140
5284.560
5284.990
5285.430
5285.860
5286.300
5286.720
5287.130
5287.550
5287.990
5288.400
5288.830
5289.250
5289.690
5290.110
5290.540
5290.960
5291.390
5291.810
5292.240
5292.660
5293.080
5293.490
5293.900
5294.330
5294.750
5295.160
5295.590
5296.000
5296.440
5296.860
5297.270
5297.690
5298.110
5298.520
5298.940
5299.350
5299.790
5300.200
5300.610
5301.020
5301.440
5301.850
5302.270
5302.690
5303.120
5303.520
5303.920
5304.340
5304.740
5305.150
5305.570
5305.990
5306.400
5306.810
5307.220
5307.630
5308.040
5308.440
5308.840
5309.260
5309.680
5310.090
5310.490
5310.910
5311.310
5311.710
5312.120
5312.530
5312.960
5313.360
5313.750
5314.170
5314.560
5314.970
5315.370
5315.780
5316.200
5316.600
5317.010
5317.420
5317.840
5318.230
5318.650
5319.060
5319.480
5319.880
5320.290
5320.700
5321.110
5321.530
5321.930
5322.350
5322.750
5323.150
5323.560
5323.970
5324.370
5324.780
5325.190
5325.590
5326.020
5326.420
5326.830
5327.230
5327.630
5328.030
5328.440
5328.850
5329.280
5329.680
5330.090
5330.500
5330.910
5331.320
5331.720
5332.130
5332.540
5332.950
5333.360
5333.760
5334.180
5334.560
5334.980
5335.390
5335.790
5336.200
5336.610
5337.010
5337.420
5337.810
5338.220
5338.640
5339.060
5339.450
5339.860
5340.250
5340.660
5341.060
5341.460
5341.860
5342.270
5342.660
5343.070
5343.470
5343.900
5344.300
5344.700
5345.120
5345.520
5345.910
5346.320
5346.720
5347.130
5347.550
5347.950
5348.340
5348.750
5349.170
5349.580
5349.980
5350.380
5350.790
5351.200
5351.610
5352.030
5352.440
5352.850
5353.260
5353.670
5354.070
5354.480
5354.880
5355.310
5355.710
5356.120
5356.520
5356.940
5357.340
5357.740
5358.140
5358.540
5358.950
5359.370
5359.770
5360.180
5360.560
5360.950
5361.350
5361.780
5362.190
5362.600
5362.990
5363.400
5363.790
5364.200
5364.620
5365.030
5365.420
5365.820
5366.210
5366.620
5367.010
5367.420
5367.830
5368.250
5368.650
5369.050
5369.460
5369.880
5370.260
5370.660
5371.070
5371.480
5371.870
5372.290
5372.690
5373.110
5373.510
5373.920
5374.310
5374.730
5375.120
5375.510
5375.910
5376.330
5376.750
5377.160
5377.550
5377.950
5378.360
5378.760
5379.150
5379.550
5379.940
5380.340
5380.760
5381.160
5381.560
5381.950
5382.340
5382.760
5383.150
5383.550
5383.950
5384.360
5384.760
5385.130
5385.530
5385.930
5386.320
5386.740
5387.130
5387.550
5387.960
5388.350
5388.740
5389.150
5389.550
5389.970
5390.360
5390.770
5391.170
5391.570
5391.970
5392.370
5392.760
5393.160
5393.560
5393.970
5394.350
5394.760
5395.150
5395.560
5395.960
5396.370
5396.770
5397.170
5397.560
5397.950
5398.350
5398.740
5399.140
5399.530
5399.930
5400.330
5400.730
5401.150
5401.530
5401.940
5402.350
5402.740
5403.130
5403.540
5403.950
5404.330
5404.710
5405.100
5405.500
5405.890
5406.280
5406.690
5407.100
5407.500
5407.900
5408.290
5408.690
5409.080
5409.460
5409.870
5410.240
5410.650
5411.040
5411.430
5411.820
5412.230
5412.610
5413.020
5413.410
5413.810
5414.210
5414.610
5415.020
5415.410
5415.810
5416.220
5416.620
5417.030
5417.410
5417.800
5418.190
5418.580
5418.980
5419.390
5419.790
5420.160
5420.570
5420.980
5421.370
5421.780
5422.160
5422.580
5422.970
5423.370
5423.760
5424.150
5424.540
5424.940
5425.340
5425.750
5426.150
5426.530
5426.940
5427.340
5427.740
5428.140
5428.530
5428.930
5429.310
5429.700
5430.110
5430.480
5430.890
5431.270
5431.660
5432.070
5432.470
5432.870
5433.260
5433.660
5434.060
5434.450
5434.860
5435.260
5435.660
5436.030
5436.440
5436.820
5437.200
5437.600
5437.980
5438.390
5438.780
5439.170
5439.560
5439.970
5440.380
5440.770
5441.170
5441.560
5441.960
5442.360
5442.730
5443.130
5443.510
5443.920
5444.310
5444.700
5445.110
5445.490
5445.880
5446.280
5446.680
5447.070
5447.460
5447.870
5448.250
5448.650
5449.030
5449.440
5449.830
5450.220
5450.590
5451.000
5451.390
5451.780
5452.160
5452.570
5452.950
5453.350
5453.740
5454.140
5454.540
5454.920
5455.320
5455.690
5456.100
5456.510
5456.880
5457.280
5457.680
5458.060
5458.440
5458.840
5459.240
5459.630
5460.030
5460.420
5460.800
5461.210
5461.600
5462.000
5462.380
5462.790
5463.170
5463.560
5463.950
5464.360
5464.740
5465.150
5465.550
5465.950
5466.330
5466.690
5467.070
5467.470
5467.860
5468.250
5468.650
5469.050
5469.450
5469.830
5470.230
5470.650
5471.030
5471.420
5471.820
5472.200
5472.580
5472.980
5473.370
5473.750
5474.140
5474.550
5474.930
5475.310
5475.700
5476.080
5476.470
5476.870
5477.250
5477.650
5478.020
5478.420
5478.800
5479.200
5479.600
5479.990
5480.380
5480.770
5481.160
5481.530
5481.920
5482.310
5482.700
5483.100
5483.480
5483.870
5484.260
5484.650
5485.040
5485.420
5485.820
5486.210
5486.600
5487.000
5487.390
5487.790
5488.170
5488.580
5488.970
5489.350
5489.740
5490.120
5490.520
5490.910
5491.290
5491.690
5492.060
5492.450
5492.820
5493.190
5493.560
5493.950
5494.330
5494.720
5495.120
5495.500
5495.860
5496.250
5496.640
5497.030
5497.430
5497.830
5498.230
5498.600
5499.000
5499.390
5499.780
5500.180
5500.580
5500.980
5501.370
5501.750
5502.140
5502.540
5502.920
5503.330
5503.700
5504.100
5504.500
5504.880
5505.240
5505.630
5506.020
5506.410
5506.800
5507.200
5507.600
5508.000
5508.390
5508.780
5509.190
5509.590
5509.980
5510.380
5510.780
5511.160
5511.550
5511.940
5512.320
5512.730
5513.100
5513.510
5513.910
5514.290
5514.680
5515.060
5515.460
5515.850
5516.230
5516.630
5517.030
5517.420
5517.810
5518.190
5518.590
5518.960
5519.350
5519.750
5520.150
5520.540
5520.910
5521.290
5521.680
5522.080
5522.480
5522.880
5523.280
5523.660
5524.040
5524.430
5524.800
5525.190
5525.560
5525.950
5526.340
5526.740
5527.110
5527.510
5527.900
5528.290
5528.670
5529.060
5529.450
5529.840
5530.220
5530.600
5531.010
5531.400
5531.780
5532.170
5532.560
5532.960
5533.330
5533.720
5534.130
5534.500
5534.900
5535.290
5535.680
5536.080
5536.460
5536.830
5537.210
5537.610
5538.000
5538.420
5538.820
5539.220
5539.600
5539.980
5540.370
5540.770
5541.160
5541.540
5541.920
5542.310
5542.720
5543.120
5543.510
5543.880
5544.250
5544.650
5545.050
5545.420
5545.810
5546.210
5546.590
5546.980
5547.350
5547.730
5548.120
5548.520
5548.890
5549.260
5549.650
5550.040
5550.420
5550.830
5551.200
5551.590
5551.980
5552.390
5552.780
5553.150
5553.550
5553.940
5554.340
5554.720
5555.100
5555.470
5555.840
5556.240
5556.620
5557.010
5557.400
5557.780
5558.190
5558.580
5558.970
5559.330
5559.720
5560.110
5560.510
5560.890
5561.270
5561.660
5562.060
5562.420
5562.820
5563.190
5563.570
5563.950
5564.350
5564.750
5565.120
5565.500
5565.870
5566.260
5566.630
5567.040
5567.420
5567.800
5568.180
5568.560
5568.960
5569.340
5569.710
5570.080
5570.470
5570.850
5571.260
5571.640
5572.020
5572.420
5572.800
5573.180
5573.540
5573.930
5574.320
5574.700
5575.080
5575.470
5575.870
5576.250
5576.610
5577.000
5577.370
5577.760
5578.130
5578.520
5578.900
5579.280
5579.660
5580.040
5580.420
5580.800
5581.190
5581.570
5581.940
5582.310
5582.710
5583.100
5583.480
5583.870
5584.260
5584.630
5585.010
5585.390
5585.760
5586.140
5586.510
5586.880
5587.270
5587.650
5588.040
5588.400
5588.790
5589.170
5589.550
5589.940
5590.330
5590.700
5591.090
5591.450
5591.840
5592.220
5592.600
5592.970
5593.350
5593.750
5594.130
5594.500
5594.890
5595.260
5595.640
5596.020
5596.410
5596.790
5597.160
5597.540
5597.930
5598.300
5598.690
5599.070
5599.440
5599.810
5600.190
5600.580
5600.960
5601.340
5601.710
5602.100
5602.490
5602.870
5603.240
5603.610
5603.990
5604.380
5604.760
5605.130
5605.520
5605.900
5606.270
5606.640
5607.010
5607.400
5607.780
5608.170
5608.550
5608.930
5609.310
5609.680
5610.070
5610.450
5610.830
5611.200
5611.590
5611.990
5612.360
5612.740
5613.130
5613.500
5613.870
5614.270
5614.650
5615.000
5615.370
5615.770
5616.140
5616.510
5616.890
5617.280
5617.660
5618.030
5618.420
5618.800
5619.180
5619.560
5619.930
5620.310
5620.700
5621.090
5621.440
5621.820
5622.180
5622.570
5622.950
5623.320
5623.720
5624.090
5624.460
5624.840
5625.200
5625.540
5625.910
5626.300
5626.670
5627.030
5627.390
5627.760
5628.140
5628.520
5628.900
5629.270
5629.660
5630.050
5630.430
5630.800
5631.170
5631.550
5631.920
5632.300
5632.680
5633.050
5633.420
5633.810
5634.180
5634.550
5634.920
5635.300
5635.660
5636.040
5636.430
5636.820
5637.200
5637.570
5637.950
5638.330
5638.710
5639.080
5639.460
5639.840
5640.220
5640.590
5640.970
5641.370
5641.740
5642.130
5642.510
5642.890
5643.280
5643.640
5644.030
5644.420
5644.790
5645.180
5645.550
5645.920
5646.320
5646.680
5647.060
5647.460
5647.830
5648.220
5648.600
5648.980
5649.350
5649.720
5650.100
5650.490
5650.870
5651.260
5651.640
5652.010
5652.390
5652.760
5653.140
5653.540
5653.910
5654.300
5654.690
5655.080
5655.470
5655.850
5656.230
5656.630
5656.990
5657.380
5657.760
5658.150
5658.530
5658.890
5659.270
5659.660
5660.030
5660.420
5660.800
5661.170
5661.560
5661.930
5662.320
5662.700
5663.080
5663.470
5663.850
5664.220
5664.600
5664.970
5665.360
5665.740
5666.110
5666.510
5666.900
5667.270
5667.660
5668.030
5668.400
5668.790
5669.180
5669.560
5669.940
5670.320
5670.690
5671.050
5671.440
5671.800
5672.200
5672.570
5672.960
5673.320
5673.710
5674.100
5674.460
5674.830
5675.210
5675.590
5675.980
5676.340
5676.710
5677.080
5677.460
5677.840
5678.210
5678.590
5678.980
5679.350
5679.720
5680.100
5680.470
5680.840
5681.230
5681.620
5682.000
5682.370
5682.740
5683.090
5683.460
5683.840
5684.200
5684.590
5684.960
5685.330
5685.690
5686.080
5686.450
5686.820
5687.200
5687.580
5687.950
5688.310
5688.680
5689.050
5689.420
5689.790
5690.160
5690.540
5690.920
5691.280
5691.670
5692.030
5692.400
5692.770
5693.140
5693.520
5693.890
5694.260
5694.630
5695.010
5695.380
5695.750
5696.120
5696.480
5696.850
5697.220
5697.590
5697.950
5698.320
5698.700
5699.080
5699.450
5699.810
5700.180
5700.550
5700.930
5701.280
5701.670
5702.040
5702.410
5702.770
5703.140
5703.500
5703.870
5704.230
5704.600
5704.970
5705.340
5705.700
5706.080
5706.440
5706.820
5707.180
5707.540
5707.930
5708.280
5708.650
5709.020
5709.390
5709.770
5710.120
5710.490
5710.860
5711.210
5711.580
5711.940
5712.300
5712.680
5713.050
5713.420
5713.790
5714.140
5714.520
5714.900
5715.260
5715.630
5716.010
5716.370
5716.750
5717.110
5717.480
5717.860
5718.220
5718.590
5718.950
5719.330
5719.720
5720.080
5720.450
5720.820
5721.190
5721.560
5721.930
5722.290
5722.670
5723.030
5723.400
5723.750
5724.120
5724.500
5724.850
5725.220
5725.610
5725.970
5726.350
5726.700
5727.080
5727.470
5727.840
5728.190
5728.580
5728.940
5729.300
5729.680
5730.060
5730.420
5730.800
5731.150
5731.520
5731.900
5732.270
5732.630
5732.980
5733.370
5733.730
5734.090
5734.480
5734.850
5735.230
5735.600
5735.960
5736.320
5736.690
5737.060
5737.440
5737.800
5738.180
5738.550
5738.900
5739.280
5739.660
5740.020
5740.400
5740.780
5741.140
5741.520
5741.890
5742.250
5742.610
5742.970
5743.340
5743.710
5744.090
5744.450
5744.810
5745.190
5745.530
5745.910
5746.290
5746.650
5747.020
5747.380
5747.740
5748.110
5748.470
5748.840
5749.210
5749.580
5749.950
5750.320
5750.690
5751.060
5751.440
5751.790
5752.160
5752.520
5752.890
5753.260
5753.630
5753.990
5754.340
5754.700
5755.080
5755.450
5755.830
5756.190
5756.540
5756.920
5757.290
5757.650
5758.020
5758.380
5758.760
5759.130
5759.500
5759.860
5760.200
5760.580
5760.960
5761.320
5761.700
5762.070
5762.430
5762.800
5763.180
5763.520
5763.890
5764.260
5764.620
5765.000
5765.360
5765.720
5766.100
5766.450
5766.800
5767.170
5767.550
5767.920
5768.280
5768.650
5769.020
5769.370
5769.730
5770.090
5770.470
5770.830
5771.190
5771.570
5771.920
5772.290
5772.660
5773.010
5773.370
5773.730
5774.090
5774.450
5774.820
5775.150
5775.520
5775.880
5776.240
5776.600
5776.950
5777.330
5777.690
5778.040
5778.410
5778.770
5779.130
5779.480
5779.840
5780.210
5780.570
5780.940
5781.300
5781.670
5782.030
5782.390
5782.760
5783.120
5783.480
5783.850
5784.210
5784.570
5784.940
5785.300
5785.660
5786.030
5786.390
5786.750
5787.110
5787.460
5787.830
5788.180
5788.560
5788.920
5789.280
5789.640
5790.000
5790.350
5790.730
5791.090
5791.450
5791.820
5792.190
5792.540
5792.890
5793.260
5793.620
5793.960
5794.340
5794.700
5795.040
5795.410
5795.790
5796.150
5796.500
5796.870
5797.230
5797.590
5797.940
5798.290
5798.660
5799.000
5799.350
5799.710
5800.080
5800.430
5800.750
5801.090
5801.440
5801.800
5802.140
5802.510
5802.860
5803.220
5803.580
5803.940
5804.290
5804.650
5804.990
5805.360
5805.700
5806.040
5806.400
5806.740
5807.100
5807.460
5807.810
5808.160
5808.530
5808.900
5809.250
5809.600
5809.960
5810.300
5810.660
5811.020
5811.350
5811.720
5812.080
5812.450
5812.810
5813.150
5813.500
5813.860
5814.220
5814.570
5814.920
5815.300
5815.640
5815.980
5816.350
5816.720
5817.070
5817.430
5817.780
5818.130
5818.500
5818.840
5819.220
5819.560
5819.910
5820.280
5820.630
5820.970
5821.320
5821.670
5822.010
5822.370
5822.740
5823.090
5823.450
5823.800
5824.150
5824.480
5824.850
5825.190
5825.540
5825.890
5826.220
5826.560
5826.910
5827.270
5827.620
5827.960
5828.310
5828.660
5829.010
5829.340
5829.690
5830.030
5830.380
5830.710
5831.060
5831.390
5831.740
5832.110
5832.460
5832.800
5833.140
5833.510
5833.850
5834.210
5834.540
5834.910
5835.260
5835.640
5836.000
5836.340
5836.690
5837.050
5837.400
5837.740
5838.080
5838.400
5838.760
5839.110
5839.500
5839.870
5840.220
5840.600
5840.970
5841.300
5841.670
5842.020
5842.360
5842.700
5843.070
5843.400
5843.780
5844.180
5844.560
5844.940
5845.310
5845.660
5846.050
5846.410
5846.760
5847.120
5847.490
5847.820
5848.140
5848.490
5848.810
5849.150
5849.500
5849.840
5850.170
5850.520
5850.890
5851.240
5851.570
5851.920
5852.290
5852.670
5853.060
5853.460
5853.860
5854.250
5854.630
5855.000
5855.380
5855.770
5856.180
5856.560
5856.950
5857.290
5857.650
5857.990
5858.340
5858.690
5859.040
5859.380
5859.700
5860.060
5860.390
5860.700
5861.050
5861.370
5861.740
5862.090
5862.460
5862.790
5863.140
5863.500
5863.850
5864.190
5864.520
5864.850
5865.220
5865.550
5865.920
5866.270
5866.600
5866.970
5867.310
5867.650
5868.000
5868.320
5868.670
5869.030
5869.390
5869.730
5870.080
5870.430
5870.780
5871.140
5871.480
5871.860
5872.210
5872.560
5872.910
5873.250
5873.600
5873.950
5874.290
5874.640
5874.960
5875.310
5875.670
5876.020
5876.360
5876.720
5877.070
5877.410
5877.760
5878.100
5878.430
5878.770
5879.120
5879.450
5879.810
5880.170
5880.520
5880.850
5881.200
5881.530
5881.860
5882.200
5882.550
5882.900
5883.250
5883.610
5883.950
5884.290
5884.660
5884.990
5885.350
5885.670
5886.010
5886.370
5886.700
5887.040
5887.370
5887.720
5888.050
5888.390
5888.730
5889.080
5889.420
5889.730
5890.070
5890.430
5890.760
5891.090
5891.430
5891.760
5892.080
5892.390
5892.710
5893.050
5893.390
5893.720
5894.050
5894.410
5894.740
5895.080
5895.410
5895.750
5896.120
5896.510
5896.890
5897.280
5897.650
5898.060
5898.530
5898.990
5899.450
5899.910
5900.510
5901.100
5901.790
5902.500
5903.170
5903.870
5904.590
5905.290
5905.990
5906.690
5907.370
5908.100
5908.830
5909.510
5910.240
5910.920
5911.660
5912.370
5913.100
5913.810
5914.550
5915.280
5916.020
5916.740
5917.460
5918.200
5918.940
5919.650
5920.390
5921.140
5921.870
5922.580
5923.300
5924.050
5924.800
5925.540
5926.280
5927.000
5927.750
5928.490
5929.230
5929.980
5930.710
5931.420
5932.140
5932.870
5933.610
5934.340
5935.060
5935.780
5936.530
5937.250
5937.990
5938.720
5939.430
5940.160
5940.910
5941.620
5942.350
5943.060
5943.810
5944.520
5945.270
5945.980
5946.710
5947.440
5948.190
5948.930
5949.660
5950.380
5951.130
5951.880
5952.600
5953.340
5954.080
5954.850
5955.580
5956.310
5957.040
5957.760
5958.500
5959.210
5959.960
5960.690
5961.440
5962.190
5962.940
5963.700
5964.460
5965.190
5965.930
5966.670
5967.390
5968.120
5968.840
5969.550
5970.260
5971.000
5971.750
5972.480
5973.200
5973.920
5974.660
5975.390
5976.110
5976.830
5977.580
5978.330
5979.040
5979.750
5980.450
5981.140
5981.830
5982.520
5983.270
5983.990
5984.700
5985.390
5986.130
5986.840
5987.560
5988.270
5989.020
5989.730
5990.440
5991.150
5991.880
5992.590
5993.310
5994.040
5994.780
5995.510
5996.240
5996.970
5997.690
5998.440
5999.140
5999.890
6000.630
6001.370
6002.080
6002.820
6003.520
6004.250
6004.980
6005.720
6006.480
6007.200
6007.910
6008.630
6009.350
6010.080
6010.800
6011.540
6012.280
6013.010
6013.740
6014.490
6015.210
6015.970
6016.760
6017.610
6018.540
6019.550
6020.510
6021.510
6022.470
6023.440
6024.420
6025.420
6026.410
6027.390
6028.350
6029.300
6030.290
6031.240
6032.210
6033.160
6034.090
6035.050
6036.040
6036.960
6037.940
6038.920
6039.860
6040.820
6041.810
6042.750
6043.710
6044.650
6045.650
6046.590
6047.570
6048.470
6049.430
6050.370
6051.310
6052.230
6053.200
6054.170
6055.160
6056.080
6057.040
6057.970
6058.920
6059.840
6060.820
6061.790
6062.740
6063.660
6064.640
6065.580
6066.530
6067.450
6068.430
6069.330
6070.270
6071.200
6072.180
6073.100
6074.060
6074.980
6075.970
6076.960
6077.890
6078.830
6079.790
6080.740
6081.740
6082.680
6083.600
6084.520
6085.470
6086.420
6087.410
6088.360
6089.340
6090.280
6091.250
6092.200
6093.160
6094.120
6095.080
6096.010
6096.960
6097.910
6098.870
6099.820
6100.790
6101.750
6102.700
6103.630
6104.580
6105.500
6106.500
6107.440
6108.400
6109.330
6110.290
6111.240
6112.210
6113.130
6114.100
6115.050
6116.010
6116.930
6117.870
6118.800
6119.730
6120.680
6121.650
6122.610
6123.570
6124.500
6125.460
6126.400
6127.350
6128.320
6129.280
6130.220
6131.200
6132.140
6133.090
6134.030
6134.970
6135.930
6136.890
6137.840
6138.810
6139.730
6140.670
6141.600
6142.540
6143.490
6144.450
6145.420
6146.380
6147.300
6148.270
6149.240
6150.200
6151.120
6152.100
6153.050
6154.000
6154.980
6155.950
6156.900
6157.830
6158.740
6159.710
6160.690
6161.640
6162.610
6163.580
6164.550
6165.480
6166.430
6167.400
6168.340
6169.310
6170.270
6171.250
6172.190
6173.130
6174.080
6175.060
6176.030
6177.000
6177.960
6178.940
6179.900
6180.870
6181.810
6182.810
6183.750
6184.710
6185.640
6186.620
6187.560
6188.510
6189.430
6190.410
6191.350
6192.310
6193.250
6194.200
6195.140
6196.050
6196.950
6197.910
6198.830
6199.790
6200.730
6201.680
6202.610
6203.570
6204.520
6205.470
6206.420
6207.360
6208.310
6209.260
6210.240
6211.170
6212.140
6213.100
6214.030
6214.970
6215.900
6216.870
6217.790
6218.770
6219.700
6220.670
6221.610
6222.560
6223.470
6224.430
6225.390
6226.340
6227.270
6228.220
6229.170
6230.130
6231.080
6232.060
6233.030
6233.980
6234.880
6235.840
6236.830
6237.770
6238.710
6239.730
6240.680
6241.680
6242.620
6243.560
6244.540
6245.500
6246.460
6247.500
6248.450
6249.470
6250.430
6251.340
6252.290
6253.260
6254.240
6255.180
6256.170
6257.160
6258.140
6259.140
6260.020
6260.960
6261.850
6262.740
6263.660
6264.600
6265.530
6266.440
6267.340
6268.280
6269.190
6270.040
6270.970
6271.830
6272.700
6273.600
6274.470
6275.330
6276.150
6276.950
6277.710
6278.480
6279.270
6280.050
6280.860
6281.650
6282.480
6283.270
6284.080
6284.870
6285.640
6286.480
6287.240
6288.080
6288.880
6289.680
6290.470
6291.250
6292.080
6292.840
6293.640
6294.480
6295.240
6296.060
6296.870
6297.380
6297.880
6298.350
6298.820
6299.320
6299.800
6300.270
6300.750
6301.220
6301.660
6302.130
6302.560
6303.030
6303.510
6303.970
6304.460
6304.920
6305.400
6305.870
6306.320
6306.790
6307.280
6307.740
6308.210
6308.690
6309.140
6309.570
6310.020
6310.490
6310.960
6311.400
6311.870
6312.330
6312.800
6313.250
6313.710
6314.170
6314.630
6315.090
6315.550
6315.980
6316.450
6316.880
6317.360
6317.820
6318.290
6318.780
6319.230
6319.700
6320.190
6320.640
6321.130
6321.580
6322.020
6322.430
6322.880
6323.310
6323.720
6324.160
6324.600
6325.060
6325.500
6325.970
6326.460
6326.910
6327.360
6327.840
6328.300
6328.760
6329.210
6329.670
6330.140
6330.600
6331.050
6331.520
6331.980
6332.430
6332.890
6333.350
6333.800
6334.250
6334.690
6335.140
6335.590
6336.050
6336.500
6336.940
6337.400
6337.840
6338.300
6338.750
6339.190
6339.640
6340.080
6340.530
6340.990
6341.440
6341.900
6342.340
6342.800
6343.240
6343.700
6344.140
6344.580
6345.040
6345.490
6345.930
6346.370
6346.810
6347.250
6347.700
6348.140
6348.590
6349.040
6349.490
6349.940
6350.380
6350.850
6351.280
6351.710
6352.170
6352.620
6353.060
6353.520
6353.960
6354.410
6354.860
6355.300
6355.750
6356.200
6356.650
6357.090
6357.530
6357.980
6358.420
6358.860
6359.310
6359.760
6360.190
6360.640
6361.080
6361.520
6361.960
6362.400
6362.840
6363.280
6363.720
6364.140
6364.590
6365.030
6365.460
6365.910
6366.360
6366.800
6367.240
6367.680
6368.100
6368.540
6368.990
6369.440
6369.880
6370.350
6370.790
6371.230
6371.670
6372.130
6372.540
6372.990
6373.410
6373.850
6374.280
6374.730
6375.160
6375.590
6376.040
6376.480
6376.930
6377.370
6377.790
6378.230
6378.690
6379.120
6379.550
6380.000
6380.430
6380.860
6381.300
6381.720
6382.160
6382.600
6383.030
6383.460
6383.910
6384.360
6384.800
6385.220
6385.650
6386.090
6386.530
6386.960
6387.410
6387.840
6388.290
6388.700
6389.160
6389.580
6390.030
6390.470
6390.910
6391.350
6391.800
6392.240
6392.660
6393.080
6393.530
6393.970
6394.400
6394.830
6395.290
6395.760
6396.230
6396.690
6397.150
6397.590
6398.060
6398.510
6398.970
6399.430
6399.910
6400.360
6400.800
6401.240
6401.680
6402.140
6402.580
6403.010
6403.430
6403.860
6404.300
6404.750
6405.170
6405.620
6406.050
6406.500
6406.930
6407.380
6407.810
6408.270
6408.700
6409.130
6409.560
6409.990
6410.420
6410.880
6411.300
6411.740
6412.200
6412.630
6413.080
6413.510
6413.960
6414.380
6414.820
6415.250
6415.690
6416.130
6416.570
6416.990
6417.440
6417.880
6418.330
6418.770
6419.190
6419.630
6420.080
6420.510
6420.950
6421.390
6421.800
6422.250
6422.690
6423.130
6423.560
6424.010
6424.430
6424.870
6425.310
6425.760
6426.180
6426.630
6427.060
6427.520
6427.940
6428.390
6428.830
6429.270
6429.690
6430.130
6430.570
6431.000
6431.450
6431.870
6432.320
6432.760
6433.210
6433.650
6434.090
6434.510
6434.960
6435.390
6435.830
6436.250
6436.690
6437.120
6437.530
6437.980
6438.420
6438.840
6439.280
6439.730
6440.170
6440.600
6441.060
6441.490
6441.940
6442.390
6442.830
6443.280
6443.710
6444.160
6444.600
6445.030
6445.470
6445.910
6446.360
6446.810
6447.230
6447.680
6448.130
6448.550
6449.000
6449.440
6449.890
6450.330
6450.770
6451.200
6451.650
6452.060
6452.500
6452.940
6453.390
6453.820
6454.280
6454.720
6455.140
6455.600
6456.060
6456.480
6456.930
6457.360
6457.820
6458.250
6458.670
6459.110
6459.520
6459.950
6460.400
6460.840
6461.270
6461.710
6462.150
6462.590
6463.020
6463.460
6463.900
6464.330
6464.770
6465.200
6465.620
6466.060
6466.490
6466.910
6467.350
6467.790
6468.230
6468.670
6469.090
6469.520
6469.950
6470.380
6470.800
6471.250
6471.690
6472.110
6472.540
6472.990
6473.410
6473.850
6474.170
6474.520
6474.860
6475.180
6475.490
6475.780
6476.080
6476.380
6476.690
6476.980
6477.280
6477.590
6477.900
6478.210
6478.520
6478.820
6479.130
6479.460
6479.770
6480.100
6480.420
6480.730
6481.060
6481.360
6481.670
6481.980
6482.310
6482.620
6482.950
6483.270
6483.600
6483.920
6484.260
6484.570
6484.920
6485.240
6485.570
6485.890
6486.220
6486.530
6486.860
6487.170
6487.490
6487.820
6488.120
6488.440
6488.740
6489.050
6489.340
6489.650
6489.950
6490.250
6490.560
6490.880
6491.190
6491.490
6491.820
6492.140
6492.460
6492.770
6493.080
6493.380
6493.700
6494.010
6494.320
6494.620
6494.940
6495.250
6495.580
6495.890
6496.210
6496.530
6496.860
6497.170
6497.500
6497.810
6498.140
6498.460
6498.780
6499.100
6499.420
6499.740
6500.060
6500.370
6500.700
6501.010
6501.330
6501.650
6502.020
6502.360
6502.700
6503.070
6503.410
6503.770
6504.120
6504.460
6504.830
6505.190
6505.570
6505.940
6506.310
6506.710
6507.090
6507.500
6507.940
6508.340
6508.780
6509.200
6509.630
6510.060
6510.480
6510.900
6511.340
6511.770
6512.210
6512.620
6513.050
6513.510
6513.930
6514.390
6514.820
6515.240
6515.650
6516.060
6516.510
6516.950
6517.380
6517.810
6518.260
6518.710
6519.160
6519.640
6520.100
6520.530
6520.990
6521.440
6521.900
6522.280
6522.700
6523.080
6523.480
6523.930
6524.360
6524.820
6525.290
6525.740
6526.210
6526.680
6527.140
6527.580
6528.040
6528.500
6528.970
6529.410
6529.860
6530.320
6530.800
6531.250
6531.710
6532.170
6532.630
6533.070
6533.540
6533.990
6534.430
6534.870
6535.350
6535.800
6536.240
6536.700
6537.140
6537.590
6538.040
6538.510
6538.950
6539.400
6539.840
6540.290
6540.730
6541.180
6541.620
6542.050
6542.490
6542.970
6543.420
6543.870
6544.340
6544.780
6545.240
6545.690
6546.150
6546.610
6547.060
6547.530
6547.990
6548.440
6548.890
6549.350
6549.810
6550.290
6550.750
6551.200
6551.650
6552.120
6552.570
6553.030
6553.510
6553.970
6554.430
6554.890
6555.330
6555.790
6556.260
6556.730
6557.190
6557.640
6558.110
6558.550
6559.010
6559.480
6559.960
6560.440
6560.920
6561.410
6561.870
6562.360
6562.830
6563.280
6563.770
6564.240
6564.690
6565.180
6565.630
6566.100
6566.590
6567.060
6567.510
6567.980
6568.470
6568.930
6569.410
6569.860
6570.330
6570.800
6571.290
6571.760
6572.230
6572.680
6573.150
6573.630
6574.130
6574.600
6575.070
6575.560
6576.050
6576.510
6577.010
6577.470
6577.950
6578.430
6578.900
6579.390
6579.850
6580.310
6580.790
6581.250
6581.720
6582.210
6582.680
6583.140
6583.620
6584.070
