0.400
0.930
1.440
1.940
2.460
2.950
3.470
4.050
4.620
5.180
5.710
6.270
6.780
7.320
7.870
8.440
9.000
9.550
10.080
10.650
11.170
11.720
12.270
12.820
13.410
13.960
14.520
15.070
15.610
16.150
16.710
17.250
17.790
18.350
18.920
19.500
20.090
20.660
21.240
21.800
22.360
22.940
23.510
24.070
24.630
25.200
25.770
26.340
26.930
27.480
28.040
28.610
29.150
29.720
30.270
30.810
31.350
31.910
32.460
33.010
33.560
34.130
34.680
35.240
35.790
36.330
36.880
37.440
37.990
38.550
39.100
39.640
40.230
40.790
41.310
41.860
42.410
42.960
43.530
44.090
44.630
45.180
45.730
46.270
46.820
47.380
47.940
48.470
49.020
49.560
50.130
50.680
51.220
51.770
52.330
52.880
53.430
53.980
54.550
55.100
55.670
56.230
56.800
57.360
57.920
58.480
59.040
59.590
60.150
60.710
61.280
61.840
62.390
62.960
63.510
64.080
64.630
65.170
65.720
66.270
66.840
67.400
67.960
68.510
69.050
69.590
70.150
70.700
71.240
71.790
72.340
72.900
73.480
74.030
74.580
75.120
75.680
76.220
76.780
77.350
77.910
78.480
79.030
79.570
80.150
80.690
81.220
81.780
82.350
82.890
83.440
84.000
84.560
85.120
85.690
86.250
86.850
87.420
87.990
88.550
89.110
89.710
90.280
90.880
91.430
92.020
92.590
93.140
93.700
94.270
94.840
95.430
96.000
96.580
97.160
97.710
98.290
98.850
99.420
100.000
100.570
101.150
101.750
102.320
102.900
103.460
104.020
104.590
105.180
105.740
106.320
106.870
107.430
108.020
108.580
109.130
109.700
110.260
110.830
111.390
111.950
112.520
113.090
113.650
114.230
114.780
115.350
115.920
116.480
117.040
117.610
118.180
118.750
119.310
119.880
120.440
121.010
121.550
122.110
122.660
123.240
123.790
124.360
124.920
125.490
126.070
126.640
127.200
127.750
128.290
128.860
129.410
130.000
130.550
131.130
131.690
132.250
132.820
133.380
133.940
134.530
135.090
135.640
136.200
136.750
137.320
137.900
138.460
139.030
139.590
140.170
140.730
141.300
141.840
142.410
143.010
143.570
144.170
144.750
145.350
145.930
146.500
147.080
147.660
148.240
148.810
149.390
149.940
150.530
151.100
151.680
152.250
152.830
153.380
153.970
154.540
155.100
155.670
156.240
156.800
157.380
157.940
158.520
159.080
159.630
160.210
160.770
161.340
161.910
162.470
163.050
163.620
164.180
164.750
165.310
165.880
166.440
166.980
167.580
168.140
168.720
169.260
169.850
170.400
170.970
171.530
172.080
172.670
173.210
173.800
174.370
174.950
175.510
176.070
176.640
177.220
177.800
178.400
179.010
179.570
180.160
180.780
181.350
181.930
182.520
183.100
183.700
184.100
184.500
184.900
185.300
185.690
186.090
186.480
186.880
187.280
187.680
188.080
188.480
188.890
189.280
189.680
190.080
190.480
190.890
191.290
191.690
192.090
192.480
192.880
193.290
193.690
194.090
194.490
194.920
195.320
195.710
196.110
196.520
196.900
197.310
197.710
198.110
198.510
198.920
199.310
199.720
200.120
200.500
200.910
201.300
201.730
202.120
202.530
202.930
203.320
203.720
204.130
204.540
204.940
205.340
205.740
206.130
206.520
206.900
207.300
207.690
208.090
208.490
208.890
209.290
209.700
210.100
210.510
210.900
211.300
211.700
212.100
212.500
212.910
213.300
213.700
214.100
214.510
214.900
215.300
215.710
216.110
216.510
216.910
217.320
217.720
218.120
218.530
218.930
219.330
219.740
220.140
220.540
220.940
221.340
221.740
222.130
222.520
222.930
223.340
223.730
224.120
224.520
224.930
225.340
225.740
226.150
226.570
226.970
227.380
227.780
228.190
228.590
229.000
229.400
229.820
230.220
230.620
231.030
231.430
231.840
232.230
232.640
233.040
233.450
233.840
234.240
234.650
235.060
235.460
235.860
236.260
236.660
237.050
237.460
237.860
238.260
238.670
239.080
239.490
239.880
240.280
240.670
241.080
241.490
241.890
242.290
242.690
243.090
243.500
243.900
244.310
244.710
245.120
245.530
245.920
246.320
246.720
247.130
247.540
247.930
248.330
248.730
249.140
249.540
249.930
250.350
250.740
251.150
251.550
251.950
252.370
252.770
253.170
253.580
254.000
254.390
254.800
255.200
255.610
256.010
256.420
256.830
257.230
257.640
258.050
258.460
258.870
259.280
259.680
260.080
260.470
260.870
261.270
261.670
262.080
262.480
262.890
263.290
263.710
264.130
264.530
264.940
265.350
265.760
266.160
266.560
266.980
267.370
267.770
268.170
268.560
268.960
269.360
269.770
270.170
270.570
270.970
271.370
271.770
272.180
272.570
272.980
273.370
273.780
274.180
274.580
274.970
275.360
275.760
276.160
276.550
276.960
277.360
277.740
278.140
278.540
278.960
279.350
279.760
280.150
280.560
280.970
281.370
281.760
282.160
282.560
282.980
283.370
283.790
284.190
284.590
284.990
285.390
285.790
286.190
286.600
287.000
287.400
287.810
288.220
288.600
289.010
289.410
289.820
290.210
290.620
291.010
291.420
291.810
292.210
292.600
293.000
293.380
293.780
294.170
294.570
294.970
295.370
295.760
296.160
296.560
296.960
297.360
297.760
298.160
298.550
298.950
299.350
299.720
300.120
300.510
300.910
301.300
301.710
302.100
302.510
302.910
303.290
303.680
304.080
304.470
304.850
305.260
305.640
306.040
306.450
306.850
307.240
307.640
308.030
308.430
308.820
309.200
309.590
309.970
310.370
310.760
311.140
311.530
311.920
312.300
312.700
313.070
313.470
313.860
314.250
314.650
315.040
315.430
315.840
316.240
316.630
317.030
317.420
317.820
318.220
318.600
319.010
319.400
319.800
320.190
320.590
320.990
321.390
321.780
322.190
322.570
322.980
323.360
323.760
324.160
324.550
324.940
325.330
325.730
326.120
326.500
326.880
327.290
327.690
328.080
328.490
328.880
329.280
329.680
330.060
330.470
330.860
331.250
331.650
332.040
332.430
332.820
333.220
333.610
334.000
334.390
334.770
335.150
335.540
335.940
336.320
336.710
337.100
337.480
337.860
338.250
338.650
339.050
339.450
339.840
340.230
340.620
341.010
341.400
341.790
342.180
342.560
342.970
343.370
343.770
344.160
344.560
344.930
345.330
345.720
346.110
346.500
346.890
347.290
347.690
348.090
348.490
348.890
349.280
349.670
350.070
350.480
350.880
351.270
351.680
352.070
352.470
352.850
353.250
353.640
354.040
354.430
354.820
355.200
355.600
355.990
356.380
356.760
357.150
357.540
357.920
358.310
358.690
359.080
359.460
359.850
360.210
360.610
361.000
361.400
361.780
362.170
362.550
362.940
363.360
363.740
364.160
364.610
365.100
365.560
366.040
366.530
367.100
367.710
368.280
368.870
369.470
370.050
370.640
371.240
371.820
372.410
372.980
373.550
374.140
374.720
375.300
375.870
376.470
377.050
377.670
378.260
378.870
379.440
380.040
380.640
381.230
381.820
382.420
382.990
383.600
384.190
384.790
385.400
385.970
386.590
387.180
387.780
388.400
389.020
389.620
390.250
390.840
391.410
392.020
392.610
393.210
393.800
394.400
395.010
395.610
396.220
396.830
397.420
398.030
398.640
399.230
399.810
400.440
401.000
401.620
402.190
402.810
403.400
404.020
404.610
405.210
405.790
406.420
407.020
407.620
408.230
408.810
409.430
410.030
410.620
411.230
411.850
412.460
413.050
413.640
414.230
414.860
415.430
416.060
416.660
417.280
417.890
418.490
419.090
419.690
420.280
420.910
421.490
422.120
422.710
423.330
423.920
424.530
425.130
425.750
426.350
426.950
427.550
428.170
428.760
429.360
429.950
430.580
431.180
431.800
432.400
433.020
433.620
434.230
434.860
435.480
436.090
436.690
437.300
437.900
438.500
439.120
439.730
440.350
440.960
441.560
442.160
442.790
443.390
444.010
444.600
445.200
445.800
446.410
447.040
447.650
448.250
448.870
449.470
450.100
450.720
451.350
451.970
452.580
453.180
453.810
454.440
455.080
455.700
456.330
456.960
457.590
458.200
458.830
459.470
460.090
460.690
461.330
461.940
462.550
463.180
463.820
464.450
465.060
465.690
466.290
466.910
467.530
468.170
468.780
469.400
470.010
470.640
471.250
471.870
472.500
473.120
473.730
474.360
474.970
475.580
476.210
476.840
477.440
478.050
478.680
479.310
479.960
480.590
481.180
481.810
482.430
483.050
483.660
484.260
484.870
485.500
486.130
486.750
487.360
487.980
488.600
489.200
489.850
490.470
491.070
491.680
492.330
492.990
493.610
494.240
494.880
495.470
496.110
496.730
497.340
497.930
498.530
499.160
499.780
500.390
500.990
501.600
502.220
502.820
503.420
504.030
504.630
505.250
505.850
506.470
507.070
507.680
508.280
508.890
509.500
510.140
510.760
511.390
512.000
512.590
513.190
513.830
514.430
515.050
515.660
516.240
516.880
517.460
518.070
518.700
519.300
519.910
520.520
521.130
521.730
522.360
522.970
523.580
524.200
524.820
525.460
526.070
526.690
527.300
527.940
528.540
529.150
529.780
530.410
531.040
531.650
532.260
532.890
533.540
534.300
535.020
535.720
536.420
537.190
537.930
538.650
539.400
540.070
540.780
541.480
542.170
542.900
543.600
544.270
544.970
545.690
546.370
547.080
547.770
548.480
549.190
549.910
550.590
551.310
552.000
552.700
553.380
554.090
554.810
555.490
556.200
556.910
557.630
558.310
559.010
559.720
560.440
561.130
561.820
562.510
563.200
563.890
564.600
565.310
566.020
566.710
567.410
568.090
568.780
569.480
570.170
570.870
571.590
572.300
573.000
573.680
574.370
575.070
575.780
576.500
577.200
577.890
578.560
579.260
579.960
580.650
581.360
582.090
582.800
583.500
584.190
584.890
585.590
586.310
586.970
587.690
588.400
589.100
589.830
590.500
591.190
591.890
592.570
593.290
593.980
594.670
595.330
596.020
596.710
597.400
598.090
598.800
599.480
600.160
600.820
601.530
602.200
602.900
603.620
604.310
605.020
605.720
606.430
607.150
607.860
608.570
609.290
609.970
610.680
611.340
612.050
612.770
613.430
614.140
614.830
615.510
616.240
616.930
617.630
618.370
619.090
619.790
620.460
621.180
621.850
622.540
623.250
623.960
624.670
625.360
626.090
626.830
627.540
628.250
628.950
629.660
630.390
631.080
631.770
632.490
633.180
633.910
634.590
635.290
636.000
636.710
637.390
638.120
638.840
639.540
640.240
640.910
641.640
642.320
643.030
643.750
644.440
645.130
645.830
646.540
647.210
647.920
648.640
649.360
650.060
650.770
651.520
652.220
652.930
653.630
654.340
655.050
655.750
656.460
657.150
657.850
658.550
659.260
659.970
660.650
661.370
662.090
662.760
663.470
664.150
664.850
665.550
666.260
666.960
667.660
668.350
669.070
669.770
670.470
671.170
671.870
672.580
673.280
673.910
674.560
675.260
675.930
676.610
677.300
677.970
678.690
679.410
680.090
680.800
681.480
682.160
682.830
683.520
684.230
684.930
685.630
686.330
687.030
687.700
688.420
689.120
689.800
690.490
691.190
691.900
692.620
693.350
694.020
694.760
695.490
696.190
696.890
697.610
698.330
699.030
699.730
700.420
701.140
701.840
702.550
703.240
703.930
704.620
705.290
706.000
706.700
707.420
708.080
708.790
709.500
710.180
710.850
711.540
712.250
712.910
713.620
714.330
715.050
715.730
716.460
717.160
717.880
718.560
719.260
719.970
720.660
721.380
722.070
722.780
723.480
724.160
724.810
725.550
726.240
726.910
727.630
728.370
729.090
729.800
730.470
731.180
731.880
732.590
733.270
733.930
734.620
735.290
735.970
736.650
737.300
737.930
738.600
739.230
739.640
740.040
740.390
740.740
741.100
741.440
741.790
742.140
742.490
742.830
743.170
743.510
743.860
744.190
744.540
744.870
745.220
745.560
745.920
746.250
746.610
746.960
747.310
747.650
748.000
748.340
748.680
749.030
749.360
749.700
750.040
750.380
750.730
751.060
751.400
751.740
752.080
752.420
752.760
753.090
753.440
753.770
754.110
754.440
754.780
755.100
755.450
755.770
756.120
756.440
756.780
757.120
757.460
757.800
758.130
758.460
758.810
759.140
759.490
759.840
760.180
760.510
760.850
761.190
761.530
761.860
762.190
762.550
762.880
763.220
763.560
763.910
764.250
764.590
764.920
765.250
765.600
765.930
766.250
766.590
766.930
767.270
767.620
767.950
768.290
768.630
768.970
769.300
769.640
769.980
770.320
770.670
771.000
771.340
771.680
772.010
772.350
772.670
773.010
773.340
773.690
774.010
774.350
774.670
775.010
775.340
775.680
776.030
776.350
776.690
777.030
777.360
777.690
778.040
778.380
778.710
779.060
779.400
779.750
780.080
780.420
780.760
781.100
781.440
781.780
782.130
782.480
782.810
783.150
783.500
783.830
784.170
784.500
784.850
785.160
785.510
785.850
786.190
786.520
786.870
787.200
787.540
787.880
788.220
788.550
788.890
789.240
789.580
789.910
790.250
790.600
790.930
791.280
791.610
791.950
792.300
792.650
792.980
793.320
793.660
794.010
794.340
794.690
795.030
795.370
795.710
796.040
796.370
796.710
797.060
797.390
797.730
798.070
798.400
798.740
799.070
799.410
799.750
800.090
800.440
800.780
801.130
801.460
801.800
802.140
802.480
802.820
803.160
803.500
803.830
804.170
804.500
804.840
805.170
805.510
805.850
806.180
806.520
806.860
807.200
807.540
807.870
808.210
808.540
808.870
809.210
809.550
809.880
810.220
810.550
810.880
811.230
811.570
811.900
812.250
812.570
812.910
813.250
813.590
813.920
814.260
814.590
814.930
815.260
815.610
815.930
816.270
816.600
816.940
817.270
817.610
817.940
818.280
818.600
818.950
819.280
819.620
819.950
820.280
820.610
820.950
821.280
821.620
821.950
822.280
822.620
822.950
823.290
823.610
823.950
824.280
824.620
824.950
825.290
825.630
825.950
826.300
826.620
826.960
827.300
827.640
827.970
828.320
828.660
828.990
829.320
829.670
830.000
830.320
830.660
831.000
831.340
831.670
832.020
832.360
832.680
833.030
833.360
833.700
834.040
834.390
834.720
835.060
835.390
835.740
836.070
836.410
836.740
837.070
837.400
837.730
838.060
838.410
838.740
839.070
839.410
839.740
840.080
840.410
840.750
841.080
841.420
841.760
842.090
842.430
842.760
843.100
843.430
843.780
844.110
844.450
844.790
845.130
845.460
845.790
846.130
846.460
846.800
847.130
847.470
847.800
848.140
848.480
848.810
849.150
849.490
849.820
850.160
850.500
850.830
851.170
851.520
851.840
852.180
852.510
852.850
853.180
853.510
853.840
854.180
854.520
854.860
855.190
855.540
855.880
856.200
856.540
856.880
857.210
857.550
857.890
858.220
858.560
858.890
859.220
859.560
859.900
860.230
860.560
860.890
861.220
861.550
861.870
862.220
862.550
862.890
863.220
863.550
863.890
864.220
864.560
864.900
865.250
865.570
865.910
866.250
866.590
866.910
867.250
867.580
867.930
868.250
868.590
868.920
869.250
869.580
869.910
870.240
870.590
870.930
871.250
871.600
871.930
872.270
872.600
872.940
873.270
873.610
873.950
874.290
874.630
874.960
875.310
875.640
875.960
876.310
876.640
876.990
877.330
877.680
878.020
878.350
878.700
879.030
879.370
879.700
880.050
880.360
880.710
881.040
881.380
881.710
882.040
882.380
882.710
883.050
883.380
883.720
884.050
884.380
884.720
885.040
885.380
885.720
886.050
886.390
886.730
887.070
887.410
887.740
888.070
888.410
888.730
889.070
889.400
889.740
890.070
890.400
890.740
891.070
891.400
891.730
892.060
892.390
892.730
893.050
893.390
893.730
894.060
894.400
894.720
895.050
895.380
895.710
896.040
896.360
896.700
897.030
897.370
897.700
898.030
898.360
898.680
899.020
899.360
899.700
900.020
900.360
900.690
901.020
901.350
901.670
902.000
902.330
902.660
902.990
903.320
903.640
903.970
904.300
904.630
904.970
905.290
905.620
905.940
906.270
906.610
906.960
907.300
907.650
908.000
908.340
908.670
909.020
909.370
909.690
910.040
910.370
910.700
911.050
911.390
911.730
912.080
912.420
912.760
913.110
913.450
913.790
914.140
914.490
914.840
915.180
915.530
915.870
916.210
916.540
916.880
917.240
917.570
917.910
918.290
918.800
919.380
920.000
920.730
921.510
922.230
922.990
923.760
924.490
925.260
925.980
926.740
927.480
928.260
929.000
929.760
930.490
931.240
932.010
932.770
933.550
934.370
935.140
935.890
936.680
937.490
938.270
939.030
939.800
940.570
941.380
942.200
942.980
943.770
944.580
945.360
946.170
946.920
947.730
948.520
949.300
950.070
950.850
951.600
952.390
953.190
953.990
954.780
955.570
956.330
957.090
957.830
958.620
959.390
960.190
960.980
961.780
962.610
963.390
964.160
964.920
965.740
966.540
967.290
968.090
968.900
969.680
970.430
971.220
971.990
972.770
973.580
974.330
975.140
975.930
976.680
977.440
978.240
979.000
979.810
980.570
981.330
982.130
982.930
983.730
984.510
985.290
986.110
986.880
987.620
988.380
989.170
989.960
990.720
991.490
992.250
993.050
993.810
994.590
995.390
996.220
997.010
997.780
998.600
999.390
1000.180
1000.940
1001.730
1002.490
1003.270
1004.060
1004.840
1005.630
1006.390
1007.170
1007.940
1008.730
1009.520
1010.310
1011.080
1011.840
1012.590
1013.380
1014.160
1014.920
1015.700
1016.500
1017.280
1018.070
1018.830
1019.630
1020.370
1021.190
1021.980
1022.760
1023.570
1024.310
1025.130
1025.890
1026.680
1027.440
1028.230
1029.020
1029.800
1030.600
1031.370
1032.180
1032.930
1033.720
1034.490
1035.270
1036.090
1036.870
1037.640
1038.410
1039.170
1039.980
1040.770
1041.540
1042.290
1043.080
1043.840
1044.600
1045.380
1046.140
1046.920
1047.680
1048.480
1049.220
1050.010
1050.770
1051.530
1052.340
1053.090
1053.870
1054.690
1055.480
1056.260
1057.030
1057.780
1058.560
1059.350
1060.100
1060.880
1061.640
1062.450
1063.220
1063.990
1064.750
1065.540
1066.310
1067.100
1067.880
1068.650
1069.440
1070.210
1071.030
1071.830
1072.610
1073.400
1074.160
1074.950
1075.690
1076.480
1077.260
1078.020
1078.800
1079.580
1080.370
1081.180
1081.950
1082.720
1083.480
1084.290
1085.080
1085.870
1086.670
1087.440
1088.200
1089.000
1089.820
1090.570
1091.400
1092.170
1092.950
1093.690
1094.470
1095.240
1095.950
1096.730
1097.370
1097.980
1098.620
1099.270
1099.920
1100.550
1101.190
1101.820
1102.490
1103.080
1103.710
1104.340
1104.920
1105.550
1106.170
1106.810
1107.430
1108.070
1108.720
1109.350
1109.990
1110.630
1111.260
1111.880
1112.490
1113.120
1113.750
1114.400
1115.030
1115.650
1116.280
1116.910
1117.540
1118.150
1118.770
1119.410
1120.030
1120.670
1121.290
1121.920
1122.560
1123.210
1123.850
1124.480
1125.110
1125.740
1126.350
1127.000
1127.620
1128.260
1128.900
1129.550
1130.190
1130.810
1131.470
1132.090
1132.730
1133.340
1133.990
1134.610
1135.250
1135.870
1136.480
1137.100
1137.710
1138.330
1138.970
1139.590
1140.220
1140.830
1141.460
1142.100
1142.720
1143.360
1144.010
1144.640
1145.270
1145.900
1146.510
1147.140
1147.770
1148.390
1149.050
1149.670
1150.310
1150.950
1151.550
1152.200
1152.830
1153.460
1154.110
1154.750
1155.390
1156.040
1156.680
1157.320
1157.940
1158.590
1159.240
1159.860
1160.500
1161.140
1161.780
1162.430
1163.080
1163.730
1164.370
1165.000
1165.650
1166.300
1166.930
1167.560
1168.200
1168.840
1169.470
1170.110
1170.760
1171.390
1172.020
1172.670
1173.320
1173.950
1174.590
1175.250
1175.900
1176.530
1177.170
1177.790
1178.420
1179.050
1179.690
1180.340
1180.980
1181.650
1182.270
1182.910
1183.550
1184.210
1184.840
1185.490
1186.140
1186.780
1187.420
1188.040
1188.700
1189.330
1189.970
1190.610
1191.260
1191.890
1192.530
1193.160
1193.810
1194.460
1195.100
1195.730
1196.370
1197.000
1197.620
1198.270
1198.920
1199.540
1200.190
1200.820
1201.460
1202.100
1202.740
1203.370
1203.990
1204.630
1205.290
1205.960
1206.590
1207.220
1207.860
1208.460
1209.130
1209.770
1210.420
1211.050
1211.700
1212.340
1212.970
1213.590
1214.240
1214.860
1215.490
1216.140
1216.760
1217.400
1218.010
1218.650
1219.260
1219.920
1220.530
1221.150
1221.790
1222.420
1223.050
1223.670
1224.300
1224.910
1225.540
1226.150
1226.780
1227.410
1228.050
1228.680
1229.310
1229.920
1230.560
1231.210
1231.870
1232.530
1233.170
1233.850
1234.500
1235.140
1235.790
1236.440
1237.100
1237.760
1238.420
1239.060
1239.720
1240.380
1241.010
1241.660
1242.310
1242.970
1243.590
1244.240
1244.870
1245.540
1246.170
1246.810
1247.430
1248.100
1248.740
1249.380
1250.010
1250.650
1251.280
1251.930
1252.570
1253.200
1253.850
1254.490
1255.140
1255.750
1256.410
1257.060
1257.700
1258.380
1259.010
1259.650
1260.300
1260.940
1261.540
1262.190
1262.850
1263.510
1264.150
1264.790
1265.420
1266.080
1266.710
1267.370
1267.990
1268.650
1269.300
1269.950
1270.590
1271.240
1271.900
1272.550
1273.170
1273.840
1274.480
1275.110
1275.750
1276.380
1277.030
1277.670
1278.320
1278.970
1279.620
1280.260
1280.870
1281.490
1282.130
1282.770
1283.380
1284.060
1284.690
1285.360
1285.990
1286.630
1287.260
1287.890
1288.540
1289.170
1289.800
1290.430
1291.060
1291.670
1292.290
1292.900
1293.550
1294.200
1294.840
1295.490
1296.140
1296.780
1297.430
1298.080
1298.740
1299.390
1300.020
1300.660
1301.300
1301.950
1302.550
1303.130
1303.710
1304.260
1304.840
1305.420
1306.040
1306.630
1307.250
1307.840
1308.410
1308.970
1309.510
1310.070
1310.630
1311.200
1311.780
1312.350
1312.940
1313.510
1314.070
1314.670
1315.230
1315.830
1316.390
1316.960
1317.510
1318.060
1318.660
1319.220
1319.780
1320.350
1320.920
1321.450
1322.020
1322.580
1323.160
1323.740
1324.320
1324.880
1325.450
1326.010
1326.580
1327.130
1327.690
1328.250
1328.840
1329.400
1329.970
1330.520
1331.080
1331.620
1332.170
1332.750
1333.330
1333.890
1334.480
1335.040
1335.620
1336.160
1336.710
1337.280
1337.880
1338.430
1339.010
1339.560
1340.140
1340.680
1341.280
1341.840
1342.410
1342.950
1343.540
1344.090
1344.660
1345.190
1345.780
1346.350
1346.940
1347.500
1348.100
1348.660
1349.250
1349.810
1350.370
1350.940
1351.530
1352.110
1352.680
1353.240
1353.840
1354.390
1354.980
1355.520
1356.100
1356.650
1357.210
1357.780
1358.360
1358.920
1359.480
1360.070
1360.680
1361.260
1361.830
1362.400
1362.980
1363.540
1364.140
1364.680
1365.270
1365.830
1366.420
1366.970
1367.560
1368.110
1368.690
1369.240
1369.840
1370.380
1370.970
1371.520
1372.120
1372.660
1373.260
1373.800
1374.400
1374.940
1375.530
1376.090
1376.680
1377.220
1377.790
1378.370
1378.960
1379.500
1380.090
1380.670
1381.240
1381.780
1382.340
1382.930
1383.500
1384.080
1384.670
1385.210
1385.770
1386.330
1386.870
1387.460
1388.050
1388.640
1389.200
1389.760
1390.330
1390.880
1391.430
1392.000
1392.570
1393.120
1393.720
1394.270
1394.870
1395.440
1395.990
1396.600
1397.170
1397.740
1398.290
1398.850
1399.450
1400.000
1400.570
1401.140
1401.720
1402.290
1402.900
1403.450
1404.030
1404.620
1405.180
1405.740
1406.330
1406.890
1407.450
1408.030
1408.620
1409.180
1409.780
1410.330
1410.900
1411.460
1412.050
1412.610
1413.180
1413.750
1414.320
1414.890
1415.470
1416.050
1416.610
1417.170
1417.760
1418.310
1418.890
1419.470
1420.050
1420.620
1421.190
1421.760
1422.330
1422.890
1423.440
1424.010
1424.610
1425.160
1425.720
1426.310
1426.890
1427.450
1428.020
1428.570
1429.160
1429.720
1430.280
1430.830
1431.410
1431.980
1432.550
1433.110
1433.690
1434.260
1434.840
1435.410
1436.010
1436.560
1437.130
1437.680
1438.270
1438.820
1439.410
1439.950
1440.510
1441.080
1441.610
1442.170
1442.750
1443.310
1443.870
1444.440
1445.030
1445.590
1446.170
1446.730
1447.310
1447.860
1448.460
1449.020
1449.610
1450.180
1450.740
1451.310
1451.900
1452.480
1453.060
1453.610
1454.180
1454.740
1455.340
1455.890
1456.490
1457.060
1457.650
1458.210
1458.770
1459.330
1459.900
1460.470
1461.050
1461.630
1462.200
1462.740
1463.320
1463.870
1464.430
1464.990
1465.580
1466.150
1466.710
1467.270
1467.830
1468.390
1468.960
1469.510
1470.080
1470.620
1471.200
1471.740
1472.290
1472.840
1473.380
1473.940
1474.490
1475.060
1475.620
1476.190
1476.750
1477.320
1477.880
1478.450
1479.020
1479.590
1480.140
1480.700
1481.270
1481.840
1482.400
1482.960
1483.520
1484.070
1484.620
1485.180
1485.750
1486.310
1486.860
1487.430
1488.010
1488.570
1489.160
1489.720
1490.290
1490.870
1491.420
1491.980
1492.540
1493.080
1493.670
1494.210
1494.760
1495.300
1495.870
1496.410
1496.940
1497.540
1498.240
1498.990
1499.760
1500.500
1501.280
1502.060
1502.800
1503.580
1504.370
1505.110
1505.850
1506.610
1507.330
1508.070
1508.820
1509.590
1510.400
1511.180
1511.950
1512.710
1513.500
1514.310
1515.090
1515.870
1516.650
1517.410
1518.170
1518.960
1519.700
1520.480
1521.240
1522.050
1522.820
1523.600
1524.370
1525.180
1525.980
1526.740
1527.510
1528.300
1529.090
1529.890
1530.670
1531.410
1532.190
1532.940
1533.720
1534.490
1535.250
1536.000
1536.790
1537.550
1538.290
1539.050
1539.820
1540.580
1541.360
1542.120
1542.870
1543.650
1544.450
1545.220
1545.970
1546.750
1547.560
1548.310
1549.080
1549.880
1550.680
1551.460
1552.220
1552.990
1553.770
1554.550
1555.330
1556.100
1556.830
1557.600
1558.380
1559.130
1559.930
1560.670
1561.420
1562.190
1562.970
1563.720
1564.460
1565.220
1565.990
1566.740
1567.500
1568.250
1569.000
1569.740
1570.470
1571.260
1572.010
1572.730
1573.480
1574.250
1575.000
1575.750
1576.500
1577.260
1578.000
1578.760
1579.520
1580.260
1581.030
1581.780
1582.490
1583.210
1583.980
1584.700
1585.470
1586.200
1586.990
1587.730
1588.460
1589.210
1589.950
1590.710
1591.440
1592.180
1592.950
1593.700
1594.450
1595.210
1595.960
1596.720
1597.500
1598.250
1599.010
1599.730
1600.500
1601.230
1601.980
1602.730
1603.510
1604.220
1604.980
1605.730
1606.510
1607.280
1608.030
1608.790
1609.520
1610.240
1610.980
1611.710
1612.470
1613.210
1613.970
1614.730
1615.480
1616.210
1616.960
1617.660
1618.420
1619.130
1619.880
1620.610
1621.340
1622.050
1622.770
1623.500
1624.240
1624.970
1625.710
1626.440
1627.200
1627.910
1628.670
1629.410
1630.170
1630.900
1631.650
1632.380
1633.110
1633.830
1634.600
1635.350
1636.070
1636.840
1637.560
1638.320
1639.080
1639.820
1640.570
1641.340
1642.070
1642.820
1643.550
1644.300
1645.060
1645.810
1646.550
1647.300
1648.040
1648.790
1649.540
1650.280
1651.040
1651.790
1652.530
1653.290
1654.020
1654.780
1655.550
1656.260
1657.010
1657.800
1658.520
1659.280
1660.050
1660.790
1661.500
1662.250
1662.960
1663.710
1664.430
1665.140
1665.840
1666.550
1667.290
1667.900
1668.550
1669.180
1669.850
1670.460
1671.110
1671.750
1672.420
1673.060
1673.730
1674.360
1674.980
1675.590
1676.210
1676.840
1677.460
1678.110
1678.720
1679.370
1680.000
1680.610
1681.240
1681.890
1682.540
1683.150
1683.800
1684.440
1685.080
1685.700
1686.350
1686.990
1687.640
1688.300
1688.930
1689.580
1690.270
1690.910
1691.520
1692.150
1692.790
1693.450
1694.090
1694.710
1695.340
1695.980
1696.630
1697.270
1697.880
1698.540
1699.140
1699.800
1700.440
1701.060
1701.720
1702.340
1702.970
1703.620
1704.290
1704.950
1705.590
1706.230
1706.840
1707.490
1708.130
1708.760
1709.420
1710.070
1710.720
1711.330
1711.960
1712.590
1713.240
1713.840
1714.470
1715.120
1715.730
1716.310
1716.930
1717.540
1718.130
1718.740
1719.370
1720.020
1720.650
1721.250
1721.890
1722.550
1723.200
1723.890
1724.520
1725.180
1725.820
1726.430
1727.050
1727.710
1728.310
1728.970
1729.600
1730.220
1730.830
1731.470
1732.140
1732.760
1733.430
1734.080
1734.730
1735.360
1736.010
1736.650
1737.270
1737.900
1738.490
1739.120
1739.730
1740.400
1741.040
1741.700
1742.320
1742.980
1743.620
1744.290
1744.930
1745.600
1746.260
1746.900
1747.550
1748.180
1748.810
1749.460
1750.130
1750.780
1751.420
1752.080
1752.720
1753.370
1753.990
1754.640
1755.260
1755.840
1756.450
1757.030
1757.650
1758.240
1758.850
1759.480
1760.100
1760.750
1761.380
1762.010
1762.670
1763.330
1763.950
1764.610
1765.220
1765.810
1766.440
1767.080
1767.700
1768.340
1768.990
1769.610
1770.260
1770.860
1771.510
1772.160
1772.800
1773.420
1774.070
1774.700
1775.340
1776.000
1776.600
1777.260
1777.880
1778.500
1779.130
1779.720
1780.340
1780.940
1781.540
1782.180
1782.820
1783.450
1784.080
1784.730
1785.390
1786.010
1786.670
1787.310
1787.960
1788.570
1789.210
1789.850
1790.480
1791.110
1791.760
1792.360
1792.990
1793.600
1794.220
1794.820
1795.440
1796.040
1796.690
1797.290
1797.890
1798.500
1799.120
1799.740
1800.390
1801.040
1801.680
1802.320
1802.950
1803.580
1804.210
1804.850
1805.480
1806.140
1806.760
1807.400
1808.010
1808.630
1809.270
1809.900
1810.560
1811.190
1811.830
1812.470
1813.110
1813.710
1814.370
1815.020
1815.640
1816.290
1816.940
1817.540
1818.180
1818.800
1819.460
1820.060
1820.710
1821.350
1821.970
1822.590
1823.230
1823.880
1824.520
1825.200
1825.830
1826.490
1827.120
1827.790
1828.410
1829.060
1829.730
1830.360
1831.010
1831.640
1832.270
1832.920
1833.560
1834.160
1834.800
1835.450
1836.060
1836.660
1837.260
1837.840
1838.460
1839.040
1839.650
1840.250
1840.890
1841.520
1842.150
1842.760
1843.410
1844.020
1844.640
1845.290
1845.900
1846.560
1847.180
1847.800
1848.440
1849.050
1849.680
1850.320
1850.940
1851.590
1852.210
1852.830
1853.420
1854.040
1854.640
1855.200
1855.810
1856.210
1856.590
1856.990
1857.400
1857.790
1858.190
1858.570
1858.950
1859.350
1859.740
1860.130
1860.520
1860.920
1861.310
1861.700
1862.110
1862.500
1862.910
1863.300
1863.700
1864.090
1864.490
1864.880
1865.280
1865.670
1866.060
1866.440
1866.820
1867.220
1867.620
1868.000
1868.400
1868.790
1869.190
1869.580
1869.980
1870.370
1870.770
1871.160
1871.540
1871.930
1872.330
1872.710
1873.110
1873.490
1873.900
1874.300
1874.690
1875.090
1875.490
1875.880
1876.270
1876.670
1877.070
1877.460
1877.850
1878.250
1878.640
1879.030
1879.420
1879.810
1880.210
1880.590
1880.980
1881.370
1881.770
1882.160
1882.540
1882.930
1883.320
1883.720
1884.110
1884.480
1884.880
1885.260
1885.650
1886.030
1886.430
1886.820
1887.210
1887.600
1888.000
1888.400
1888.790
1889.190
1889.590
1889.980
1890.380
1890.760
1891.160
1891.550
1891.950
1892.340
1892.720
1893.120
1893.510
1893.900
1894.280
1894.680
1895.080
1895.470
1895.870
1896.270
1896.660
1897.040
1897.440
1897.840
1898.240
1898.640
1899.020
1899.420
1899.820
1900.210
1900.600
1901.000
1901.400
1901.800
1902.200
1902.580
1902.980
1903.370
1903.760
1904.150
1904.550
1904.940
1905.340
1905.730
1906.120
1906.510
1906.900
1907.290
1907.680
1908.080
1908.460
1908.850
1909.240
1909.630
1910.020
1910.410
1910.810
1911.200
1911.600
1912.000
1912.390
1912.790
1913.180
1913.570
1913.970
1914.370
1914.760
1915.160
1915.570
1915.970
1916.370
1916.760
1917.160
1917.560
1917.970
1918.350
1918.740
1919.130
1919.530
1919.920
1920.320
1920.710
1921.100
1921.490
1921.880
1922.270
1922.670
1923.060
1923.460
1923.850
1924.240
1924.640
1925.060
1925.450
1925.840
1926.220
1926.630
1927.000
1927.400
1927.790
1928.180
1928.580
1928.980
1929.370
1929.770
1930.150
1930.550
1930.950
1931.350
1931.740
1932.140
1932.520
1932.930
1933.310
1933.710
1934.100
1934.480
1934.870
1935.260
1935.650
1936.040
1936.430
1936.830
1937.220
1937.620
1938.000
1938.410
1938.800
1939.200
1939.600
1939.990
1940.380
1940.790
1941.180
1941.580
1941.980
1942.410
1942.820
1943.230
1943.630
1944.030
1944.420
1944.830
1945.210
1945.610
1946.010
1946.410
1946.820
1947.210
1947.600
1948.000
1948.400
1948.790
1949.180
1949.570
1949.970
1950.360
1950.760
1951.150
1951.550
1951.950
1952.350
1952.740
1953.140
1953.540
1953.940
1954.340
1954.740
1955.140
1955.530
1955.930
1956.330
1956.720
1957.120
1957.520
1957.910
1958.330
1958.710
1959.120
1959.490
1959.890
1960.290
1960.700
1961.090
1961.490
1961.880
1962.280
1962.680
1963.070
1963.480
1963.880
1964.270
1964.660
1965.060
1965.460
1965.870
1966.280
1966.670
1967.070
1967.470
1967.860
1968.270
1968.670
1969.070
1969.460
1969.860
1970.250
1970.640
1971.030
1971.430
1971.820
1972.210
1972.590
1972.990
1973.380
1973.770
1974.150
1974.540
1974.940
1975.320
1975.710
1976.100
1976.490
1976.890
1977.280
1977.660
1978.060
1978.450
1978.840
1979.230
1979.620
1980.000
1980.400
1980.790
1981.190
1981.590
1981.970
1982.370
1982.760
1983.160
1983.550
1983.940
1984.320
1984.720
1985.100
1985.490
1985.880
1986.270
1986.660
1987.040
1987.440
1987.830
1988.210
1988.600
1988.990
1989.380
1989.780
1990.160
1990.550
1990.950
1991.350
1991.780
1992.180
1992.590
1993.010
1993.410
1993.820
1994.200
1994.600
1994.990
1995.370
1995.770
1996.170
1996.570
1996.970
1997.360
1997.760
1998.150
1998.560
1998.970
1999.360
1999.750
2000.150
2000.550
2000.950
2001.350
2001.760
2002.170
2002.570
2002.960
2003.370
2003.770
2004.200
2004.600
2005.020
2005.420
2005.950
2006.600
2007.230
2007.910
2008.650
2009.410
2010.100
2010.850
2011.570
2012.270
2012.970
2013.710
2014.380
2015.120
2015.840
2016.540
2017.240
2017.960
2018.700
2019.400
2020.150
2020.860
2021.620
2022.330
2023.050
2023.800
2024.510
2025.260
2026.000
2026.730
2027.450
2028.170
2028.900
2029.640
2030.370
2031.090
2031.830
2032.540
2033.280
2034.010
2034.760
2035.470
2036.200
2036.970
2037.670
2038.400
2039.140
2039.870
2040.620
2041.330
2042.060
2042.770
2043.520
2044.270
2045.000
2045.730
2046.410
2047.130
2047.880
2048.600
2049.320
2050.050
2050.800
2051.500
2052.210
2052.940
2053.650
2054.420
2055.150
2055.870
2056.590
2057.300
2058.070
2058.780
2059.500
2060.240
2060.950
2061.680
2062.410
2063.120
2063.870
2064.580
2065.300
2066.030
2066.760
2067.500
2068.220
2068.910
2069.680
2070.390
2071.110
2071.840
2072.570
2073.330
2074.070
2074.810
2075.520
2076.230
2076.970
2077.690
2078.420
2079.140
2079.890
2080.590
2081.360
2082.110
2082.820
2083.520
2084.250
2084.950
2085.690
2086.450
2087.180
2087.920
2088.620
2089.340
2090.090
2090.840
2091.580
2092.300
2093.020
2093.760
2094.500
2095.260
2095.980
2096.690
2097.430
2098.150
2098.870
2099.600
2100.340
2101.040
2101.810
2102.530
2103.240
2103.990
2104.720
2105.450
2106.180
2106.920
2107.660
2108.410
2109.130
2109.850
2110.600
2111.330
2112.060
2112.790
2113.530
2114.300
2115.010
2115.750
2116.450
2117.220
2117.920
2118.650
2119.370
2120.100
2120.860
2121.570
2122.310
2123.030
2123.730
2124.500
2125.230
2125.910
2126.660
2127.370
2128.100
2128.800
2129.480
2130.230
2130.970
2131.680
2132.430
2133.140
2133.860
2134.610
2135.320
2136.020
2136.780
2137.510
2138.260
2138.980
2139.710
2140.450
2141.220
2141.940
2142.680
2143.420
2144.160
2144.860
2145.590
2146.310
2147.030
2147.760
2148.500
2149.240
2150.010
2150.750
2151.470
2152.190
2152.970
2153.670
2154.430
2155.130
2155.850
2156.620
2157.350
2158.050
2158.790
2159.530
2160.250
2160.990
2161.750
2162.510
2163.250
2164.010
2164.720
2165.460
2166.220
2166.950
2167.680
2168.430
2169.150
2169.900
2170.650
2171.360
2172.120
2172.860
2173.620
2174.340
2175.080
2175.800
2176.570
2177.310
2178.030
2178.810
2179.550
2180.310
2181.110
2181.750
2182.440
2183.120
2183.830
2184.470
2185.160
2185.810
2186.450
2187.090
2187.700
2188.340
2189.020
2189.680
2190.350
2190.980
2191.690
2192.370
2193.060
2193.710
2194.370
2195.070
2195.740
2196.390
2197.070
2197.720
2198.390
2199.070
2199.740
2200.460
2201.100
2201.820
2202.490
2203.160
2203.820
2204.500
2205.200
2205.890
2206.570
2207.240
2207.940
2208.600
2209.300
2210.000
2210.690
2211.400
2212.080
2212.760
2213.420
2214.110
2214.790
2215.450
2216.140
2216.860
2217.530
2218.190
2218.910
2219.570
2220.240
2220.940
2221.640
2222.350
2223.070
2223.720
2224.420
2225.090
2225.780
2226.440
2227.130
2227.850
2228.530
2229.230
2229.900
2230.590
2231.280
2231.960
2232.660
2233.340
2234.040
2234.720
2235.420
2236.100
2236.820
2237.510
2238.210
2238.930
2239.660
2240.360
2241.070
2241.780
2242.470
2243.200
2243.920
2244.620
2245.330
2246.060
2246.740
2247.440
2248.150
2248.860
2249.560
2250.260
2250.940
2251.620
2252.300
2252.990
2253.680
2254.430
2255.130
2255.840
2256.510
2257.210
2257.890
2258.600
2259.300
2260.020
2260.710
2261.420
2262.140
2262.850
2263.530
2264.240
2264.940
2265.640
2266.360
2267.100
2267.820
2268.490
2269.230
2269.910
2270.620
2271.300
2272.000
2272.730
2273.440
2274.110
2274.810
2275.490
2276.200
2276.900
2277.600
2278.310
2279.030
2279.720
2280.440
2281.130
2281.820
2282.520
2283.240
2283.930
2284.650
2285.330
2286.050
2286.780
2287.480
2288.190
2288.920
2289.620
2290.330
2291.030
2291.730
2292.440
2293.150
2293.880
2294.590
2295.280
2296.010
2296.730
2297.450
2298.150
2298.850
2299.560
2300.270
2300.920
2301.620
2302.350
2303.070
2303.760
2304.470
2305.150
2305.850
2306.550
2307.250
2307.940
2308.660
2309.330
2310.060
2310.750
2311.460
2312.160
2312.860
2313.550
2314.260
2314.960
2315.660
2316.330
2317.020
2317.710
2318.390
2319.070
2319.820
2320.510
2321.210
2321.920
2322.630
2323.350
2324.050
2324.740
2325.440
2326.140
2326.850
2327.560
2328.290
2328.980
2329.740
2330.440
2331.180
2331.850
2332.560
2333.280
2333.990
2334.700
2335.400
2336.100
2336.830
2337.520
2338.240
2338.940
2339.650
2340.360
2341.050
2341.720
2342.430
2343.120
2343.860
2344.540
2345.250
2345.950
2346.640
2347.350
2348.030
2348.740
2349.430
2350.110
2350.830
2351.530
2352.220
2352.900
2353.620
2354.310
2355.020
2355.730
2356.430
2357.140
2357.830
2358.540
2359.240
2359.920
2360.630
2361.330
2362.030
2362.700
2363.380
2364.100
2364.810
2365.510
2366.220
2366.940
2367.660
2368.370
2369.050
2369.730
2370.440
2371.170
2371.890
2372.570
2373.300
2374.000
2374.760
2375.470
2376.140
2376.750
2377.390
2378.050
2378.670
2379.340
2379.950
2380.590
2381.260
2381.900
2382.530
2383.110
2383.630
2384.140
2384.660
2385.160
2385.690
2386.200
2386.730
2387.250
2387.780
2388.310
2388.820
2389.350
2389.860
2390.390
2390.910
2391.430
2391.960
2392.490
2393.010
2393.540
2394.070
2394.580
2395.120
2395.650
2396.180
2396.700
2397.230
2397.750
2398.280
2398.810
2399.340
2399.880
2400.390
2400.920
2401.440
2401.960
2402.500
2403.010
2403.530
2404.060
2404.590
2405.120
2405.650
2406.190
2406.710
2407.250
2407.780
2408.310
2408.850
2409.390
2409.910
2410.430
2410.970
2411.480
2412.010
2412.550
2413.080
2413.590
2414.130
2414.660
2415.210
2415.730
2416.270
2416.800
2417.330
2417.850
2418.390
2418.910
2419.440
2419.960
2420.510
2421.040
2421.580
2422.130
2422.660
2423.210
2423.740
2424.270
2424.810
2425.330
2425.870
2426.410
2426.950
2427.470
2428.000
2428.530
2429.070
2429.610
2430.150
2430.670
2431.200
2431.730
2432.250
2432.800
2433.340
2433.860
2434.400
2434.930
2435.470
2436.000
2436.540
2437.080
2437.610
2438.160
2438.700
2439.240
2439.780
2440.320
2440.880
2441.430
2441.970
2442.490
2443.060
2443.580
2444.140
2444.670
2445.210
2445.760
2446.300
2446.840
2447.380
2447.910
2448.450
2448.980
2449.520
2450.060
2450.600
2451.120
2451.680
2452.230
2452.760
2453.300
2453.840
2454.360
2454.900
2455.440
2455.980
2456.510
2457.050
2457.590
2458.140
2458.670
2459.210
2459.760
2460.310
2460.850
2461.380
2461.930
2462.480
2463.040
2463.580
2464.110
2464.660
2465.220
2465.760
2466.320
2466.880
2467.410
2467.950
2468.520
2469.090
2469.640
2470.200
2470.770
2471.320
2471.880
2472.440
2473.010
2473.570
2474.110
2474.680
2475.210
2475.760
2476.300
2476.850
2477.410
2477.960
2478.510
2479.060
2479.630
2480.190
2480.740
2481.300
2481.850
2482.400
2482.960
2483.500
2484.060
2484.600
2485.130
2485.690
2486.240
2486.790
2487.340
2487.880
2488.430
2488.980
2489.530
2490.090
2490.650
2491.210
2491.790
2492.350
2492.900
2493.450
2494.000
2494.560
2495.120
2495.670
2496.220
2496.750
2497.300
2497.860
2498.420
2498.950
2499.500
2500.050
2500.600
2501.150
2501.700
2502.250
2502.790
2503.330
2503.890
2504.450
2505.000
2505.550
2506.080
2506.630
2507.190
2507.740
2508.300
2508.850
2509.400
2509.940
2510.500
2511.040
2511.580
2512.150
2512.710
2513.250
2513.800
2514.340
2514.890
2515.450
2515.980
2516.540
2517.100
2517.670
2518.210
2518.760
2519.320
2519.870
2520.420
2520.960
2521.510
2522.050
2522.600
2523.150
2523.680
2524.240
2524.790
2525.340
2525.890
2526.450
2527.000
2527.540
2528.100
2528.650
2529.200
2529.750
2530.300
2530.840
2531.400
2531.950
2532.490
2533.050
2533.590
2534.130
2534.690
2535.240
2535.770
2536.320
2536.870
2537.430
2537.980
2538.540
2539.090
2539.650
2540.200
2540.760
2541.310
2541.860
2542.420
2542.960
2543.520
2544.060
2544.620
2545.160
2545.710
2546.250
2546.800
2547.350
2547.910
2548.480
2549.030
2549.600
2550.150
2550.710
2551.290
2551.850
2552.410
2552.960
2553.510
2554.080
2554.630
2555.190
2555.760
2556.300
2556.850
2557.400
2557.920
2558.460
2559.020
2559.570
2560.140
2560.690
2561.250
2561.780
2562.360
2562.910
2563.460
2564.000
2564.550
2565.080
2565.630
2566.220
2566.810
2567.390
2567.980
2568.530
2569.090
2569.650
2570.200
2570.750
2571.280
2571.830
2572.380
2572.920
2573.510
2574.130
2574.710
2575.290
2575.850
2576.420
2577.000
2577.580
2578.150
2578.720
2579.280
2579.860
2580.400
2580.970
2581.510
2582.060
2582.630
2583.190
2583.730
2584.330
2584.880
2585.460
2586.040
2586.600
2587.180
2587.740
2588.280
2588.840
2589.390
2589.950
2590.540
2591.100
2591.680
2592.250
2592.830
2593.410
2594.020
2594.620
2595.200
2595.780
2596.360
2596.920
2597.510
2598.090
2598.680
2599.270
2599.880
2600.450
2601.040
2601.640
2602.210
2602.830
2603.410
2603.990
2604.590
2605.160
2605.730
2606.320
2606.910
2607.530
2608.120
2608.700
2609.300
2609.920
2610.520
2611.110
2611.690
2612.280
2612.870
2613.460
2614.080
2614.670
2615.260
2615.840
2616.440
2617.030
2617.640
2618.240
2618.850
2619.430
2620.040
2620.610
2621.230
2621.810
2622.390
2623.000
2623.600
2624.190
2624.810
2625.390
2625.980
2626.600
2627.180
2627.780
2628.400
2629.000
2629.590
2630.160
2630.750
2631.360
2631.970
2632.550
2633.150
2633.740
2634.320
2634.930
2635.540
2636.140
2636.740
2637.330
2637.940
2638.520
2639.130
2639.740
2640.330
2640.930
2641.530
2642.090
2642.710
2643.290
2643.890
2644.470
2645.050
2645.660
2646.270
2646.880
2647.470
2648.080
2648.660
2649.270
2649.880
2650.480
2651.060
2651.680
2652.260
2652.850
2653.470
2654.060
2654.650
2655.260
2655.900
2656.490
2657.110
2657.690
2658.260
2658.860
2659.480
2660.070
2660.680
2661.270
2661.870
2662.460
2663.070
2663.660
2664.270
2664.870
2665.500
2666.080
2666.710
2667.300
2667.910
2668.490
2669.120
2669.710
2670.310
2670.890
2671.500
2672.110
2672.720
2673.300
2673.910
2674.500
2675.110
2675.700
2676.330
2676.940
2677.540
2678.140
2678.740
2679.330
2679.950
2680.540
2681.150
2681.710
2682.300
2682.900
2683.500
2684.120
2684.700
2685.300
2685.940
2686.540
2687.120
2687.720
2688.350
2688.930
2689.550
2690.140
2690.750
2691.340
2691.910
2692.520
2693.110
2693.730
2694.320
2694.940
2695.570
2696.170
2696.780
2697.390
2697.980
2698.570
2699.160
2699.780
2700.390
2701.000
2701.620
2702.210
2702.840
2703.470
2704.070
2704.680
2705.280
2705.890
2706.510
2707.120
2707.740
2708.330
2708.950
2709.530
2710.140
2710.750
2711.370
2711.970
2712.590
2713.210
2713.820
2714.430
2715.080
2715.700
2716.300
2716.890
2717.500
2718.090
2718.690
2719.290
2719.890
2720.490
2721.110
2721.710
2722.310
2722.950
2723.580
2724.170
2724.810
2725.430
2726.040
2726.660
2727.290
2727.880
2728.500
2729.110
2729.710
2730.300
2730.910
2731.500
2732.110
2732.690
2733.290
2733.900
2734.500
2735.120
2735.720
2736.330
2736.980
2737.570
2738.210
2738.830
2739.460
2740.080
2740.670
2741.260
2741.840
2742.430
2743.010
2743.590
2744.180
2744.770
2745.350
2745.920
2746.480
2747.030
2747.410
2747.770
2748.160
2748.540
2748.930
2749.300
2749.680
2750.050
2750.430
2750.830
2751.210
2751.590
2751.960
2752.330
2752.720
2753.110
2753.480
2753.860
2754.240
2754.620
2755.010
2755.420
2755.800
2756.180
2756.570
2756.950
2757.330
2757.710
2758.080
2758.460
2758.820
2759.200
2759.580
2759.960
2760.330
2760.720
2761.090
2761.470
2761.850
2762.210
2762.590
2762.960
2763.340
2763.710
2764.100
2764.480
2764.840
2765.200
2765.580
2765.960
2766.340
2766.710
2767.080
2767.480
2767.860
2768.230
2768.610
2768.990
2769.350
2769.740
2770.120
2770.500
2770.880
2771.260
2771.640
2772.010
2772.400
2772.770
2773.170
2773.550
2773.930
2774.310
2774.690
2775.070
2775.440
2775.810
2776.200
2776.580
2776.960
2777.340
2777.710
2778.100
2778.460
2778.840
2779.210
2779.580
2779.970
2780.350
2780.720
2781.100
2781.490
2781.880
2782.260
2782.640
2783.010
2783.380
2783.750
2784.130
2784.490
2784.860
2785.240
2785.600
2786.000
2786.360
2786.740
2787.110
2787.480
2787.860
2788.220
2788.600
2788.970
2789.350
2789.710
2790.080
2790.420
2790.780
2791.160
2791.520
2791.900
2792.260
2792.630
2792.990
2793.350
2793.720
2794.090
2794.460
2794.830
2795.190
2795.550
2795.930
2796.290
2796.660
2797.030
2797.420
2797.790
2798.140
2798.530
2798.900
2799.270
2799.620
2800.010
2800.380
2800.750
2801.110
2801.460
2801.820
2802.180
2802.550
2802.920
2803.290
2803.660
2804.030
2804.410
2804.780
2805.150
2805.530
2805.900
2806.270
2806.640
2807.000
2807.370
2807.740
2808.110
2808.480
2808.860
2809.220
2809.600
2809.980
2810.350
2810.730
2811.080
2811.460
2811.850
2812.260
2812.640
2813.020
2813.400
2813.770
2814.140
2814.510
2814.900
2815.270
2815.640
2816.000
2816.370
2816.740
2817.110
2817.470
2817.860
2818.220
2818.590
2818.950
2819.310
2819.670
2820.030
2820.400
2820.770
2821.120
2821.490
2821.870
2822.250
2822.600
2822.980
2823.360
2823.720
2824.090
2824.460
2824.840
2825.200
2825.570
2825.940
2826.300
2826.660
2827.020
2827.400
2827.750
2828.120
2828.480
2828.850
2829.230
2829.590
2829.950
2830.330
2830.700
2831.060
2831.440
2831.800
2832.170
2832.530
2832.890
2833.270
2833.630
2834.000
2834.360
2834.740
2835.110
2835.470
2835.850
2836.220
2836.590
2836.960
2837.320
2837.670
2838.050
2838.420
2838.800
2839.150
2839.530
2839.890
2840.270
2840.620
2840.980
2841.360
2841.720
2842.080
2842.450
2842.810
2843.170
2843.520
2843.880
2844.270
2844.630
2845.000
2845.370
2845.730
2846.100
2846.470
2846.830
2847.190
2847.550
2847.920
2848.300
2848.660
2849.020
2849.390
2849.750
2850.110
2850.500
2850.860
2851.240
2851.610
2852.000
2852.370
2852.740
2853.100
2853.480
2853.840
2854.210
2854.570
2854.950
2855.300
2855.670
2856.020
2856.390
2856.760
2857.130
2857.500
2857.860
2858.210
2858.570
2858.920
2859.290
2859.650
2860.020
2860.390
2860.760
2861.120
2861.490
2861.850
2862.210
2862.560
2862.930
2863.300
2863.660
2864.030
2864.390
2864.740
2865.100
2865.470
2865.840
2866.210
2866.570
2866.940
2867.310
2867.700
2868.060
2868.440
2868.810
2869.180
2869.550
2869.920
2870.290
2870.660
2871.020
2871.400
2871.760
2872.130
2872.490
2872.860
2873.230
2873.610
2873.980
2874.360
2874.720
2875.080
2875.460
2875.820
2876.200
2876.570
2876.940
2877.310
2877.680
2878.050
2878.410
2878.780
2879.150
2879.520
2879.900
2880.260
2880.610
2880.970
2881.320
2881.710
2882.080
2882.450
2882.820
2883.180
2883.550
2883.920
2884.290
2884.660
2885.020
2885.410
2885.770
2886.140
2886.500
2886.890
2887.260
2887.620
2888.000
2888.370
2888.730
2889.090
2889.470
2889.850
2890.220
2890.600
2890.980
2891.370
2891.750
2892.120
2892.490
2892.870
2893.240
2893.620
2893.980
2894.370
2894.760
2895.120
2895.510
2895.880
2896.250
2896.630
2897.010
2897.390
2897.770
2898.150
2898.530
2898.900
2899.290
2899.650
2900.010
2900.380
2900.770
2901.140
2901.510
2901.880
2902.240
2902.600
2902.970
2903.350
2903.730
2904.100
2904.460
2904.830
2905.210
2905.610
2906.010
2906.390
2906.790
2907.170
2907.560
2907.950
2908.330
2908.710
2909.100
2909.490
2909.880
2910.260
2910.660
2911.040
2911.440
2911.840
2912.230
2912.600
2913.000
2913.390
2913.780
2914.180
2914.560
2914.950
2915.350
2915.730
2916.130
2916.520
2916.910
2917.300
2917.690
2918.080
2918.460
2918.850
2919.240
2919.630
2920.010
2920.400
2920.780
2921.170
2921.560
2921.930
2922.330
2922.720
2923.110
2923.510
2923.900
2924.290
2924.680
2925.060
2925.450
2925.840
2926.240
2926.630
2927.030
2927.420
2927.810
2928.200
2928.590
2928.990
2929.380
2929.770
2930.160
2930.560
2930.950
2931.330
2931.730
2932.120
2932.510
2932.900
2933.290
2933.670
2934.060
2934.450
2934.840
2935.240
2935.630
2936.020
2936.420
2936.820
2937.240
2937.640
2938.030
2938.430
2938.820
2939.220
2939.590
2939.980
2940.370
2940.770
2941.160
2941.560
2941.940
2942.340
2942.730
2943.120
2943.500
2943.890
2944.280
2944.670
2945.080
2945.460
2945.850
2946.240
2946.640
2947.020
2947.420
2947.800
2948.190
2948.590
2948.980
2949.360
2949.740
2950.140
2950.530
2950.920
2951.320
2951.710
2952.110
2952.490
2952.890
2953.280
2953.670
2954.060
2954.450
2954.840
2955.230
2955.620
2956.010
2956.410
2956.800
2957.200
2957.600
2957.990
2958.370
2958.750
2959.150
2959.540
2959.940
2960.330
2960.710
2961.090
2961.510
2961.900
2962.290
2962.690
2963.080
2963.470
2963.870
2964.270
2964.660
2965.060
2965.470
2965.870
2966.260
2966.650
2967.050
2967.450
2967.860
2968.250
2968.660
2969.060
2969.450
2969.840
2970.240
2970.620
2971.020
2971.410
2971.800
2972.190
2972.580
2972.960
2973.360
2973.750
2974.150
2974.540
2974.940
2975.330
2975.730
2976.110
2976.520
2976.910
2977.300
2977.700
2978.100
2978.490
2978.880
2979.270
2979.670
2980.050
2980.450
2980.840
2981.240
2981.630
2982.030
2982.420
2982.820
2983.210
2983.610
2984.000
2984.380
2984.770
2985.180
2985.560
2985.950
2986.340
2986.730
2987.130
2987.520
2987.910
2988.290
2988.690
2989.090
2989.480
2989.870
2990.280
2990.680
2991.070
2991.470
2991.890
2992.320
2992.740
2993.150
2993.540
2993.950
2994.340
2994.730
2995.130
2995.520
2995.920
2996.310
2996.710
2997.110
2997.510
2997.900
2998.290
2998.690
2999.080
2999.480
2999.870
3000.260
3000.670
3001.070
3001.460
3001.860
3002.260
3002.650
3003.050
3003.430
3003.820
3004.220
3004.620
3005.010
3005.410
3005.810
3006.210
3006.610
3007.010
3007.400
3007.800
3008.200
3008.590
3008.990
3009.370
3009.760
3010.150
3010.550
3010.940
3011.330
3011.730
3012.120
3012.520
3012.920
3013.310
3013.700
3014.090
3014.480
3014.870
3015.260
3015.660
3016.050
3016.440
3016.840
3017.230
3017.640
3018.030
3018.420
3018.810
3019.200
3019.600
3019.990
3020.380
3020.760
3021.150
3021.530
3021.920
3022.310
3022.690
3023.080
3023.460
3023.850
3024.240
3024.620
3025.010
3025.410
3025.790
3026.180
3026.560
3026.950
3027.330
3027.710
3028.080
3028.470
3028.860
3029.240
3029.620
3030.010
3030.390
3030.780
3031.170
3031.550
3031.930
3032.310
3032.700
3033.080
3033.470
3033.860
3034.240
3034.630
3035.010
3035.390
3035.770
3036.150
3036.550
3036.930
3037.310
3037.690
3038.080
3038.460
3038.850
3039.230
3039.630
3040.010
3040.400
3040.790
3041.170
3041.550
3041.940
3042.310
3042.720
3043.130
3043.510
3043.900
3044.290
3044.670
3045.060
3045.450
3045.870
3046.320
3046.800
3047.280
3047.860
3048.470
3049.030
3049.630
3050.210
3050.770
3051.350
3051.960
3052.580
3053.160
3053.800
3054.430
3055.080
3055.700
3056.310
3056.970
3057.570
3058.240
3058.940
3059.640
3060.290
3060.990
3061.670
3062.380
3063.070
3063.800
3064.470
3065.190
3065.900
3066.600
3067.280
3067.990
3068.690
3069.410
3070.090
3070.810
3071.500
3072.220
3072.890
3073.600
3074.320
3075.030
3075.700
3076.430
3077.150
3077.840
3078.550
3079.270
3079.970
3080.730
3081.410
3082.170
3082.890
3083.640
3084.370
3085.090
3085.790
3086.530
3087.260
3087.990
3088.720
3089.430
3090.140
3090.890
3091.590
3092.350
3093.050
3093.800
3094.490
3095.230
3095.950
3096.690
3097.400
3098.150
3098.880
3099.580
3100.320
3101.050
3101.730
3102.460
3103.170
3103.920
3104.670
3105.400
3106.100
3106.860
3107.560
3108.300
3108.980
3109.720
3110.460
3111.180
3111.860
3112.600
3113.300
3114.060
3114.740
3115.490
3116.190
3116.900
3117.560
3118.290
3118.990
3119.750
3120.450
3121.190
3121.880
3122.610
3123.330
3124.050
3124.790
3125.550
3126.250
3127.000
3127.730
3128.460
3129.160
3129.940
3130.680
3131.420
3132.120
3132.890
3133.600
3134.380
3135.100
3135.840
3136.560
3137.310
3138.060
3138.770
3139.480
3140.200
3140.930
3141.700
3142.430
3143.150
3143.910
3144.650
3145.370
3146.120
3146.820
3147.550
3148.320
3149.080
3149.830
3150.550
3151.290
3152.020
3152.800
3153.580
3154.320
3155.060
3155.810
3156.570
3157.340
3158.070
3158.820
3159.580
3160.270
3161.020
3161.760
3162.510
3163.260
3164.010
3164.770
3165.490
3166.240
3167.000
3167.780
3168.490
3169.220
3169.940
3170.650
3171.400
3172.110
3172.840
3173.600
3174.360
3175.100
3175.830
3176.580
3177.360
3178.090
3178.850
3179.560
3180.320
3181.080
3181.840
3182.600
3183.320
3184.050
3184.800
3185.520
3186.300
3187.040
3187.780
3188.560
3189.310
3190.030
3190.770
3191.510
3192.250
3193.000
3193.720
3194.490
3195.240
3195.960
3196.700
3197.440
3198.210
3198.940
3199.710
3200.460
3201.200
3201.940
3202.710
3203.460
3204.210
3204.970
3205.710
3206.450
3207.190
3207.940
3208.690
3209.420
3210.170
3210.920
3211.670
3212.400
3213.130
3213.880
3214.630
3215.370
3216.130
3216.860
3217.640
3218.370
3219.120
3219.860
3220.650
3221.380
3222.150
3222.890
3223.680
3224.420
3225.190
3225.920
3226.690
3227.430
3228.170
3228.910
3229.680
3230.410
3231.150
3231.910
3232.650
3233.400
3234.140
3234.900
3235.650
3236.420
3237.150
3237.940
3238.670
3239.400
3240.130
3240.890
3241.590
3242.360
3243.050
3243.800
3244.550
3245.290
3246.030
3246.730
3247.530
3248.310
3249.130
3249.900
3250.710
3251.480
3252.300
3253.060
3253.850
3254.620
3255.360
3256.140
3256.910
3257.680
3258.430
3259.200
3259.940
3260.700
3261.470
3262.230
3262.990
3263.740
3264.500
3265.260
3266.000
3266.760
3267.510
3268.280
3269.020
3269.770
3270.520
3271.270
3272.030
3272.790
3273.550
3274.310
3275.060
3275.840
3276.570
3277.310
3278.070
3278.830
3279.590
3280.360
3281.100
3281.870
3282.610
3283.360
3284.100
3284.860
3285.600
3286.340
3287.100
3287.870
3288.610
3289.350
3290.090
3290.840
3291.600
3292.350
3293.100
3293.860
3294.590
3295.340
3296.080
3296.830
3297.600
3298.350
3299.120
3299.860
3300.620
3301.360
3302.130
3302.900
3303.670
3304.440
3305.200
3305.970
3306.720
3307.460
3308.230
3309.000
3309.680
3310.110
3310.500
3310.880
3311.260
3311.640
3312.010
3312.390
3312.760
3313.130
3313.490
3313.860
3314.240
3314.600
3314.990
3315.370
3315.760
3316.130
3316.510
3316.880
3317.270
3317.650
3318.020
3318.400
3318.790
3319.160
3319.540
3319.900
3320.280
3320.660
3321.030
3321.410
3321.800
3322.160
3322.540
3322.900
3323.290
3323.640
3324.030
3324.400
3324.770
3325.130
3325.510
3325.880
3326.260
3326.640
3327.020
3327.390
3327.770
3328.150
3328.540
3328.910
3329.280
3329.660
3330.020
3330.400
3330.760
3331.120
3331.500
3331.900
3332.270
3332.650
3333.040
3333.410
3333.790
3334.180
3334.550
3334.920
3335.280
3335.640
3336.010
3336.380
3336.760
3337.130
3337.490
3337.880
3338.250
3338.620
3339.020
3339.400
3339.780
3340.160
3340.530
3340.900
3341.290
3341.670
3342.050
3342.410
3342.790
3343.160
3343.560
3343.910
3344.290
3344.660
3345.030
3345.400
3345.780
3346.150
3346.530
3346.900
3347.300
3347.670
3348.040
3348.400
3348.760
3349.140
3349.510
3349.890
3350.270
3350.640
3351.030
3351.410
3351.780
3352.150
3352.540
3352.930
3353.310
3353.680
3354.060
3354.430
3354.830
3355.200
3355.570
3355.960
3356.330
3356.720
3357.110
3357.480
3357.850
3358.230
3358.610
3358.980
3359.340
3359.730
3360.100
3360.490
3360.850
3361.230
3361.610
3361.980
3362.350
3362.720
3363.100
3363.470
3363.850
3364.220
3364.590
3364.980
3365.360
3365.730
3366.110
3366.480
3366.850
3367.220
3367.590
3367.960
3368.340
3368.720
3369.100
3369.480
3369.850
3370.230
3370.610
3370.970
3371.340
3371.720
3372.090
3372.460
3372.820
3373.180
3373.550
3373.920
3374.290
3374.670
3375.040
3375.420
3375.790
3376.170
3376.550
3376.930
3377.300
3377.680
3378.060
3378.430
3378.790
3379.170
3379.540
3379.900
3380.270
3380.640
3381.000
3381.390
3381.760
3382.120
3382.470
3382.850
3383.220
3383.590
3383.970
3384.330
3384.690
3385.070
3385.440
3385.800
3386.190
3386.560
3386.940
3387.320
3387.690
3388.070
3388.420
3388.810
3389.180
3389.550
3389.920
3390.310
3390.690
3391.070
3391.440
3391.820
3392.180
3392.560
3392.930
3393.290
3393.670
3394.040
3394.410
3394.790
3395.160
3395.530
3395.900
3396.260
3396.630
3397.010
3397.380
3397.770
3398.160
3398.530
3398.910
3399.290
3399.660
3400.030
3400.400
3400.780
3401.150
3401.540
3401.910
3402.290
3402.660
3403.030
3403.400
3403.770
3404.150
3404.550
3404.920
3405.310
3405.670
3406.050
3406.420
3406.780
3407.160
3407.520
3407.920
3408.290
3408.670
3409.030
3409.400
3409.770
3410.150
3410.510
3410.860
3411.220
3411.580
3411.950
3412.310
3412.650
3413.030
3413.390
3413.750
3414.110
3414.470
3414.810
3415.170
3415.530
3415.900
3416.260
3416.620
3416.980
3417.340
3417.700
3418.060
3418.420
3418.780
3419.140
3419.500
3419.850
3420.220
3420.590
3420.970
3421.330
3421.690
3422.070
3422.430
3422.780
3423.150
3423.490
3423.870
3424.230
3424.590
3424.940
3425.310
3425.660
3426.020
3426.390
3426.780
3427.150
3427.520
3427.890
3428.240
3428.620
3428.970
3429.340
3429.690
3430.070
3430.420
3430.780
3431.150
3431.510
3431.870
3432.240
3432.600
3432.970
3433.330
3433.700
3434.060
3434.420
3434.780
3435.130
3435.500
3435.850
3436.200
3436.570
3436.930
3437.290
3437.660
3438.010
3438.370
3438.740
3439.100
3439.460
3439.820
3440.170
3440.540
3440.900
3441.250
3441.610
3441.970
3442.310
3442.680
3443.040
3443.390
3443.750
3444.100
3444.460
3444.820
3445.180
3445.530
3445.890
3446.260
3446.610
3446.970
3447.340
3447.680
3448.050
3448.400
3448.760
3449.130
3449.490
3449.850
3450.210
3450.580
3450.960
3451.330
3451.710
3452.070
3452.420
3452.790
3453.160
3453.510
3453.860
3454.240
3454.590
3454.950
3455.300
3455.660
3456.020
3456.380
3456.740
3457.090
3457.470
3457.830
3458.190
3458.540
3458.900
3459.270
3459.630
3459.990
3460.350
3460.710
3461.050
3461.410
3461.790
3462.170
3462.540
3462.890
3463.250
3463.620
3463.970
3464.320
3464.680
3465.030
3465.380
3465.740
3466.100
3466.460
3466.800
3467.160
3467.510
3467.870
3468.230
3468.580
3468.940
3469.290
3469.660
3470.010
3470.370
3470.730
3471.080
3471.430
3471.780
3472.130
3472.490
3472.850
3473.220
3473.590
3473.990
3474.370
3474.720
3475.090
3475.440
3475.790
3476.140
3476.500
3476.850
3477.220
3477.570
3477.930
3478.280
3478.640
3478.990
3479.330
3479.700
3480.070
3480.410
3480.770
3481.120
3481.480
3481.830
3482.190
3482.530
3482.880
3483.230
3483.570
3483.920
3484.240
3484.590
3484.950
3485.300
3485.660
3486.010
3486.370
3486.720
3487.080
3487.440
3487.790
3488.150
3488.510
3488.860
3489.210
3489.560
3489.920
3490.270
3490.630
3490.990
3491.350
3491.710
3492.050
3492.410
3492.760
3493.120
3493.480
3493.830
3494.180
3494.540
3494.890
3495.240
3495.600
3495.930
3496.290
3496.640
3496.990
3497.330
3497.680
3498.030
3498.380
3498.760
3499.130
3499.500
3499.850
3500.210
3500.580
3500.930
3501.280
3501.640
3501.990
3502.340
3502.710
3503.070
3503.430
3503.770
3504.120
3504.470
3504.830
3505.180
3505.540
3505.890
3506.270
3506.620
3506.980
3507.320
3507.680
3508.030
3508.380
3508.750
3509.120
3509.460
3509.810
3510.150
3510.520
3510.880
3511.240
3511.590
3511.930
3512.290
3512.640
3512.990
3513.340
3513.700
3514.060
3514.410
3514.770
3515.120
3515.480
3515.840
3516.200
3516.550
3516.910
3517.260
3517.640
3517.990
3518.350
3518.700
3519.050
3519.400
3519.760
3520.110
3520.460
3520.810
3521.170
3521.530
3521.920
3522.280
3522.660
3523.020
3523.370
3523.730
3524.090
3524.450
3524.790
3525.150
3525.500
3525.850
3526.210
3526.560
3526.900
3527.250
3527.590
3527.940
3528.280
3528.620
3528.960
3529.300
3529.650
3529.960
3530.300
3530.630
3530.950
3531.310
3531.650
3531.990
3532.310
3532.670
3533.030
3533.380
3533.720
3534.080
3534.430
3534.770
3535.120
3535.450
3535.800
3536.160
3536.510
3536.870
3537.220
3537.560
3537.920
3538.260
3538.610
3538.960
3539.300
3539.650
3540.030
3540.380
3540.730
3541.080
3541.430
3541.780
3542.130
3542.460
3542.820
3543.160
3543.510
3543.870
3544.220
3544.580
3544.910
3545.250
3545.590
3545.940
3546.310
3546.680
3547.030
3547.390
3547.760
3548.110
3548.480
3548.820
3549.170
3549.520
3549.880
3550.220
3550.580
3550.930
3551.270
3551.620
3551.960
3552.310
3552.670
3553.010
3553.360
3553.710
3554.060
3554.410
3554.760
3555.110
3555.460
3555.810
3556.150
3556.500
3556.840
3557.190
3557.530
3557.880
3558.230
3558.590
3558.940
3559.290
3559.650
3560.000
3560.350
3560.690
3561.040
3561.390
3561.730
3562.060
3562.420
3562.770
3563.120
3563.460
3563.820
3564.170
3564.530
3564.870
3565.230
3565.570
3565.910
3566.260
3566.600
3566.950
3567.300
3567.640
3567.980
3568.330
3568.670
3569.030
3569.410
3569.760
3570.130
3570.470
3570.820
3571.180
3571.530
3571.880
3572.220
3572.570
3572.920
3573.270
3573.610
3573.960
3574.310
3574.650
3575.000
3575.350
3575.700
3576.050
3576.390
3576.740
3577.090
3577.430
3577.770
3578.120
3578.460
3578.820
3579.160
3579.510
3579.850
3580.200
3580.550
3580.910
3581.270
3581.600
3581.970
3582.320
3582.670
3583.010
3583.350
3583.700
3584.060
3584.400
3584.740
3585.100
3585.450
3585.790
3586.160
3586.510
3586.880
3587.220
3587.570
3587.910
3588.270
3588.620
3588.960
3589.300
3589.640
3589.990
3590.340
3590.720
3591.080
3591.420
3591.770
3592.120
3592.460
3592.810
3593.150
3593.490
3593.830
3594.170
3594.500
3594.840
3595.200
3595.540
3595.860
3596.220
3596.540
3596.880
3597.260
3597.670
3598.120
3598.530
3598.960
3599.410
3599.860
3600.300
3600.720
3601.200
3601.640
3602.100
3602.570
3603.050
3603.560
3604.090
3604.630
3605.200
3605.740
3606.270
3606.850
3607.410
3607.970
3608.530
3609.120
3609.690
3610.260
3610.810
3611.390
3611.940
3612.490
3613.100
3613.720
3614.290
3614.920
3615.510
3616.090
3616.680
3617.280
3617.860
3618.450
3619.050
3619.660
3620.270
3620.870
3621.480
3622.090
3622.690
3623.310
3623.910
3624.510
3625.110
3625.710
3626.300
3626.900
3627.490
3628.090
3628.690
3629.310
3629.900
3630.510
3631.130
3631.720
3632.330
3632.940
3633.530
3634.140
3634.740
3635.340
3635.960
3636.550
3637.150
3637.750
3638.340
3638.950
3639.540
3640.150
3640.770
3641.370
3641.980
3642.580
3643.180
3643.800
3644.420
3645.020
3645.620
3646.240
3646.840
3647.450
3648.040
3648.660
3649.250
3649.870
3650.490
3651.080
3651.680
3652.300
3652.910
3653.530
3654.140
3654.750
3655.370
3655.970
3656.580
3657.190
3657.800
3658.410
3659.030
3659.640
3660.250
3660.860
3661.480
3662.080
3662.700
3663.320
3663.940
3664.530
3665.150
3665.760
3666.360
3666.960
3667.600
3668.220
3668.840
3669.450
3670.060
3670.680
3671.310
3671.920
3672.530
3673.130
3673.740
3674.340
3674.960
3675.570
3676.160
3676.760
3677.380
3677.980
3678.590
3679.210
3679.810
3680.420
3681.040
3681.650
3682.270
3682.890
3683.500
3684.110
3684.710
3685.330
3685.940
3686.530
3687.140
3687.750
3688.360
3688.960
3689.580
3690.190
3690.790
3691.400
3692.010
3692.620
3693.230
3693.860
3694.490
3695.100
3695.730
3696.350
3696.960
3697.590
3698.210
3698.820
3699.440
3700.060
3700.690
3701.310
3701.940
3702.540
3703.160
3703.770
3704.390
3705.000
3705.620
3706.230
3706.850
3707.470
3708.100
3708.710
3709.330
3709.940
3710.550
3711.160
3711.780
3712.390
3713.010
3713.600
3714.210
3714.820
3715.440
3716.060
3716.680
3717.290
3717.910
3718.530
3719.150
3719.760
3720.370
3721.000
3721.620
3722.210
3722.850
3723.450
3724.060
3724.680
3725.290
3725.910
3726.540
3727.170
3727.780
3728.400
3729.030
3729.650
3730.260
3730.890
3731.510
3732.150
3732.780
3733.400
3734.010
3734.630
3735.260
3735.880
3736.500
3737.130
3737.750
3738.360
3738.990
3739.610
3740.240
3740.850
3741.470
3742.100
3742.720
3743.320
3743.950
3744.550
3745.180
3745.800
3746.420
3747.050
3747.660
3748.290
3748.900
3749.520
3750.150
3750.770
3751.410
3752.030
3752.650
3753.270
3753.900
3754.510
3755.140
3755.760
3756.380
3757.010
3757.620
3758.260
3758.870
3759.490
3760.110
3760.730
3761.370
3761.990
3762.610
3763.230
3763.860
3764.470
3765.100
3765.720
3766.330
3766.960
3767.580
3768.200
3768.810
3769.440
3770.060
3770.690
3771.310
3771.940
3772.580
3773.200
3773.830
3774.440
3775.040
3775.680
3776.310
3776.950
3777.570
3778.190
3778.820
3779.450
3780.070
3780.710
3781.310
3781.950
3782.560
3783.170
3783.770
3784.400
3785.010
3785.640
3786.240
3786.860
3787.480
3788.110
3788.750
3789.400
3790.040
3790.690
3791.320
3791.940
3792.550
3793.180
3793.810
3794.420
3795.040
3795.650
3796.280
3796.900
3797.500
3798.120
3798.740
3799.360
3799.960
3800.620
3801.230
3801.860
3802.460
3803.080
3803.710
3804.320
3804.940
3805.520
3806.160
3806.780
3807.400
3808.000
3808.580
3809.190
3809.800
3810.390
3810.980
3811.620
3812.370
3813.120
3813.930
3814.690
3815.410
3816.140
3816.900
3817.650
3818.390
3819.120
3819.860
3820.590
3821.330
3822.060
3822.800
3823.530
3824.250
3825.010
3825.760
3826.480
3827.230
3827.970
3828.700
3829.420
3830.170
3830.900
3831.650
3832.390
3833.110
3833.890
3834.640
3835.370
3836.120
3836.870
3837.620
3838.360
3839.100
3839.850
3840.590
3841.330
3842.070
3842.800
3843.550
3844.290
3845.030
3845.740
3846.510
3847.270
3848.010
3848.750
3849.490
3850.230
3850.980
3851.700
3852.450
3853.190
3853.940
3854.680
3855.420
3856.160
3856.920
3857.660
3858.400
3859.140
3859.870
3860.610
3861.350
3862.100
3862.840
3863.590
3864.320
3865.060
3865.800
3866.520
3867.270
3868.000
3868.750
3869.460
3870.190
3870.930
3871.660
3872.380
3873.120
3873.850
3874.590
3875.300
3876.040
3876.760
3877.490
3878.250
3878.990
3879.720
3880.420
3881.170
3881.920
3882.650
3883.400
3884.140
3884.860
3885.610
3886.350
3887.090
3887.830
3888.560
3889.290
3890.040
3890.780
3891.520
3892.260
3892.980
3893.740
3894.470
3895.210
3895.950
3896.720
3897.440
3898.170
3898.910
3899.640
3900.370
3901.120
3901.830
3902.590
3903.320
3904.060
3904.780
3905.510
3906.250
3906.980
3907.720
3908.470
3909.210
3909.950
3910.650
3911.410
3912.160
3912.900
3913.650
3914.350
3915.090
3915.840
3916.590
3917.330
3918.060
3918.790
3919.510
3920.270
3921.000
3921.730
3922.460
3923.170
3923.920
3924.650
3925.420
3926.130
3926.870
3927.570
3928.330
3929.070
3929.810
3930.570
3931.280
3932.040
3932.770
3933.550
3934.270
3935.020
3935.750
3936.490
3937.230
3937.980
3938.750
3939.480
3940.260
3940.990
3941.740
3942.470
3943.270
3944.030
3944.760
3945.500
3946.250
3946.960
3947.690
3948.460
3949.190
3949.950
3950.690
3951.460
3952.220
3952.950
3953.710
3954.450
3955.200
3955.980
3956.740
3957.500
3958.270
3959.040
3959.790
3960.530
3961.290
3962.040
3962.790
3963.510
3964.280
3965.030
3965.780
3966.540
3967.260
3968.020
3968.760
3969.510
3970.250
3971.010
3971.770
3972.510
3973.260
3974.030
3974.750
3975.490
3976.210
3976.920
3977.630
3978.380
3979.120
3979.870
3980.660
3981.410
3982.140
3982.860
3983.570
3984.260
3985.010
3985.680
3986.380
3987.110
3987.840
3988.530
3989.210
3989.920
3990.580
3991.270
3991.940
3992.600
3993.280
3993.950
3994.620
3995.310
3995.970
3996.630
3997.300
3997.970
3998.650
3999.320
4000.010
4000.690
4001.390
4002.070
4002.760
4003.450
4004.150
4004.820
4005.510
4006.200
4006.890
4007.560
4008.250
4008.950
4009.630
4010.330
4011.010
4011.690
4012.370
4013.030
4013.690
4014.390
4015.040
4015.720
4016.400
4017.060
4017.710
4018.370
4019.040
4019.710
4020.410
4021.110
4021.790
4022.480
4023.170
4023.840
4024.500
4025.190
4025.860
4026.540
4027.210
4027.910
4028.600
4029.270
4029.960
4030.640
4031.340
4032.050
4032.740
4033.450
4034.150
4034.860
4035.570
4036.270
4036.960
4037.670
4038.360
4039.070
4039.750
4040.430
4041.110
4041.780
4042.470
4043.150
4043.830
4044.500
4045.180
4045.830
4046.520
4047.180
4047.850
4048.530
4049.190
4049.850
4050.550
4051.230
4051.930
4052.620
4053.290
4053.990
4054.670
4055.360
4056.030
4056.720
4057.400
4058.100
4058.790
4059.470
4060.170
4060.850
4061.500
4062.180
4062.860
4063.530
4064.210
4064.890
4065.570
4066.240
4066.910
4067.570
4068.240
4068.900
4069.590
4070.260
4070.940
4071.610
4072.300
4072.980
4073.670
4074.350
4075.050
4075.730
4076.420
4077.110
4077.790
4078.490
4079.190
4079.880
4080.570
4081.260
4081.930
4082.600
4083.290
4083.980
4084.670
4085.330
4086.010
4086.690
4087.370
4088.040
4088.710
4089.390
4090.050
4090.720
4091.400
4092.080
4092.760
4093.430
4094.100
4094.810
4095.500
4096.170
4096.830
4097.520
4098.210
4098.890
4099.550
4100.230
4100.920
4101.600
4102.280
4102.970
4103.660
4104.340
4105.020
4105.730
4106.410
4107.090
4107.720
4108.400
4109.090
4109.740
4110.410
4111.080
4111.770
4112.440
4113.110
4113.790
4114.470
4115.120
4115.820
4116.480
4117.160
4117.810
4118.500
4119.190
4119.860
4120.540
4121.220
4121.910
4122.580
4123.250
4123.970
4124.680
4125.370
4126.060
4126.760
4127.460
4128.130
4128.800
4129.490
4130.170
4130.860
4131.550
4132.240
4132.910
4133.640
4134.320
4134.870
4135.420
4135.950
4136.490
4137.040
4137.610
4138.150
4138.670
4139.230
4139.760
4140.280
4140.830
4141.370
4141.910
4142.450
4142.990
4143.530
4144.090
4144.630
4145.190
4145.720
4146.250
4146.800
4147.350
4147.890
4148.440
4148.970
4149.520
4150.090
4150.630
4151.160
4151.700
4152.230
4152.740
4153.260
4153.750
4154.280
4154.790
4155.310
4155.840
4156.390
4156.920
4157.470
4158.020
4158.550
4159.110
4159.660
4160.210
4160.760
4161.300
4161.860
4162.410
4162.970
4163.520
4164.070
4164.610
4165.150
4165.700
4166.230
4166.780
4167.320
4167.860
4168.400
4168.960
4169.510
4170.050
4170.610
4171.150
4171.700
4172.240
4172.790
4173.340
4173.880
4174.420
4174.970
4175.510
4176.050
4176.590
4177.130
4177.680
4178.240
4178.790
4179.330
4179.890
4180.430
4180.980
4181.530
4182.080
4182.630
4183.190
4183.730
4184.280
4184.840
4185.390
4185.940
4186.500
4187.060
4187.620
4188.180
4188.730
4189.280
4189.830
4190.400
4190.950
4191.480
4192.040
4192.580
4193.130
4193.670
4194.220
4194.770
4195.330
4195.880
4196.430
4196.980
4197.540
4198.090
4198.650
4199.200
4199.740
4200.280
4200.840
4201.390
4201.950
4202.480
4203.040
4203.600
4204.160
4204.710
4205.250
4205.800
4206.360
4206.910
4207.450
4208.010
4208.570
4209.120
4209.680
4210.220
4210.780
4211.310
4211.850
4212.400
4212.940
4213.490
4214.040
4214.590
4215.140
4215.700
4216.260
4216.790
4217.350
4217.890
4218.450
4218.990
4219.550
4220.100
4220.660
4221.180
4221.740
4222.270
4222.800
4223.350
4223.870
4224.420
4224.950
4225.490
4226.030
4226.570
4227.130
4227.680
4228.220
4228.770
4229.320
4229.880
4230.450
4231.010
4231.570
4232.130
4232.700
4233.260
4233.820
4234.380
4234.940
4235.500
4236.060
4236.600
4237.150
4237.700
4238.250
4238.800
4239.360
4239.920
4240.480
4241.030
4241.580
4242.140
4242.690
4243.260
4243.820
4244.390
4244.950
4245.500
4246.060
4246.610
4247.170
4247.720
4248.290
4248.840
4249.410
4249.980
4250.550
4251.100
4251.660
4252.230
4252.800
4253.370
4253.930
4254.480
4255.040
4255.590
4256.150
4256.710
4257.250
4257.800
4258.330
4258.880
4259.420
4259.970
4260.520
4261.080
4261.640
4262.210
4262.770
4263.320
4263.880
4264.440
4265.000
4265.550
4266.110
4266.680
4267.240
4267.790
4268.360
4268.910
4269.470
4270.030
4270.590
4271.150
4271.720
4272.270
4272.850
4273.400
4273.960
4274.530
4275.090
4275.650
4276.210
4276.780
4277.340
4277.910
4278.470
4279.040
4279.600
4280.160
4280.720
4281.280
4281.830
4282.400
4282.940
4283.500
4284.070
4284.610
4285.180
4285.740
4286.300
4286.860
4287.410
4287.980
4288.540
4289.080
4289.660
4290.210
4290.770
4291.330
4291.880
4292.430
4292.990
4293.540
4294.100
4294.670
4295.210
4295.740
4296.310
4296.860
4297.430
4297.980
4298.540
4299.110
4299.660
4300.200
4300.770
4301.330
4301.900
4302.480
4303.030
4303.600
4304.160
4304.710
4305.270
4305.830
4306.400
4306.960
4307.510
4308.060
4308.610
4309.160
4309.710
4310.280
4310.830
4311.400
4311.960
4312.510
4313.060
4313.610
4314.170
4314.730
4315.280
4315.850
4316.410
4316.980
4317.530
4318.090
4318.650
4319.220
4319.780
4320.340
4320.900
4321.470
4322.020
4322.600
4323.170
4323.730
4324.290
4324.850
4325.410
4325.970
4326.520
4327.090
4327.650
4328.200
4328.750
4329.300
4329.870
4330.420
4331.000
4331.550
4332.110
4332.660
4333.220
4333.780
4334.330
4334.890
4335.500
4336.120
4336.770
4337.370
4338.000
4338.640
4339.290
4339.930
4340.570
4341.210
4341.880
4342.510
4343.150
4343.790
4344.420
4345.100
4345.730
4346.400
4347.060
4347.720
4348.360
4348.970
4349.620
4350.240
4350.890
4351.530
4352.160
4352.810
4353.450
4354.090
4354.730
4355.360
4356.000
4356.640
4357.300
4357.960
4358.570
4359.210
4359.840
4360.480
4361.100
4361.720
4362.350
4362.970
4363.600
4364.260
4364.890
4365.530
4366.150
4366.810
4367.490
4368.130
4368.790
4369.420
4370.090
4370.700
4371.360
4372.010
4372.620
4373.280
4373.910
4374.540
4375.160
4375.790
4376.430
4377.080
4377.720
4378.350
4379.000
4379.620
4380.230
4380.890
4381.500
4382.140
4382.760
4383.390
4384.010
4384.620
4385.260
4385.910
4386.540
4387.160
4387.800
4388.440
4389.090
4389.710
4390.340
4391.010
4391.620
4392.280
4392.900
4393.550
4394.200
4394.880
4395.510
4396.120
4396.770
4397.380
4398.030
4398.700
4399.320
4399.990
4400.660
4401.310
4401.950
4402.590
4403.230
4403.900
4404.530
4405.160
4405.810
4406.460
4407.090
4407.740
4408.380
4409.040
4409.670
4410.360
4411.050
4411.690
4412.300
4412.940
4413.580
4414.190
4414.810
4415.490
4416.200
4416.870
4417.510
4418.150
4418.800
4419.480
4420.110
4420.810
4421.460
4422.080
4422.710
4423.390
4424.000
4424.690
4425.320
4425.940
4426.570
4427.220
4427.850
4428.500
4429.140
4429.800
4430.440
4431.100
4431.750
4432.400
4433.020
4433.680
4434.330
4434.970
4435.600
4436.280
4436.920
4437.570
4438.210
4438.850
4439.490
4440.140
4440.790
4441.420
4442.110
4442.760
4443.390
4444.030
4444.670
4445.310
4445.950
4446.630
4447.260
4447.920
4448.580
4449.230
4449.870
4450.530
4451.180
4451.850
4452.500
4453.170
4453.820
4454.490
4455.150
4455.810
4456.480
4457.150
4457.790
4458.430
4459.090
4459.750
4460.410
4461.080
4461.760
4462.410
4463.080
4463.750
4464.420
4465.080
4465.740
4466.410
4467.080
4467.720
4468.400
4469.060
4469.710
4470.370
4471.030
4471.670
4472.340
4472.980
4473.620
4474.290
4474.940
4475.590
4476.240
4476.900
4477.540
4478.190
4478.820
4479.490
4480.090
4480.740
4481.390
4482.050
4482.700
4483.340
4484.000
4484.690
4485.350
4486.000
4486.640
4487.320
4487.980
4488.620
4489.270
4489.910
4490.540
4491.180
4491.860
4492.520
4493.180
4493.830
4494.500
4495.160
4495.820
4496.470
4497.160
4497.830
4498.500
4499.180
4499.830
4500.480
4501.120
4501.800
4502.430
4503.080
4503.740
4504.370
4505.020
4505.700
4506.330
4506.960
4507.590
4508.250
4508.880
4509.520
4510.180
4510.820
4511.430
4512.100
4512.670
4513.300
4513.870
4514.480
4515.070
4515.640
4516.210
4516.800
4517.410
4518.040
4518.650
4519.240
4519.860
4520.460
4521.040
4521.650
4522.240
4522.870
4523.480
4524.100
4524.740
4525.350
4525.970
4526.600
4527.220
4527.850
4528.460
4529.060
4529.660
4530.280
4530.890
4531.510
4532.100
4532.690
4533.310
4533.940
4534.530
4535.150
4535.750
4536.360
4536.960
4537.570
4538.160
4538.770
4539.360
4539.970
4540.560
4541.170
4541.770
4542.380
4542.990
4543.590
4544.170
4544.770
4545.370
4546.000
4546.590
4547.200
4547.800
4548.400
4548.990
4549.610
4550.200
4550.780
4551.390
4552.010
4552.610
4553.220
4553.830
4554.430
4555.060
4555.690
4556.280
4556.900
4557.490
4558.100
4558.720
4559.310
4559.910
4560.510
4561.120
4561.720
4562.350
4562.990
4563.600
4564.230
4564.870
4565.490
4566.110
4566.700
4567.310
4567.920
4568.530
4569.160
4569.770
4570.370
4570.970
4571.580
4572.220
4572.820
4573.410
4574.040
4574.640
4575.260
4575.860
4576.490
4577.080
4577.710
4578.320
4578.900
4579.520
4580.140
4580.770
4581.400
4581.990
4582.580
4583.180
4583.780
4584.370
4584.960
4585.560
4586.160
4586.760
4587.380
4587.960
4588.570
4589.180
4589.780
4590.360
4590.980
4591.550
4592.170
4592.760
4593.380
4593.970
4594.600
4595.210
4595.790
4596.410
4597.000
4597.610
4598.240
4598.830
4599.430
4600.040
4600.660
4601.270
4601.900
4602.490
4603.090
4603.710
4604.320
4604.920
4605.500
4606.070
4606.620
4607.230
4607.840
4608.440
4609.020
4609.630
4610.230
4610.830
4611.420
4612.010
4612.610
4613.220
4613.820
4614.420
4615.030
4615.610
4616.220
4616.820
4617.420
4618.010
4618.580
4619.180
4619.760
4620.350
4620.930
4621.520
4622.110
4622.710
4623.310
4623.910
4624.500
4625.090
4625.690
4626.310
4626.930
4627.540
4628.120
4628.730
4629.340
4629.930
4630.530
4631.100
4631.700
4632.300
4632.880
4633.470
4634.080
4634.690
4635.280
4635.890
4636.490
4637.130
4637.710
4638.350
4638.930
4639.520
4640.110
4640.720
4641.310
4641.920
4642.510
4643.110
4643.720
4644.350
4644.940
4645.590
4646.210
4646.850
4647.450
4648.090
4648.680
4649.320
4649.910
4650.510
4651.140
4651.760
4652.340
4652.950
4653.560
4654.210
4654.820
4655.430
4656.030
4656.640
4657.250
4657.860
4658.470
4659.070
4659.680
4660.280
4660.870
4661.490
4662.110
4662.720
4663.330
4663.940
4664.540
4665.140
4665.750
4666.360
4666.960
4667.550
4668.170
4668.770
4669.370
4669.960
4670.590
4671.190
4671.790
4672.360
4672.980
4673.600
4674.190
4674.830
4675.430
4676.030
4676.640
4677.270
4677.880
4678.480
4679.080
4679.690
4680.310
4680.910
4681.510
4682.110
4682.740
4683.360
4683.970
4684.570
4685.180
4685.810
4686.410
4687.010
4687.610
4688.210
4688.820
4689.450
4690.050
4690.640
4691.250
4691.870
4692.460
4693.060
4693.700
4694.300
4694.860
4695.430
4696.040
4696.620
4697.170
4697.770
4698.380
4698.990
4699.630
4700.240
4700.850
4701.440
4702.060
4702.640
4703.230
4703.820
4704.390
4704.980
4705.550
4706.150
4706.740
4707.330
4707.920
4708.510
4709.080
4709.660
4710.260
4710.820
4711.420
4712.020
4712.600
4713.200
4713.760
4714.360
4714.950
4715.540
4716.140
4716.750
4717.330
4717.930
4718.530
4719.130
4719.720
4720.310
4720.920
4721.520
4722.100
4722.690
4723.300
4723.880
4724.490
4725.070
4725.670
4726.270
4726.860
4727.460
4728.040
4728.640
4729.220
4729.790
4730.400
4730.980
4731.580
4732.180
4732.750
4733.340
4733.920
4734.540
4735.120
4735.710
4736.290
4736.900
4737.490
4738.080
4738.670
4739.270
4739.870
4740.440
4741.050
4741.630
4742.200
4742.790
4743.380
4743.970
4744.530
4745.140
4745.740
4746.300
4746.920
4747.500
4748.080
4748.670
4749.280
4749.850
4750.430
4751.010
4751.610
4752.180
4752.760
4753.330
4753.910
4754.500
4755.110
4755.690
4756.270
4756.850
4757.460
4758.040
4758.640
4759.240
4759.810
4760.420
4761.010
4761.580
4762.170
4762.790
4763.370
4763.950
4764.550
4765.150
4765.730
4766.340
4766.930
4767.530
4768.120
4768.730
4769.320
4769.900
4770.480
4771.080
4771.670
4772.270
4772.860
4773.460
4774.040
4774.620
4775.210
4775.810
4776.390
4776.990
4777.580
4778.170
4778.760
4779.360
4779.930
4780.540
4781.140
4781.720
4782.310
4782.910
4783.510
4784.090
4784.680
4785.280
4785.840
4786.420
4787.010
4787.600
4788.190
4788.780
4789.360
4789.960
4790.540
4791.120
4791.690
4792.290
4792.880
4793.450
4794.030
4794.600
4795.190
4795.770
4796.360
4796.950
4797.560
4798.150
4798.750
4799.330
4799.930
4800.530
4801.130
4801.730
4802.310
4802.910
4803.490
4804.070
4804.660
4805.250
4805.850
4806.450
4807.030
4807.620
4808.210
4808.820
4809.420
4810.020
4810.630
4811.240
4811.830
4812.420
4813.020
4813.640
4814.220
4814.810
4815.410
4816.020
4816.620
4817.220
4817.810
4818.410
4819.000
4819.580
4820.180
4820.780
4821.390
4821.990
4822.590
4823.190
4823.790
4824.390
4824.980
4825.590
4826.180
4826.780
4827.380
4827.970
4828.570
4829.180
4829.760
4830.360
4830.950
4831.540
4832.120
4832.710
4833.320
4833.910
4834.510
4835.120
4835.720
4836.300
4836.910
4837.520
4838.120
4838.720
4839.330
4839.920
4840.530
4841.140
4841.740
4842.340
4842.950
4843.560
4844.160
4844.770
4845.390
4846.000
4846.610
4847.220
4847.820
4848.420
4849.020
4849.640
4850.240
4850.860
4851.460
4852.050
4852.660
4853.250
4853.860
4854.470
4855.070
4855.670
4856.280
4856.880
4857.490
4858.090
4858.700
4859.290
4859.900
4860.520
4861.130
4861.750
4862.370
4862.980
4863.580
4864.190
4864.790
4865.420
4866.020
4866.640
4867.240
4867.870
4868.440
4869.060
4869.630
4870.240
4870.820
4871.420
4871.990
4872.590
4873.180
4873.790
4874.370
4875.000
4875.590
4876.200
4876.770
4877.360
4877.970
4878.540
4879.130
4879.710
4880.280
4880.860
4881.430
4882.000
4882.560
4883.130
4883.630
4884.090
4884.520
4884.930
4885.330
4885.750
4886.160
4886.570
4886.990
4887.390
4887.800
4888.200
4888.600
4888.990
4889.410
4889.830
4890.260
4890.670
4891.100
4891.510
4891.940
4892.360
4892.790
4893.210
4893.620
4894.050
4894.480
4894.900
4895.310
4895.730
4896.160
4896.570
4896.990
4897.420
4897.840
4898.260
4898.710
4899.110
4899.540
4899.950
4900.370
4900.800
4901.230
4901.640
4902.070
4902.500
4902.920
4903.340
4903.770
4904.190
4904.620
4905.030
4905.470
4905.890
4906.310
4906.730
4907.150
4907.580
4908.000
4908.420
4908.860
4909.290
4909.710
4910.140
4910.560
4910.990
4911.410
4911.830
4912.260
4912.680
4913.110
4913.540
4913.970
4914.410
4914.830
4915.270
4915.700
4916.120
4916.560
4916.970
4917.400
4917.830
4918.270
4918.690
4919.130
4919.560
4919.990
4920.420
4920.850
4921.270
4921.700
4922.130
4922.550
4922.980
4923.410
4923.840
4924.260
4924.700
4925.120
4925.550
4925.990
4926.410
4926.840
4927.250
4927.680
4928.100
4928.530
4928.950
4929.370
4929.780
4930.220
4930.650
4931.080
4931.510
4931.950
4932.370
4932.810
4933.240
4933.660
4934.090
4934.520
4934.940
4935.370
4935.810
4936.240
4936.660
4937.090
4937.500
4937.920
4938.360
4938.800
4939.230
4939.640
4940.080
4940.520
4940.940
4941.370
4941.800
4942.230
4942.660
4943.090
4943.530
4943.960
4944.390
4944.820
4945.250
4945.680
4946.090
4946.530
4946.960
4947.390
4947.820
4948.250
4948.670
4949.090
4949.520
4949.940
4950.360
4950.770
4951.200
4951.630
4952.050
4952.470
4952.880
4953.300
4953.720
4954.140
4954.570
4954.990
4955.400
4955.830
4956.250
4956.680
4957.110
4957.540
4957.950
4958.380
4958.820
4959.250
4959.670
4960.120
4960.530
4960.970
4961.390
4961.830
4962.250
4962.670
4963.100
4963.530
4963.950
4964.370
4964.800
4965.200
4965.630
4966.060
4966.480
4966.900
4967.330
4967.750
4968.190
4968.620
4969.060
4969.490
4969.920
4970.340
4970.760
4971.200
4971.630
4972.060
4972.490
4972.910
4973.340
4973.780
4974.200
4974.640
4975.070
4975.500
4975.920
4976.350
4976.780
4977.210
4977.640
4978.070
4978.490
4978.920
4979.350
4979.780
4980.190
4980.620
4981.040
4981.470
4981.890
4982.320
4982.740
4983.170
4983.600
4984.040
4984.470
4984.880
4985.310
4985.740
4986.150
4986.580
4986.990
4987.430
4987.830
4988.260
4988.680
4989.110
4989.530
4989.960
4990.380
4990.810
4991.240
4991.670
4992.080
4992.520
4992.940
4993.380
4993.800
4994.210
4994.600
4995.030
4995.430
4995.830
4996.260
4996.690
4997.130
4997.550
4997.960
4998.390
4998.820
4999.250
4999.670
5000.100
5000.520
5000.960
5001.390
5001.820
5002.240
5002.680
5003.110
5003.540
5003.960
5004.400
5004.820
5005.240
5005.670
5006.090
5006.520
5006.970
5007.400
5007.830
5008.240
5008.670
5009.090
5009.500
5009.930
5010.360
5010.800
5011.260
5011.670
5012.110
5012.530
5012.960
5013.400
5013.840
5014.260
5014.690
5015.120
5015.550
5015.970
5016.400
5016.830
5017.260
5017.690
5018.130
5018.560
5018.990
5019.410
5019.850
5020.270
5020.700
5021.120
5021.550
5021.980
5022.420
5022.850
5023.310
5023.740
5024.190
5024.610
5025.030
5025.460
5025.890
5026.300
5026.720
5027.150
5027.570
5027.990
5028.410
5028.830
5029.230
5029.650
5030.080
5030.490
5030.920
5031.350
5031.770
5032.180
5032.620
5033.040
5033.460
5033.900
5034.320
5034.730
5035.170
5035.580
5036.020
5036.440
5036.870
5037.290
5037.720
5038.150
5038.580
5039.010
5039.450
5039.860
5040.280
5040.710
5041.130
5041.550
5041.980
5042.410
5042.830
5043.270
5043.690
5044.110
5044.540
5044.970
5045.410
5045.840
5046.270
5046.700
5047.120
5047.530
5047.950
5048.380
5048.800
5049.230
5049.680
5050.110
5050.540
5050.970
5051.410
5051.850
5052.280
5052.730
5053.230
5053.690
5054.300
5054.910
5055.510
5056.080
5056.710
5057.310
5057.920
5058.550
5059.230
5059.880
5060.500
5061.160
5061.810
5062.460
5063.070
5063.690
5064.330
5064.980
5065.600
5066.190
5066.830
5067.460
5068.110
5068.740
5069.360
5069.960
5070.590
5071.240
5071.880
5072.510
5073.170
5073.770
5074.420
5075.040
5075.660
5076.310
5076.930
5077.570
5078.190
5078.850
5079.460
5080.110
5080.740
5081.400
5082.050
5082.700
5083.340
5083.990
5084.640
5085.290
5085.920
5086.540
5087.200
5087.850
5088.490
5089.120
5089.760
5090.410
5091.060
5091.680
5092.320
5092.960
5093.620
5094.270
5094.910
5095.540
5096.200
5096.820
5097.450
5098.110
5098.760
5099.410
5100.060
5100.710
5101.340
5102.020
5102.670
5103.320
5103.950
5104.600
5105.230
5105.900
5106.550
5107.190
5107.830
5108.460
5109.130
5109.770
5110.420
5111.060
5111.730
5112.370
5113.000
5113.660
5114.300
5114.960
5115.600
5116.240
5116.910
5117.550
5118.190
5118.870
5119.510
5120.140
5120.780
5121.480
5122.100
5122.780
5123.450
5124.100
5124.720
5125.400
5126.060
5126.740
5127.400
5128.020
5128.690
5129.380
5130.040
5130.680
5131.330
5131.980
5132.620
5133.290
5133.910
5134.570
5135.260
5135.920
5136.580
5137.210
5137.880
5138.540
5139.190
5139.870
5140.530
5141.180
5141.830
5142.490
5143.140
5143.780
5144.440
5145.090
5145.780
5146.400
5147.040
5147.700
5148.370
5149.020
5149.680
5150.350
5151.000
5151.670
5152.300
5152.950
5153.600
5154.250
5154.890
5155.530
5156.170
5156.830
5157.480
5158.130
5158.760
5159.400
5160.050
5160.700
5161.380
5162.010
5162.670
5163.340
5163.990
5164.640
5165.260
5165.900
5166.570
5167.200
5167.880
5168.560
5169.240
5169.870
5170.520
5171.160
5171.820
5172.470
5173.110
5173.770
5174.430
5175.090
5175.740
5176.390
5177.040
5177.710
5178.370
5179.020
5179.680
5180.330
5181.010
5181.670
5182.320
5183.000
5183.640
5184.290
5184.950
5185.610
5186.240
5186.890
5187.510
5188.180
5188.810
5189.460
5190.110
5190.780
5191.430
5192.080
5192.740
5193.380
5194.040
5194.700
5195.370
5196.010
5196.680
5197.330
5197.980
5198.650
5199.290
5199.950
5200.620
5201.280
5201.940
5202.610
5203.280
5203.920
5204.600
5205.280
5205.900
5206.600
5207.240
5207.880
5208.520
5209.150
5209.790
5210.450
5211.070
5211.730
5212.350
5213.010
5213.660
5214.310
5214.970
5215.620
5216.260
5216.910
5217.570
5218.210
5218.850
5219.530
5220.180
5220.810
5221.450
5222.120
5222.750
5223.400
5224.040
5224.700
5225.360
5225.990
5226.660
5227.320
5227.970
5228.640
5229.290
5229.940
5230.580
5231.250
5231.910
5232.590
5233.230
5233.900
5234.560
5235.210
5235.870
5236.500
5237.160
5237.800
5238.480
5239.160
5239.820
5240.470
5241.120
5241.770
5242.410
5243.080
5243.730
5244.400
5245.060
5245.710
5246.370
5247.030
5247.680
5248.360
5249.000
5249.660
5250.320
5250.950
5251.540
5252.100
5252.720
5253.280
5253.870
5254.460
5255.060
5255.670
5256.250
5256.820
5257.450
5258.020
5258.650
5259.250
5259.820
5260.420
5261.030
5261.650
5262.270
5262.910
5263.530
5264.150
5264.730
5265.350
5265.980
5266.560
5267.200
5267.800
5268.410
5269.000
5269.640
5270.230
5270.890
5271.500
5272.140
5272.760
5273.410
5274.020
5274.620
5275.260
5275.850
5276.450
5277.070
5277.680
5278.300
5278.890
5279.510
5280.120
5280.730
5281.340
5281.960
5282.560
5283.170
5283.800
5284.400
5285.020
5285.630
5286.210
5286.830
5287.450
5288.050
5288.660
5289.270
5289.860
5290.460
5291.070
5291.690
5292.290
5292.900
5293.510
5294.140
5294.740
5295.380
5295.980
5296.600
5297.200
5297.810
5298.420
5299.070
5299.670
5300.290
5300.920
5301.550
5302.160
5302.780
5303.350
5303.970
5304.570
5305.220
5305.810
5306.450
5307.060
5307.680
5308.290
5308.900
5309.520
5310.150
5310.750
5311.360
5311.980
5312.600
5313.220
5313.830
5314.430
5315.040
5315.640
5316.270
5316.870
5317.480
5318.090
5318.710
5319.320
5319.930
5320.530
5321.160
5321.770
5322.380
5322.990
5323.610
5324.250
5324.850
5325.480
5326.090
5326.680
5327.290
5327.900
5328.550
5329.160
5329.780
5330.390
5331.000
5331.620
5332.240
5332.830
5333.450
5334.050
5334.700
5335.310
5335.950
5336.570
5337.180
5337.790
5338.430
5339.050
5339.700
5340.340
5340.960
5341.590
5342.210
5342.820
5343.450
5344.080
5344.710
5345.340
5345.970
5346.570
5347.190
5347.800
5348.430
5349.050
5349.660
5350.300
5350.920
5351.540
5352.160
5352.770
5353.380
5354.000
5354.630
5355.240
5355.870
5356.490
5357.110
5357.720
5358.330
5358.950
5359.570
5360.190
5360.820
5361.460
5362.070
5362.710
5363.330
5363.920
5364.520
5365.130
5365.770
5366.380
5366.970
5367.580
5368.190
5368.820
5369.450
5370.050
5370.660
5371.280
5371.880
5372.490
5373.110
5373.720
5374.350
5374.970
5375.600
5376.200
5376.830
5377.460
5378.080
5378.680
5379.330
5379.950
5380.550
5381.160
5381.770
5382.360
5382.960
5383.540
5384.140
5384.740
5385.340
5385.920
5386.530
5387.140
5387.740
5388.300
5388.900
5389.510
5390.120
5390.780
5391.410
5392.040
5392.700
5393.310
5393.920
5394.540
5395.160
5395.790
5396.400
5397.030
5397.640
5398.270
5398.920
5399.570
5400.200
5400.820
5401.450
5402.070
5402.700
5403.310
5403.950
5404.570
5405.190
5405.820
5406.460
5407.090
5407.730
5408.350
5408.990
5409.610
5410.230
5410.850
5411.480
5412.090
5412.720
5413.360
5413.970
5414.600
5415.200
5415.820
5416.460
5417.090
5417.710
5418.290
5418.900
5419.510
5420.150
5420.760
5421.360
5421.960
5422.590
5423.200
5423.860
5424.480
5425.100
5425.710
5426.360
5426.960
5427.570
5428.200
5428.840
5429.450
5430.050
5430.550
5431.070
5431.550
5432.030
5432.510
5433.010
5433.490
5433.970
5434.450
5434.940
5435.440
5435.930
5436.430
5436.920
5437.420
5437.920
5438.430
5438.920
5439.420
5439.910
5440.410
5440.890
5441.400
5441.890
5442.390
5442.900
5443.400
5443.900
5444.390
5444.930
5445.430
5445.930
5446.440
5446.940
5447.450
5447.930
5448.450
5448.960
5449.470
5449.990
5450.490
5451.010
5451.520
5452.020
5452.530
5453.040
5453.550
5454.060
5454.570
5455.080
5455.590
5456.070
5456.570
5457.050
5457.560
5458.070
5458.570
5459.050
5459.560
5460.060
5460.580
5461.070
5461.560
5462.060
5462.570
5463.080
5463.570
5464.080
5464.590
5465.080
5465.580
5466.080
5466.580
5467.070
5467.550
5468.030
5468.530
5469.040
5469.530
5470.030
5470.550
5471.040
5471.540
5472.030
5472.530
5473.010
5473.520
5474.020
5474.530
5475.010
5475.540
5476.030
5476.560
5477.050
5477.550
5478.060
5478.570
5479.060
5479.560
5480.080
5480.590
5481.090
5481.560
5482.070
5482.580
5483.060
5483.590
5484.070
5484.580
5485.070
5485.570
5486.070
5486.580
5487.070
5487.570
5488.050
5488.580
5489.060
5489.560
5490.050
5490.560
5491.070
5491.560
5492.060
5492.570
5493.060
5493.540
5494.040
5494.550
5495.060
5495.550
5496.040
5496.550
5497.050
5497.550
5498.030
5498.530
5499.040
5499.550
5500.050
5500.560
5501.060
5501.570
5502.060
5502.570
5503.080
5503.590
5504.090
5504.580
5505.080
5505.590
5506.090
5506.600
5507.100
5507.590
5508.100
5508.600
5509.080
5509.580
5510.080
5510.580
5511.080
5511.590
5512.100
5512.610
5513.130
5513.620
5514.120
5514.630
5515.120
5515.650
5516.140
5516.660
5517.160
5517.660
5518.160
5518.620
5519.110
5519.620
5520.120
5520.630
5521.120
5521.630
5522.120
5522.630
5523.130
5523.640
5524.150
5524.640
5525.140
5525.640
5526.150
5526.660
5527.170
5527.670
5528.190
5528.700
5529.220
5529.720
5530.220
5530.730
5531.220
5531.720
5532.230
5532.750
5533.250
5533.760
5534.270
5534.760
5535.260
5535.760
5536.270
5536.780
5537.270
5537.790
5538.280
5538.770
5539.280
5539.810
5540.320
5540.820
5541.340
5541.830
5542.330
5542.830
5543.320
5543.840
5544.340
5544.860
5545.360
5545.860
5546.380
5546.850
5547.380
5547.850
5548.330
5548.840
5549.340
5549.860
5550.370
5550.870
5551.380
5551.880
5552.380
5552.860
5553.370
5553.890
5554.380
5554.890
5555.400
5555.910
5556.420
5556.930
5557.440
5557.940
5558.440
5558.960
5559.450
5559.950
5560.450
5560.950
5561.450
5561.960
5562.460
5562.970
5563.470
5563.970
5564.490
5565.010
5565.500
5565.990
5566.500
5567.000
5567.510
5568.010
5568.520
5569.010
5569.500
5570.000
5570.490
5570.990
5571.510
5572.020
5572.520
5573.030
5573.540
5574.050
5574.550
5575.060
5575.570
5576.070
5576.580
5577.060
5577.590
5578.070
5578.600
5579.120
5579.610
5580.120
5580.610
5581.120
5581.600
5582.120
5582.620
5583.130
5583.630
5584.150
5584.670
5585.170
5585.690
5586.190
5586.700
5587.190
5587.720
5588.240
5588.750
5589.240
5589.740
5590.240
5590.740
5591.250
5591.760
5592.280
5592.780
5593.280
5593.810
5594.320
5594.830
5595.360
5595.850
5596.400
5596.910
5597.410
5597.940
5598.470
5598.980
5599.470
5599.950
5600.420
5600.890
5601.360
5601.810
5602.280
5602.770
5603.240
5603.710
5604.180
5604.640
5605.110
5605.570
5606.040
5606.510
5606.990
5607.450
5607.950
5608.420
5608.910
5609.360
5609.840
5610.310
5610.790
5611.280
5611.760
5612.240
5612.710
5613.190
5613.680
5614.160
5614.630
5615.110
5615.590
5616.070
5616.530
5617.010
5617.500
5617.970
5618.440
5618.920
5619.390
5619.840
5620.310
5620.780
5621.270
5621.730
5622.220
5622.680
5623.170
5623.650
5624.130
5624.620
5625.080
5625.570
5626.040
5626.530
5627.010
5627.510
5627.980
5628.450
5628.940
5629.420
5629.890
5630.360
5630.830
5631.330
5631.810
5632.280
5632.760
5633.230
5633.700
5634.180
5634.650
5635.120
5635.610
5636.090
5636.550
5637.020
5637.500
5637.970
5638.450
5638.930
5639.410
5639.900
5640.390
5640.870
5641.330
5641.820
5642.300
5642.780
5643.270
5643.750
5644.220
5644.700
5645.190
5645.670
5646.140
5646.630
5647.110
5647.590
5648.060
5648.550
5649.020
5649.520
5650.000
5650.480
5650.970
5651.460
5651.950
5652.420
5652.920
5653.400
5653.880
5654.360
5654.850
5655.360
5655.850
5656.350
5656.830
5657.320
5657.780
5658.270
5658.750
5659.230
5659.710
5660.200
5660.670
5661.150
5661.620
5662.100
5662.580
5663.060
5663.570
5664.050
5664.530
5665.010
5665.490
5665.970
5666.450
5666.910
5667.390
5667.850
5668.330
5668.800
5669.280
5669.740
5670.210
5670.690
5671.180
5671.650
5672.150
5672.620
5673.110
5673.610
5674.080
5674.550
5675.010
5675.490
5675.940
5676.430
5676.900
5677.360
5677.830
5678.300
5678.770
5679.240
5679.700
5680.180
5680.650
5681.130
5681.590
5682.070
5682.550
5683.010
5683.500
5683.970
5684.460
5684.950
5685.410
5685.890
5686.370
5686.850
5687.350
5687.830
5688.290
5688.760
5689.250
5689.720
5690.200
5690.700
5691.200
5691.700
5692.170
5692.640
5693.120
5693.580
5694.060
5694.560
5695.020
5695.520
5695.990
5696.470
5696.960
5697.430
5697.910
5698.380
5698.870
5699.340
5699.800
5700.280
5700.750
5701.230
5701.720
5702.210
5702.680
5703.160
5703.640
5704.100
5704.580
5705.060
5705.530
5705.990
5706.460
5706.940
5707.420
5707.890
5708.380
5708.850
5709.340
5709.830
5710.300
5710.770
5711.240
5711.710
5712.190
5712.670
5713.130
5713.610
5714.080
5714.560
5715.050
5715.520
5715.970
5716.450
5716.940
5717.420
5717.900
5718.380
5718.850
5719.350
5719.850
5720.330
5720.810
5721.280
5721.770
5722.260
5722.740
5723.210
5723.700
5724.180
5724.670
5725.150
5725.620
5726.090
5726.560
5727.040
5727.510
5727.990
5728.470
5728.960
5729.450
5729.930
5730.390
5730.870
5731.340
5731.820
5732.290
5732.770
5733.250
5733.700
5734.190
5734.660
5735.120
5735.610
5736.080
5736.550
5737.040
5737.510
5737.990
5738.450
5738.920
5739.390
5739.860
5740.340
5740.810
5741.280
5741.760
5742.250
5742.740
5743.210
5743.690
5744.160
5744.640
5745.130
5745.600
5746.070
5746.540
5747.020
5747.490
5747.940
5748.430
5748.880
5749.370
5749.830
5750.310
5750.780
5751.250
5751.710
5752.190
5752.670
5753.180
5753.660
5754.130
5754.610
5755.080
5755.550
5756.030
5756.490
5756.980
5757.470
5757.940
5758.430
5758.900
5759.390
5759.870
5760.380
5760.850
5761.320
5761.790
5762.260
5762.760
5763.260
5763.740
5764.220
5764.680
5765.180
5765.650
5766.140
5766.600
5767.080
5767.550
5768.020
5768.510
5768.970
5769.440
5769.920
5770.370
5770.870
5771.350
5771.810
5772.310
5772.780
5773.250
5773.720
5774.200
5774.680
5775.150
5775.640
5776.100
5776.590
5777.050
5777.520
5778.000
5778.470
5778.930
5779.390
5779.880
5780.330
5780.780
5781.260
5781.720
5782.180
5782.620
5783.080
5783.540
5784.000
5784.460
5784.940
5785.440
5785.920
5786.400
5786.880
5787.360
5787.840
5788.300
5788.790
5789.380
5790.010
5790.580
5791.200
5791.780
5792.380
5792.990
5793.630
5794.310
5794.970
5795.610
5796.240
5796.900
5797.540
5798.160
5798.800
5799.420
5800.070
5800.700
5801.370
5801.990
5802.640
5803.270
5803.890
5804.520
5805.120
5805.760
5806.380
5807.010
5807.630
5808.250
5808.860
5809.480
5810.100
5810.720
5811.340
5811.950
5812.580
5813.210
5813.810
5814.420
5815.040
5815.660
5816.260
5816.890
5817.490
5818.130
5818.740
5819.370
5819.970
5820.600
5821.210
5821.830
5822.450
5823.090
5823.710
5824.330
5824.950
5825.540
5826.170
5826.810
5827.410
5828.040
5828.630
5829.270
5829.850
5830.470
5831.110
5831.740
5832.330
5832.990
5833.610
5834.240
5834.860
5835.470
5836.070
5836.710
5837.320
5837.950
5838.550
5839.150
5839.760
5840.400
5841.010
5841.650
5842.260
5842.880
5843.500
5844.130
5844.770
5845.380
5846.000
5846.610
5847.220
5847.840
5848.440
5849.070
5849.670
5850.270
5850.880
5851.510
5852.120
5852.740
5853.370
5853.970
5854.600
5855.200
5855.830
5856.460
5857.080
5857.690
5858.310
5858.930
5859.540
5860.140
5860.750
5861.340
5861.700
5862.000
5862.310
5862.610
5862.920
5863.220
5863.520
5863.820
5864.130
5864.440
5864.760
5865.060
5865.360
5865.660
5865.970
5866.270
5866.580
5866.900
5867.210
5867.510
5867.820
5868.130
5868.440
5868.740
5869.050
5869.360
5869.670
5869.970
5870.280
5870.600
5870.900
5871.210
5871.510
5871.810
5872.110
5872.420
5872.720
5873.020
5873.330
5873.630
5873.940
5874.250
5874.570
5874.880
5875.190
5875.500
5875.800
5876.120
5876.420
5876.730
5877.050
5877.350
5877.640
5877.940
5878.260
5878.570
5878.880
5879.180
5879.500
5879.820
5880.130
5880.450
5880.760
5881.070
5881.390
5881.700
5882.010
5882.310
5882.610
5882.920
5883.230
5883.540
5883.850
5884.160
5884.470
5884.770
5885.090
5885.390
5885.700
5886.010
5886.310
5886.600
5886.900
5887.210
5887.530
5887.840
5888.150
5888.450
5888.740
5889.040
5889.360
5889.670
5889.980
5890.280
5890.590
5890.900
5891.210
5891.520
5891.830
5892.150
5892.450
5892.770
5893.060
5893.360
5893.670
5893.970
5894.270
5894.580
5894.880
5895.200
5895.510
5895.810
5896.120
5896.410
5896.710
5897.020
5897.320
5897.630
5897.940
5898.240
5898.560
5898.870
5899.170
5899.480
5899.790
5900.090
5900.400
5900.700
5901.000
5901.310
5901.610
5901.930
5902.240
5902.550
5902.860
5903.170
5903.480
5903.780
5904.090
5904.410
5904.710
5905.020
5905.330
5905.630
5905.930
5906.240
5906.540
5906.840
5907.130
5907.450
5907.760
5908.060
5908.380
5908.690
5908.990
5909.300
5909.610
5909.930
5910.230
5910.550
5910.850
5911.160
5911.450
5911.750
5912.060
5912.370
5912.670
5912.990
5913.300
5913.600
5913.910
5914.220
5914.530
5914.840
5915.150
5915.460
5915.780
5916.090
5916.400
5916.710
5917.010
5917.320
5917.630
5917.940
5918.250
5918.560
5918.870
5919.190
5919.490
5919.820
5920.140
5920.450
5920.780
5921.090
5921.400
5921.720
5922.020
5922.340
5922.640
5922.950
5923.260
5923.580
5923.890
5924.200
5924.510
5924.820
5925.130
5925.440
5925.750
5926.050
5926.370
5926.670
5926.970
5927.260
5927.570
5927.870
5928.180
5928.500
5928.810
5929.110
5929.430
5929.730
5930.040
5930.350
5930.660
5930.970
5931.290
5931.590
5931.880
5932.190
5932.490
5932.800
5933.110
5933.420
5933.730
5934.040
5934.350
5934.650
5934.960
5935.270
5935.590
5935.890
5936.200
5936.520
5936.820
5937.130
5937.440
5937.760
5938.080
5938.410
5938.730
5939.040
5939.350
5939.660
5939.970
5940.280
5940.580
5940.900
5941.210
5941.520
5941.830
5942.130
5942.450
5942.750
5943.070
5943.370
5943.690
5943.990
5944.310
5944.610
5944.920
5945.240
5945.550
5945.870
5946.190
5946.510
5946.950
5947.430
5947.930
5948.460
5948.950
5949.560
5950.160
5950.810
5951.460
5952.100
5952.800
5953.430
5954.090
5954.690
5955.350
5955.950
5956.570
5957.200
5957.830
5958.460
5959.120
5959.760
5960.410
5961.050
5961.690
5962.310
5962.940
5963.600
5964.280
5964.950
5965.590
5966.230
5966.870
5967.560
5968.290
5968.970
5969.630
5970.270
5970.930
5971.600
5972.230
5972.910
5973.550
5974.200
5974.870
5975.490
5976.150
5976.800
5977.460
5978.100
5978.730
5979.360
5980.030
5980.650
5981.290
5981.930
5982.570
5983.220
5983.870
5984.490
5985.150
5985.790
5986.390
5987.020
5987.690
5988.310
5988.970
5989.620
5990.250
5990.920
5991.590
5992.230
5992.860
5993.530
5994.190
5994.820
5995.470
5996.090
5996.740
5997.380
5998.020
5998.640
5999.300
5999.950
6000.610
6001.240
6001.890
6002.540
6003.180
6003.870
6004.520
6005.150
6005.810
6006.440
6007.070
6007.720
6008.400
6009.040
6009.730
6010.350
6011.020
6011.680
6012.350
6013.020
6013.640
6014.280
6014.940
6015.600
6016.250
6016.900
6017.540
6018.190
6018.830
6019.430
6020.080
6020.720
6021.340
6022.000
6022.650
6023.250
6023.900
6024.500
6025.120
6025.750
6026.390
6027.000
6027.650
6028.270
6028.900
6029.530
6030.160
6030.790
6031.430
6032.080
6032.730
6033.380
6034.020
6034.650
6035.270
6035.920
6036.570
6037.200
6037.850
6038.490
6039.130
6039.770
6040.390
6041.020
6041.670
6042.300
6042.930
6043.560
6044.210
6044.870
6045.510
6046.130
6046.780
6047.390
6048.030
6048.650
6049.300
6049.930
6050.560
6051.210
6051.850
6052.510
6053.150
6053.780
6054.420
6055.090
6055.700
6056.330
6056.950
6057.620
6058.260
6058.900
6059.580
6060.260
6060.890
6061.550
6062.190
6062.820
6063.460
6064.090
6064.740
6065.390
6066.010
6066.620
6067.270
6067.900
6068.560
6069.190
6069.850
6070.480
6071.110
6071.750
6072.390
6073.010
6073.650
6074.270
6074.900
6075.510
6076.150
6076.790
6077.420
6078.050
6078.700
6079.340
6079.970
6080.610
6081.240
6081.880
6082.540
6083.160
6083.810
6084.440
6085.080
6085.720
6086.360
6087.000
6087.650
6088.280
6088.920
6089.550
6090.220
6090.850
6091.490
6092.130
6092.750
6093.370
6094.010
6094.640
6095.290
6095.930
6096.580
6097.190
6097.850
6098.490
6099.110
6099.740
6100.370
6100.990
6101.650
6102.280
6102.930
6103.570
6104.210
6104.850
6105.480
6106.130
6106.780
6107.420
6108.060
6108.680
6109.320
6109.940
6110.580
6111.210
6111.840
6112.450
6113.090
6113.720
6114.370
6115.000
6115.620
6116.270
6116.930
6117.550
6118.200
6118.830
6119.440
6120.040
6120.700
6121.340
6121.960
6122.610
6123.270
6123.910
6124.580
6125.210
6125.860
6126.490
6127.120
6127.730
6128.370
6129.020
6129.660
6130.290
6130.930
6131.580
6132.200
6132.850
6133.480
6134.110
6134.750
6135.390
6136.040
6136.710
6137.320
6137.980
6138.650
6139.320
6139.990
6140.640
6141.280
6141.920
6142.570
6143.200
6143.810
6144.280
6144.720
6145.180
6145.630
6145.980
6146.330
6146.680
6147.020
6147.360
6147.710
6148.060
6148.380
6148.730
6149.080
6149.420
6149.760
6150.100
6150.420
6150.760
6151.130
6151.480
6151.820
6152.170
6152.520
6152.870
6153.220
6153.580
6153.920
6154.270
6154.620
6154.980
6155.340
6155.690
6156.070
6156.400
6156.760
6157.120
6157.460
6157.800
6158.160
6158.500
6158.860
6159.210
6159.570
6159.910
6160.270
6160.620
6160.970
6161.320
6161.660
6162.010
6162.370
6162.720
6163.070
6163.420
6163.770
6164.110
6164.450
6164.810
6165.150
6165.510
6165.870
6166.220
6166.560
6166.900
6167.270
6167.610
6167.960
6168.300
6168.650
6169.000
6169.370
6169.730
6170.080
6170.440
6170.790
6171.140
6171.490
6171.850
6172.190
6172.540
6172.900
6173.230
6173.580
6173.930
6174.290
6174.640
6174.990
6175.340
6175.680
6176.050
6176.400
6176.750
6177.080
6177.450
6177.780
6178.130
6178.490
6178.840
6179.200
6179.550
6179.900
6180.250
6180.590
6180.950
6181.290
6181.630
6181.980
6182.330
6182.680
6183.040
6183.390
6183.730
6184.090
6184.440
6184.790
6185.150
6185.500
6185.850
6186.200
6186.530
6186.890
6187.230
6187.590
6187.920
6188.270
6188.630
6188.970
6189.310
6189.660
6190.010
6190.380
6190.730
6191.070
6191.410
6191.780
6192.130
6192.470
6192.840
6193.180
6193.530
6193.890
6194.230
6194.570
6194.930
6195.270
6195.640
6195.980
6196.320
6196.680
6197.040
6197.370
6197.750
6198.100
6198.460
6198.790
6199.150
6199.500
6199.840
6200.190
6200.550
6200.900
6201.240
6201.600
6201.940
6202.300
6202.660
6203.010
6203.350
6203.690
6204.040
6204.380
6204.710
6205.070
6205.420
6205.760
6206.110
6206.460
6206.810
6207.150
6207.500
6207.840
6208.180
6208.520
6208.870
6209.210
6209.560
6209.910
6210.240
6210.600
6210.930
6211.280
6211.630
6211.970
6212.320
6212.670
6213.020
6213.360
6213.710
6214.050
6214.370
6214.730
6215.070
6215.400
6215.740
6216.080
6216.430
6216.770
6217.130
6217.470
6217.820
6218.150
6218.500
6218.850
6219.190
6219.540
6219.880
6220.220
6220.590
6220.940
6221.290
6221.640
6221.970
6222.290
6222.610
6222.950
6223.290
6223.640
6223.990
6224.330
6224.670
6225.000
6225.370
6225.720
6226.060
6226.400
6226.740
6227.080
6227.420
6227.750
6228.090
6228.440
6228.780
6229.100
6229.450
6229.780
6230.130
6230.480
6230.820
6231.160
6231.500
6231.840
6232.170
6232.530
6232.870
6233.220
6233.560
6233.910
6234.240
6234.570
6234.910
6235.270
6235.610
6235.950
6236.300
6236.640
6236.980
6237.330
6237.660
6238.020
6238.360
6238.690
6239.030
6239.360
6239.700
6240.040
6240.390
6240.760
6241.100
6241.450
6241.790
6242.160
6242.510
6242.860
6243.200
6243.560
6243.910
6244.240
6244.590
6244.930
6245.280
6245.620
6245.950
6246.290
6246.640
6246.980
6247.310
6247.640
6247.990
6248.320
6248.650
6248.990
6249.330
6249.670
6250.010
6250.360
6250.700
6251.030
6251.390
6251.740
6252.070
6252.420
6252.760
6253.110
6253.450
6253.800
6254.140
6254.480
6254.810
6255.150
6255.490
6255.850
6256.200
6256.550
6256.890
6257.220
6257.550
6257.900
6258.240
6258.570
6258.910
6259.250
6259.610
6259.950
6260.290
6260.620
6260.950
6261.290
6261.650
6261.970
6262.310
6262.650
6263.010
6263.370
6263.710
6264.040
6264.380
6264.730
6265.070
6265.410
6265.740
6266.100
6266.450
6266.800
6267.130
6267.470
6267.810
6268.160
6268.500
6268.850
6269.190
6269.520
6269.870
6270.210
6270.550
6270.890
6271.220
6271.580
6271.910
6272.280
6272.620
6272.960
6273.310
6273.660
6274.000
6274.330
6274.670
6275.000
6275.350
6275.700
6276.040
6276.360
6276.710
6277.050
6277.370
6277.710
6278.050
6278.390
6278.740
6279.080
6279.400
6279.760
6280.070
6280.390
6280.720
6281.030
6281.380
6281.730
6282.100
6282.430
6282.780
6283.150
6283.500
6283.850
6284.200
6284.540
6284.890
6285.230
6285.570
6285.920
6286.260
6286.600
6286.950
6287.290
6287.640
6287.990
6288.320
6288.680
6289.020
6289.370
6289.700
6290.040
6290.410
6290.750
6291.090
6291.450
6291.800
6292.150
6292.500
6292.840
6293.180
6293.540
6293.880
6294.220
6294.570
6294.910
6295.260
6295.610
6295.960
6296.330
6296.670
6297.070
6297.520
6298.030
6298.610
6299.240
6299.910
6300.570
6301.240
6301.900
6302.540
6303.200
6303.840
6304.480
6305.130
6305.780
6306.420
6307.050
6307.700
6308.340
6308.990
6309.640
6310.270
6310.900
6311.560
6312.220
6312.880
6313.550
6314.170
6314.830
6315.480
6316.140
6316.800
6317.440
6318.090
6318.750
6319.390
6320.030
6320.680
6321.350
6321.980
6322.630
6323.300
6323.930
6324.570
6325.210
6325.860
6326.510
6327.160
6327.820
6328.500
6329.160
6329.820
6330.480
6331.120
6331.790
6332.450
6333.110
6333.770
6334.420
6335.050
6335.720
6336.350
6337.010
6337.660
6338.330
6338.980
6339.640
6340.280
6340.930
6341.590
6342.250
6342.900
6343.560
6344.200
6344.860
6345.500
6346.140
6346.800
6347.460
6348.130
6348.770
6349.440
6350.090
6350.740
6351.410
6352.030
6352.710
6353.370
6354.030
6354.670
6355.340
6355.990
6356.660
6357.290
6357.950
6358.640
6359.280
6359.930
6360.600
6361.260
6361.920
6362.560
6363.220
6363.900
6364.540
6365.190
6365.850
6366.510
6367.150
6367.820
6368.470
6369.140
6369.800
6370.470
6371.120
6371.790
6372.440
6373.120
6373.760
6374.400
6375.060
6375.710
6376.340
6377.020
6377.660
6378.340
6379.020
6379.640
6380.340
6380.980
6381.640
6382.280
6382.970
6383.610
6384.260
6384.890
6385.550
6386.200
6386.850
6387.500
6388.150
6388.810
6389.460
6390.130
6390.800
6391.450
6392.130
6392.780
6393.440
6394.080
6394.740
6395.390
6396.050
6396.710
6397.350
6398.010
6398.640
6399.310
6399.960
6400.630
6401.280
6401.920
6402.570
6403.230
6403.870
6404.510
6405.170
6405.830
6406.480
6407.120
6407.760
6408.420
6409.070
6409.720
6410.370
6411.010
6411.670
6412.320
6412.970
6413.630
6414.270
6414.930
6415.590
6416.240
6416.900
6417.530
6418.190
6418.830
6419.490
6420.140
6420.780
6421.430
6422.080
6422.730
6423.370
6424.020
6424.680
6425.330
6425.980
6426.620
6427.290
6427.950
6428.600
6429.240
6429.910
6430.560
6431.220
6431.870
6432.520
6433.170
6433.830
6434.500
6435.140
6435.800
6436.490
6437.150
6437.830
6438.490
6439.130
6439.750
6440.390
6441.040
6441.700
6442.350
6443.020
6443.660
6444.310
6444.960
6445.630
6446.270
6446.930
6447.560
6448.220
6448.870
6449.530
6450.160
6450.820
6451.480
6452.130
6452.790
6453.450
6454.100
6454.750
6455.400
6456.060
6456.720
6457.380
6458.020
6458.690
6459.350
6460.010
6460.650
6461.300
6461.960
6462.610
6463.240
6463.890
6464.530
6465.200
6465.850
6466.510
6467.170
6467.810
6468.470
6469.120
6469.780
6470.430
6471.090
6471.740
6472.390
6473.050
6473.710
6474.380
6475.030
6475.690
6476.350
6477.010
6477.660
6478.310
6478.990
6479.620
6480.270
6480.920
6481.580
6482.240
6482.880
6483.580
6484.220
6484.890
6485.500
6486.180
6486.810
6487.460
6488.140
6488.820
6489.460
6490.120
6490.770
6491.440
6492.090
6492.750
6493.370
6494.030
6494.700
6495.350
6495.990
6496.610
6497.280
6497.840
6498.440
6498.990
6499.540
6500.060
6500.610
6501.160
6501.720
6502.260
6502.810
6503.390
6503.920
6504.490
6505.050
6505.610
6506.160
6506.730
6507.310
6507.880
6508.450
6509.040
6509.590
6510.170
6510.700
6511.270
6511.840
6512.420
6512.980
6513.550
6514.100
6514.690
6515.250
6515.830
6516.390
6516.980
6517.540
6518.120
6518.680
6519.240
6519.790
6520.320
6520.900
6521.450
6522.000
6522.570
6523.130
6523.700
6524.260
6524.820
6525.400
6525.980
6526.560
6527.130
6527.710
6528.290
6528.850
6529.440
6530.000
6530.570
6531.130
6531.700
6532.310
6532.890
6533.440
6534.030
6534.620
6535.200
6535.780
6536.360
6536.930
6537.500
6538.050
6538.610
6539.200
6539.760
6540.340
6540.900
6541.480
6542.050
6542.610
6543.190
6543.770
6544.340
6544.900
6545.460
6546.040
6546.630
6547.190
6547.790
6548.350
6548.950
6549.510
6550.120
6550.690
6551.270
6551.840
6552.430
6552.990
6553.580
6554.160
6554.740
6555.320
6555.900
6556.470
6557.040
6557.620
6558.220
6558.780
6559.390
6559.950
6560.550
6561.130
6561.680
6562.270
6562.840
6563.400
6564.000
6564.580
6565.150
6565.740
6566.320
6566.880
6567.470
6568.040
6568.630
6569.200
6569.770
6570.330
6570.920
6571.470
6572.060
6572.630
6573.240
6573.820
6574.410
6574.970
6575.580
6576.160
6576.740
6577.290
6577.880
6578.480
6579.050
6579.620
6580.210
6580.770
6581.360
6581.940
6582.530
6583.090
6583.660
6584.240
6584.840
6585.390
6585.970
6586.550
6587.150
6587.720
6588.300
6588.870
6589.430
6590.020
6590.580
6591.180
6591.780
6592.360
6592.950
6593.520
6594.080
6594.660
6595.240
6595.800
6596.370
6596.930
6597.520
6598.100
6598.690
6599.270
6599.880
6600.430
6601.040
6601.600
6602.190
6602.740
6603.310
6603.900
6604.500
6605.080
6605.660
6606.220
6606.790
6607.360
6607.920
6608.500
6609.090
6609.680
6610.250
6610.840
6611.410
6611.970
6612.540
6613.110
6613.700
6614.260
6614.820
6615.400
6615.980
6616.540
6617.110
6617.680
6618.310
6618.880
6619.470
6620.080
6620.670
6621.250
6621.840
6622.420
6622.990
6623.590
6624.180
6624.770
6625.350
6625.920
6626.520
6627.090
6627.690
6628.280
6628.860
6629.460
6630.040
6630.610
6631.180
6631.750
6632.350
6632.920
6633.500
6634.070
6634.660
6635.230
6635.820
6636.400
6636.960
6637.530
6638.110
6638.670
6639.230
6639.810
6640.420
6640.990
6641.570
6642.140
6642.740
6643.310
6643.870
6644.450
6645.030
6645.590
6646.180
6646.760
6647.360
6647.940
6648.540
6649.120
6649.680
6650.230
6650.840
6651.410
6652.000
6652.570
6653.130
6653.700
6654.290
6654.860
6655.420
6656.010
6656.600
6657.180
6657.760
6658.380
6658.950
6659.550
6660.150
6660.720
6661.280
6661.880
6662.470
6663.050
6663.630
6664.230
6664.810
6665.400
6666.010
6666.580
6667.180
6667.760
6668.340
6668.920
6669.490
6670.080
6670.670
6671.240
6671.830
6672.410
6672.970
6673.560
6674.120
6674.690
6675.270
6675.870
6676.450
6677.030
6677.610
6678.210
6678.790
6679.420
6679.990
6680.620
6681.230
6681.820
6682.560
6683.340
6684.140
6684.910
6685.710
6686.480
6687.260
6688.020
6688.830
6689.610
6690.400
6691.160
6691.970
6692.720
6693.520
6694.300
6695.100
6695.890
6696.690
6697.480
6698.260
6699.020
6699.840
6700.600
6701.420
6702.210
6702.980
6703.760
6704.560
6705.340
6706.150
6706.930
6707.780
6708.610
6709.400
6710.170
6710.980
6711.760
6712.580
6713.370
6714.150
6714.910
6715.750
6716.550
6717.320
6718.100
6718.910
6719.680
6720.510
6721.300
6722.120
6722.900
6723.680
6724.510
6725.300
6726.100
6726.910
6727.740
6728.520
6729.290
6730.110
6730.880
6731.700
6732.530
6733.390
6734.210
6735.000
6735.790
6736.640
6737.450
6738.260
6739.050
6739.880
6740.650
6741.510
6742.290
6743.120
6743.930
6744.740
6745.560
6746.410
6747.220
6748.050
6748.850
6749.670
6750.480
6751.260
6752.090
6752.910
6753.680
6754.500
6755.330
6756.150
6756.960
6757.780
6758.610
6759.440
6760.260
6761.020
6761.830
6762.680
6763.460
6764.270
6765.070
6765.880
6766.660
6767.450
6768.240
6769.060
6769.850
6770.670
6771.440
6772.280
6773.080
6773.880
6774.690
6775.500
6776.290
6777.130
6777.920
6778.750
6779.550
6780.360
6781.130
6781.970
6782.780
6783.580
6784.370
6785.200
6786.040
6786.840
6787.650
6788.490
6789.290
6790.090
6790.880
6791.720
6792.510
6793.270
6794.060
6794.920
6795.690
6796.500
6797.330
6798.130
6798.940
6799.780
6800.600
6801.410
6802.210
6803.040
6803.840
6804.640
6805.430
6806.290
6807.080
6807.900
6808.690
6809.480
6810.320
6811.140
6811.900
6812.700
6813.470
6814.300
6815.100
6815.900
6816.740
6817.550
6818.320
6819.160
6819.920
6820.720
6821.550
6822.340
6823.160
6823.940
6824.780
6825.560
6826.360
6827.160
6827.980
6828.840
6829.640
6830.430
6831.270
6832.050
6832.810
6833.590
6834.420
6835.200
6836.010
6836.790
6837.650
6838.430
6839.300
6840.160
6841.030
6841.810
6842.610
6843.460
6844.240
6845.040
6845.850
6846.670
6847.530
6848.330
6849.130
6849.940
6850.760
6851.570
6852.370
6853.220
6854.030
6854.860
6855.650
6856.510
6857.320
6858.130
6858.940
6859.750
6860.550
6861.360
6862.170
6862.920
6863.680
6864.470
6865.200
6865.960
6866.590
6867.210
6867.800
6868.410
6869.020
6869.630
6870.270
6870.870
6871.510
6872.200
6872.820
6873.520
6874.200
6874.890
6875.550
6876.250
6876.910
6877.540
6878.230
6878.870
6879.550
6880.200
6880.890
6881.540
6882.220
6882.870
6883.490
6884.170
6884.810
6885.450
6886.100
6886.790
6887.450
6888.110
6888.740
6889.410
6890.050
6890.730
6891.370
6892.030
6892.690
6893.380
6894.000
6894.680
6895.320
6895.960
6896.610
6897.300
6897.950
6898.620
6899.250
6899.910
6900.560
6901.230
6901.900
6902.590
6903.230
6903.920
6904.560
6905.230
6905.920
6906.580
6907.230
6907.910
6908.540
6909.220
6909.870
6910.550
6911.200
6911.860
6912.520
6913.190
6913.820
6914.500
6915.130
6915.810
6916.460
6917.140
6917.800
6918.480
6919.130
6919.800
6920.430
6921.080
6921.730
6922.430
6923.140
6923.810
6924.490
6925.170
6925.840
6926.510
6927.170
6927.840
6928.520
6929.170
6929.850
6930.510
6931.200
6931.860
6932.490
6933.180
6933.870
6934.540
6935.230
6935.910
6936.540
6937.240
6937.900
6938.550
6939.220
6939.880
6940.540
6941.240
6941.890
6942.580
6943.250
6943.920
6944.600
6945.280
6945.940
6946.620
6947.270
6947.950
6948.630
6949.310
6949.930
6950.630
6951.270
6951.950
6952.640
6953.320
6954.010
6954.680
6955.320
6956.010
6956.640
6957.310
6958.000
6958.670
6959.330
6960.000
6960.660
6961.330
6962.000
6962.670
6963.340
6964.030
6964.720
6965.430
6966.130
6966.830
6967.520
6968.220
6968.910
6969.590
6970.310
6970.960
6971.650
6972.350
6973.030
6973.710
6974.390
6975.080
6975.740
6976.430
6977.110
6977.790
6978.470
6979.160
6979.840
6980.520
6981.190
6981.890
6982.560
6983.260
6983.940
6984.640
6985.320
6986.020
6986.710
6987.400
6988.100
6988.770
6989.480
6990.170
6990.860
6991.560
6992.240
6992.930
6993.600
6994.270
6994.970
6995.640
6996.320
6997.010
6997.700
6998.390
6999.050
6999.710
7000.380
7001.060
7001.740
7002.440
7003.110
7003.800
7004.480
7005.170
7005.860
7006.530
7007.220
7007.910
7008.580
7009.290
7010.000
7010.680
7011.340
7012.030
7012.700
7013.370
7014.030
7014.720
7015.390
7016.080
7016.730
7017.430
7018.100
7018.770
7019.440
7020.130
7020.810
7021.510
7022.170
7022.870
7023.510
7024.190
7024.880
7025.560
7026.210
7026.870
7027.540
7028.230
7028.910
7029.580
7030.230
7030.910
7031.620
7032.330
7033.020
7033.660
7034.340
7035.040
7035.710
7036.360
7037.050
7037.740
7038.410
7039.040
7039.750
7040.380
7041.060
7041.770
7042.440
7043.140
7043.800
7044.460
7045.140
7045.820
7046.490
7047.210
7047.880
7048.550
7049.280
7049.970
7050.660
7051.370
7052.090
7052.750
7053.310
7053.840
7054.350
7054.900
7055.400
7055.960
7056.460
7056.990
7057.510
7058.020
7058.540
7059.080
7059.600
7060.150
7060.660
7061.210
7061.750
7062.250
7062.810
7063.340
7063.860
7064.400
7064.910
7065.430
7065.950
7066.480
7066.990
7067.520
7068.050
7068.580
7069.110
7069.640
7070.170
7070.690
7071.220
7071.750
7072.300
7072.830
7073.360
7073.900
7074.460
7074.990
7075.530
7076.060
7076.600
7077.130
7077.670
7078.220
7078.730
7079.270
7079.810
7080.330
7080.860
7081.380
7081.930
7082.440
7082.960
7083.520
7084.050
7084.560
7085.110
7085.640
7086.180
7086.700
7087.230
7087.780
7088.290
7088.820
7089.370
7089.910
7090.440
7090.980
7091.520
7092.040
7092.580
7093.150
7093.680
7094.200
7094.740
7095.270
7095.820
7096.340
7096.890
7097.420
7097.960
7098.490
7099.020
7099.550
7100.080
7100.630
7101.140
7101.690
7102.230
7102.770
7103.280
7103.810
7104.370
7104.910
7105.450
7105.970
7106.520
7107.040
7107.570
7108.110
7108.650
7109.210
7109.730
7110.280
7110.820
7111.360
7111.890
7112.420
7112.930
7113.460
7113.990
7114.520
7115.080
7115.590
7116.130
7116.660
7117.200
7117.710
7118.270
7118.790
7119.350
7119.890
7120.420
7120.970
7121.500
7122.050
7122.590
7123.130
7123.660
7124.190
7124.730
7125.260
7125.800
7126.320
7126.860
7127.410
7127.960
7128.500
7129.030
7129.570
7130.100
7130.640
7131.180
7131.720
7132.260
7132.790
7133.330
7133.860
7134.400
7134.950
7135.480
7136.020
7136.560
7137.100
7137.650
7138.180
7138.700
7139.250
7139.780
7140.340
7140.890
7141.430
7141.980
7142.500
7143.050
7143.610
7144.160
7144.690
7145.250
7145.770
7146.280
7146.840
7147.370
7147.910
7148.430
7148.960
7149.510
7150.040
7150.550
7151.100
7151.620
7152.160
7152.690
7153.210
7153.740
7154.290
7154.820
7155.350
7155.890
7156.390
7156.930
7157.460
7157.990
7158.540
7159.090
7159.610
7160.150
7160.680
7161.230
7161.740
7162.290
7162.790
7163.330
7163.830
7164.360
7164.870
7165.400
7165.950
7166.480
7167.020
7167.550
7168.090
7168.610
7169.140
7169.680
7170.220
7170.770
7171.310
7171.840
7172.380
7172.910
7173.450
7174.000
7174.530
7175.100
7175.660
7176.200
7176.730
7177.280
7177.800
7178.340
7178.870
7179.410
7179.950
7180.500
7181.040
7181.580
7182.130
7182.630
7183.200
7183.710
7184.250
7184.790
7185.360
7185.900
7186.430
7186.970
7187.490
7188.030
7188.590
7189.130
7189.660
7190.200
7190.750
7191.280
7191.820
7192.350
7192.880
7193.430
7193.950
7194.480
7195.030
7195.560
7196.090
7196.650
7197.170
7197.710
7198.240
7198.780
7199.320
7199.840
7200.370
7200.910
7201.430
7201.970
7202.510
7203.040
7203.550
7204.090
7204.630
7205.180
7205.720
7206.230
7206.760
7207.300
7207.830
7208.370
7208.900
7209.430
7209.960
7210.500
7211.020
7211.560
7212.100
7212.630
7213.150
7213.700
7214.230
7214.740
7215.300
7215.820
7216.360
7216.910
7217.410
7217.950
7218.490
7219.020
7219.540
7220.070
7220.610
7221.140
7221.690
7222.220
7222.760
7223.270
7223.820
7224.340
7224.880
7225.410
7225.940
7226.480
7227.020
7227.560
7228.080
7228.610
7229.150
7229.670
7230.200
7230.740
7231.270
7231.800
7232.320
7232.850
7233.370
7233.890
7234.430
7234.950
7235.480
7236.020
7236.530
7237.060
7237.580
7238.110
7238.630
7239.130
7239.690
7240.200
7240.720
7241.260
7241.790
7242.320
7242.860
7243.400
7243.910
7244.450
7244.950
7245.470
7246.020
7246.550
7247.090
7247.620
7248.150
7248.710
7249.250
7249.790
7250.370
7250.900
7251.460
7251.960
7252.500
7253.020
7253.570
7254.090
7254.610
7255.140
7255.690
7256.210
7256.730
7257.260
7257.770
7258.280
7258.780
7259.280
7259.800
7260.310
7260.840
7261.350
7261.870
7262.380
7262.890
7263.400
7263.910
7264.430
7264.950
7265.460
7265.980
7266.470
7266.980
7267.500
7268.010
7268.530
7269.030
7269.550
7270.080
7270.590
7271.100
7271.610
7272.110
7272.640
7273.140
7273.660
7274.170
7274.690
7275.200
7275.700
7276.200
7276.710
7277.210
7277.720
7278.230
7278.740
7279.250
7279.770
7280.290
7280.780
7281.310
7281.820
7282.320
7282.850
7283.370
7283.870
7284.400
7284.920
7285.420
7285.930
7286.450
7286.980
7287.480
7287.990
7288.510
7289.000
7289.520
7290.030
7290.540
7291.050
7291.580
7292.080
7292.590
7293.100
7293.600
7294.110
7294.640
7295.150
7295.680
7296.210
7296.700
7297.190
7297.700
7298.210
7298.730
7299.230
7299.750
7300.260
7300.780
7301.280
7301.790
7302.330
7302.840
7303.350
7303.860
7304.380
7304.890
7305.430
7305.940
7306.450
7306.980
7307.480
7308.030
7308.520
7309.070
7309.580
7310.100
7310.610
7311.140
7311.630
7312.150
7312.650
7313.180
7313.690
7314.190
7314.700
7315.200
7315.710
7316.240
7316.740
7317.250
7317.770
7318.280
7318.790
7319.310
7319.820
7320.350
7320.860
7321.400
7321.910
7322.470
7323.000
7323.510
7324.020
7324.500
7325.020
7325.530
7326.040
7326.560
7327.090
7327.600
7328.120
7328.630
7329.140
7329.690
7330.210
7330.710
7331.240
7331.760
7332.270
7332.790
7333.310
7333.860
7334.360
7334.890
7335.420
7335.940
7336.460
7336.980
7337.480
7338.000
7338.520
7339.070
7339.580
7340.090
7340.580
7341.090
7341.600
7342.100
7342.630
7343.170
7343.660
7344.180
7344.710
7345.230
7345.740
7346.270
7346.800
7347.320
7347.840
7348.350
7348.880
7349.410
7349.920
7350.430
7350.980
7351.510
7352.020
7352.540
7353.060
7353.590
7354.110
7354.610
7355.120
7355.630
7356.150
7356.660
7357.180
7357.680
7358.220
7358.750
7359.260
7359.770
7360.280
7360.820
7361.320
7361.830
7362.330
7362.840
7363.350
7363.860
7364.370
7364.880
7365.390
7365.900
7366.420
7366.950
7367.450
7367.960
7368.460
7368.990
7369.490
7370.000
7370.510
7371.000
7371.540
7372.040
7372.550
7373.060
7373.580
7374.110
7374.600
7375.120
7375.670
7376.160
7376.680
7377.180
7377.720
7378.230
7378.750
7379.260
7379.800
7380.310
7380.830
7381.350
7381.850
7382.370
7382.880
7383.380
7383.890
7384.400
7384.920
7385.440
7385.960
7386.460
7386.980
7387.480
7388.000
7388.500
7389.010
7389.520
7390.040
7390.540
7391.060
7391.560
7392.120
7392.620
7393.180
7393.680
7394.230
7394.760
7395.280
7395.790
7396.330
7396.830
7397.330
7397.840
7398.390
7398.900
7399.440
7399.960
7400.500
7400.990
7401.530
7402.060
7402.540
7403.080
7403.560
7404.100
7404.660
7405.250
7405.800
7406.350
7406.920
7407.460
7408.020
7408.600
7409.140
7409.710
7410.270
7410.840
7411.410
7411.960
7412.530
7413.080
7413.630
7414.200
7414.770
7415.350
7415.920
7416.490
7417.070
7417.670
7418.260
7418.820
7419.410
7419.990
7420.560
7421.130
7421.740
7422.310
7422.880
7423.470
7424.050
7424.640
7425.220
7425.790
7426.370
7426.960
7427.570
7428.140
7428.740
7429.310
7429.890
7430.490
7431.050
7431.640
7432.230
7432.790
7433.380
7433.960
7434.540
7435.130
7435.720
7436.290
7436.890
7437.470
7438.050
7438.630
7439.200
7439.780
7440.380
7440.970
7441.560
7442.140
7442.730
7443.320
7443.900
7444.490
7445.090
7445.690
7446.310
7446.880
7447.480
7448.070
7448.670
7449.250
7449.850
7450.430
7451.030
7451.620
7452.220
7452.840
7453.440
7454.030
7454.620
7455.220
7455.820
7456.430
7457.040
7457.630
7458.240
7458.820
7459.420
7460.000
7460.610
7461.190
7461.790
7462.400
7462.990
7463.600
7464.190
7464.780
7465.390
7465.980
7466.580
7467.180
7467.770
7468.380
7468.960
7469.560
7470.160
7470.760
7471.350
7471.940
7472.530
7473.110
7473.710
7474.290
7474.900
7475.500
7476.090
7476.670
7477.290
7477.870
7478.490
7479.080
7479.690
7480.270
7480.870
7481.470
7482.070
7482.650
7483.270
7483.870
7484.480
7485.070
7485.680
7486.250
7486.870
7487.470
7488.060
7488.660
7489.260
7489.870
7490.460
7491.070
7491.690
7492.290
7492.910
7493.520
7494.140
7494.750
7495.360
7495.990
7496.600
7497.200
7497.800
7498.420
7499.020
7499.620
7500.230
7500.840
7501.460
7502.070
7502.690
7503.300
7503.920
7504.520
7505.140
7505.760
7506.360
7506.960
7507.570
7508.190
7508.780
7509.380
7510.010
7510.610
7511.220
7511.840
7512.450
7513.060
7513.670
7514.260
7514.880
7515.480
7516.090
7516.720
7517.320
7517.930
7518.540
7519.160
7519.760
7520.360
7520.980
7521.590
7522.210
7522.810
7523.420
7524.010
7524.620
7525.200
7525.810
7526.410
7527.040
7527.630
7528.250
7528.850
7529.470
7530.060
7530.690
7531.300
7531.910
7532.520
7533.120
7533.750
7534.350
7534.960
7535.560
7536.160
7536.770
7537.370
7537.990
7538.590
7539.190
7539.800
7540.410
7541.010
7541.620
7542.210
7542.830
7543.450
7544.060
7544.680
7545.280
7545.880
7546.500
7547.110
7547.730
7548.330
7548.930
7549.560
7550.170
7550.790
7551.410
7552.040
7552.650
7553.240
7553.860
7554.450
7555.080
7555.650
7556.280
7556.870
7557.480
7558.050
7558.650
7559.280
7559.860
7560.470
7561.100
7561.710
7562.330
7562.920
7563.530
7564.100
7564.710
7565.310
7565.910
7566.570
7567.190
7567.830
7568.430
7569.060
7569.690
7570.320
7570.980
7571.580
7572.220
7572.610
7573.000
7573.390
7573.760
7574.130
7574.510
7574.910
7575.270
7575.670
7576.050
7576.440
7576.820
7577.200
7577.600
7577.990
7578.370
7578.740
7579.130
7579.510
7579.890
7580.270
7580.660
7581.040
7581.430
7581.820
7582.210
7582.590
7582.950
7583.330
7583.730
7584.110
7584.500
7584.890
7585.270
7585.670
7586.060
7586.460
7586.860
7587.260
7587.650
7588.050
7588.450
7588.840
7589.230
7589.640
7590.030
7590.420
7590.810
7591.200
7591.600
7592.010
7592.410
7592.810
7593.210
7593.600
7594.010
7594.400
7594.790
7595.180
7595.580
7595.980
7596.370
7596.760
7597.150
7597.550
7597.930
7598.330
7598.740
7599.130
7599.530
7599.910
7600.300
7600.700
7601.090
7601.480
7601.870
7602.240
7602.630
7603.030
7603.430
7603.820
7604.220
7604.620
7605.010
7605.400
7605.780
7606.180
7606.560
7606.950
7607.350
7607.730
7608.120
7608.510
7608.910
7609.300
7609.710
7610.110
7610.510
7610.910
7611.310
7611.700
7612.110
7612.500
7612.900
7613.300
7613.710
7614.090
7614.480
7614.880
7615.280
7615.660
7616.080
7616.480
7616.880
7617.270
7617.680
7618.070
7618.470
7618.860
7619.270
7619.660
7620.060
7620.460
7620.860
7621.270
7621.660
7622.060
7622.440
7622.850
7623.240
7623.630
7624.030
7624.430
7624.840
7625.230
7625.630
7626.020
7626.430
7626.820
7627.210
7627.620
7628.020
7628.420
7628.820
7629.230
7629.620
7630.020
7630.410
7630.820
7631.220
7631.620
7632.010
7632.410
7632.820
7633.230
7633.630
7634.010
7634.430
7634.820
7635.230
7635.620
7636.030
7636.440
7636.860
7637.260
7637.650
7638.050
7638.450
7638.840
7639.240
7639.620
7640.000
7640.390
7640.760
7641.130
7641.530
7641.930
7642.320
7642.700
7643.090
7643.480
7643.860
7644.240
7644.620
7645.000
7645.380
7645.770
7646.160
7646.550
7646.950
7647.330
7647.730
7648.120
7648.540
7648.930
7649.330
7649.700
7650.100
7650.490
7650.910
7651.300
7651.700
7652.100
7652.500
7652.900
7653.290
7653.680
7654.050
7654.440
7654.860
7655.240
7655.630
7656.040
7656.420
7656.810
7657.210
7657.600
7657.960
7658.340
7658.740
7659.120
7659.520
7659.900
7660.300
7660.700
7661.090
7661.490
7661.880
7662.290
7662.670
7663.060
7663.450
7663.850
7664.250
7664.630
7665.020
7665.420
7665.800
7666.180
7666.580
7666.980
7667.380
7667.760
7668.150
7668.540
7668.930
7669.320
7669.710
7670.100
7670.510
7670.900
7671.290
7671.690
7672.090
7672.480
7672.860
7673.250
7673.640
7674.030
7674.430
7674.830
7675.220
7675.610
7676.010
7676.400
7676.800
7677.180
7677.590
7677.980
7678.380
7678.780
7679.180
7679.580
7679.980
7680.370
7680.780
7681.170
7681.580
7681.970
7682.360
7682.750
7683.140
7683.550
7683.950
7684.350
7684.750
7685.150
7685.560
7685.960
7686.360
7686.770
7687.170
7687.580
7687.990
7688.400
7688.800
7689.210
7689.620
7690.030
7690.440
7690.860
7691.280
7691.680
7692.100
7692.500
7692.910
7693.320
7693.730
7694.140
7694.550
7694.950
7695.380
7695.770
7696.170
7696.570
7696.980
7697.390
7697.800
7698.190
7698.600
7699.020
7699.420
7699.830
7700.220
7700.630
7701.030
7701.430
7701.830
7702.220
7702.630
7703.030
7703.420
7703.820
7704.230
7704.640
7705.050
7705.450
7705.860
7706.250
7706.670
7707.070
7707.450
7707.880
7708.270
7708.700
7709.100
7709.510
7709.920
7710.330
7710.710
7711.120
7711.530
7711.930
7712.330
7712.740
7713.160
7713.560
7713.960
7714.380
7714.770
7715.180
7715.580
7715.980
7716.400
7716.810
7717.220
7717.620
7718.030
7718.440
7718.850
7719.250
7719.680
7720.070
7720.470
7720.880
7721.290
7721.700
7722.100
7722.500
7722.910
7723.320
7723.720
7724.130
7724.530
7724.910
7725.310
7725.710
7726.130
7726.530
7726.930
7727.330
7727.740
7728.140
7728.550
7728.940
7729.360
7729.750
7730.150
7730.550
7730.950
7731.360
7731.760
7732.170
7732.590
7732.980
7733.380
7733.780
7734.180
7734.600
7735.010
7735.410
7735.810
7736.230
7736.650
7737.060
7737.480
7737.910
7738.330
7738.740
7739.150
7739.570
7739.990
7740.420
7740.830
7741.260
7741.690
7742.230
7742.870
7743.560
7744.300
7745.050
7745.780
7746.510
7747.210
7747.970
7748.670
7749.400
7750.110
7750.830
7751.560
7752.270
7752.970
7753.710
7754.400
7755.120
7755.820
7756.590
7757.320
7758.050
7758.750
7759.430
7760.140
7760.840
7761.550
7762.340
7763.080
7763.840
7764.540
7765.300
7766.040
7766.790
7767.500
7768.280
7769.010
7769.760
7770.520
7771.280
7772.030
7772.790
7773.530
7774.320
7775.040
7775.820
7776.560
7777.290
7778.060
7778.840
7779.590
7780.370
7781.110
7781.920
7782.640
7783.390
7784.120
7784.890
7785.610
7786.390
7787.130
7787.870
7788.600
7789.380
7790.130
7790.890
7791.620
7792.370
7793.100
7793.880
7794.600
7795.370
7796.090
7796.850
7797.590
7798.360
7799.090
7799.860
7800.600
7801.360
7802.100
7802.890
7803.610
7804.410
7805.130
7805.900
7806.650
7807.410
7808.140
7808.900
7809.630
7810.420
7811.160
7811.930
7812.660
7813.450
7814.180
7814.980
7815.740
7816.510
7817.250
7818.020
7818.790
7819.590
7820.350
7821.080
7821.860
7822.590
7823.380
7824.200
7824.990
7825.770
7826.480
7827.250
7828.010
7828.770
7829.480
7830.250
7831.010
7831.800
7832.520
7833.310
7834.020
7834.800
7835.530
7836.250
7836.990
7837.760
7838.470
7839.230
7839.970
7840.720
7841.460
7842.230
7842.990
7843.760
7844.490
7845.240
7846.000
7846.760
7847.510
7848.270
7849.000
7849.770
7850.510
7851.290
7852.020
7852.800
7853.580
7854.300
7855.070
7855.810
7856.540
7857.280
7858.030
7858.790
7859.530
7860.250
7861.000
7861.740
7862.460
7863.240
7863.970
7864.750
7865.460
7866.240
7866.980
7867.720
7868.440
7869.200
7869.920
7870.640
7871.380
7872.090
7872.860
7873.610
7874.320
7875.080
7875.820
7876.560
7877.280
7878.030
7878.750
7879.510
7880.240
7880.980
7881.710
7882.480
7883.230
7883.960
7884.650
7885.390
7886.140
7886.920
7887.660
7888.420
7889.140
7889.880
7890.640
7891.380
7892.120
7892.840
7893.590
7894.330
7895.110
7895.850
7896.590
7897.350
7898.110
7898.900
7899.650
7900.400
7901.150
7901.930
7902.690
7903.430
7904.140
7904.910
7905.630
7906.430
7907.150
7907.940
7908.670
7909.430
7910.180
7910.950
7911.660
7912.450
7913.150
7913.920
7914.640
7915.400
7916.110
7916.890
7917.610
7918.370
7919.070
7919.840
7920.580
7921.340
7922.050
7922.840
7923.560
7924.320
7925.080
7925.840
7926.570
7927.300
7928.040
7928.800
7929.550
7930.260
7931.020
7931.790
7932.470
7933.200
7933.950
7934.650
7935.390
7936.110
7936.870
7937.660
7938.460
7939.260
7940.050
7940.840
7941.610
7942.370
7943.150
7943.970
7944.740
7945.530
7946.310
7947.070
7947.880
7948.660
7949.460
7950.260
7951.060
7951.860
7952.650
7953.410
7954.170
7954.930
7955.710
7956.480
7957.250
7958.020
7958.800
7959.560
7960.330
7961.120
7961.890
7962.670
7963.470
7964.260
7965.050
7965.850
7966.630
7967.420
7968.210
7968.990
7969.780
7970.550
7971.320
7972.100
7972.880
7973.670
7974.430
7975.200
7975.980
7976.750
7977.550
7978.290
7979.050
7979.860
7980.640
7981.400
7982.170
7982.980
7983.750
7984.500
7985.290
7986.040
7986.810
7987.610
7988.360
7989.150
7989.920
7990.680
7991.440
7992.230
7993.000
7993.740
7994.510
7995.310
7996.090
7996.880
7997.660
7998.450
7999.210
7999.990
8000.760
8001.520
8002.290
8003.080
8003.860
8004.590
8005.390
8006.150
8006.940
8007.710
8008.450
8009.210
8009.970
8010.710
8011.460
8012.240
8012.990
8013.740
8014.460
8015.230
8015.990
8016.750
8017.520
8018.280
8019.070
8019.830
8020.580
8021.330
8022.080
8022.860
8023.630
8024.410
8025.150
8025.930
8026.700
8027.450
8028.230
8028.970
8029.780
8030.530
8031.290
8032.080
8032.840
8033.610
8034.360
8035.100
8035.870
8036.640
8037.410
8038.180
8038.910
8039.710
8040.470
8041.250
8042.020
8042.820
8043.370
8043.860
8044.370
8044.800
8045.210
8045.640
8046.080
8046.520
8046.950
8047.360
8047.810
8048.270
8048.700
8049.170
8049.620
8050.070
8050.520
8050.990
8051.480
8051.970
8052.460
8052.950
8053.420
8053.890
8054.370
8054.870
8055.360
8055.860
8056.360
8056.830
8057.330
8057.820
8058.310
8058.790
8059.270
8059.780
8060.270
8060.760
8061.240
8061.720
8062.200
8062.710
8063.200
8063.680
8064.160
8064.660
8065.140
8065.650
8066.140
8066.630
8067.130
8067.630
8068.120
8068.620
8069.120
8069.630
8070.120
8070.620
8071.090
8071.590
8072.090
8072.600
8073.100
8073.610
8074.090
8074.590
8075.100
8075.570
8076.090
8076.580
8077.080
8077.570
8078.090
8078.590
8079.090
8079.580
8080.080
8080.570
8081.070
8081.570
8082.090
8082.590
8083.100
8083.600
8084.110
8084.610
8085.120
8085.620
8086.100
8086.590
8087.110
8087.620
8088.140
8088.640
8089.140
8089.640
8090.130
8090.620
8091.130
8091.630
8092.130
8092.630
8093.120
8093.620
8094.130
8094.640
8095.130
8095.640
8096.140
8096.650
8097.150
8097.630
8098.140
8098.640
8099.130
8099.640
8100.150
8100.660
8101.170
8101.660
8102.150
8102.650
8103.170
8103.680
8104.200
8104.700
8105.200
8105.730
8106.250
8106.750
8107.270
8107.760
8108.290
8108.800
8109.310
8109.800
8110.310
8110.830
8111.340
8111.850
8112.350
8112.840
8113.350
8113.850
8114.370
8114.870
8115.400
8115.920
8116.430
8116.910
8117.380
8117.870
8118.360
8118.860
8119.370
8119.860
8120.390
8120.890
8121.360
8121.870
8122.390
8122.910
8123.420
8123.910
8124.430
8124.900
8125.400
8125.870
8126.360
8126.880
8127.350
8127.850
8128.340
8128.830
8129.220
8129.650
8130.050
8130.450
8130.880
8131.290
8131.700
8132.090
8132.520
8132.930
8133.340
8133.740
8134.140
8134.530
8134.930
8135.340
8135.730
8136.140
8136.520
8136.910
8137.300
8137.690
8138.090
8138.480
8138.880
8139.250
8139.640
8140.030
8140.430
8140.830
8141.220
8141.620
8142.020
8142.420
8142.820
8143.210
8143.600
8143.990
8144.400
8144.800
8145.190
8145.580
8145.970
8146.370
8146.760
8147.160
8147.560
8147.950
8148.340
8148.740
8149.120
8149.530
8149.920
8150.300
8150.690
8151.080
8151.470
8151.860
8152.250
8152.650
8153.050
8153.440
8153.840
8154.220
8154.620
8155.020
8155.410
8155.790
8156.200
8156.590
8157.000
8157.400
8157.790
8158.190
8158.590
8158.990
8159.380
8159.780
8160.180
8160.580
8160.980
8161.390
8161.790
8162.180
8162.560
8162.980
8163.370
8163.780
8164.180
8164.570
8164.970
8165.360
8165.750
8166.150
8166.540
8166.940
8167.340
8167.750
8168.140
8168.530
8168.930
8169.330
8169.730
8170.120
8170.510
8170.910
8171.290
8171.690
8172.080
8172.480
8172.860
8173.270
8173.670
8174.060
8174.470
8174.860
8175.250
8175.650
8176.030
8176.430
8176.820
8177.230
8177.640
8178.020
8178.420
8178.820
8179.210
8179.620
8180.020
8180.420
8180.800
8181.200
8181.610
8182.010
8182.410
8182.820
8183.210
8183.610
8184.010
8184.400
8184.820
8185.200
8185.600
8185.990
8186.370
8186.780
8187.170
8187.590
8187.990
8188.370
8188.770
8189.170
8189.570
8189.980
8190.380
8190.780
8191.160
8191.550
8191.970
8192.350
8192.750
8193.160
8193.570
8193.960
8194.360
8194.750
8195.150
8195.540
8195.940
8196.320
8196.730
8197.120
8197.540
8197.930
8198.320
8198.730
8199.110
8199.520
8199.900
8200.290
8200.680
8201.080
8201.480
8201.880
8202.270
8202.690
8203.080
8203.480
8203.870
8204.270
8204.670
8205.070
8205.470
8205.860
8206.260
8206.650
8207.050
8207.440
8207.840
8208.240
8208.640
8209.030
8209.420
8209.820
8210.210
8210.610
8211.000
8211.400
8211.790
8212.190
8212.590
8212.980
8213.380
8213.770
8214.160
8214.560
8214.950
8215.350
8215.750
8216.140
8216.540
8216.950
8217.340
8217.750
8218.140
8218.540
8218.930
8219.330
8219.710
8220.110
8220.510
8220.900
8221.300
8221.700
8222.090
8222.490
8222.880
8223.270
8223.660
8224.060
8224.450
8224.840
8225.240
8225.630
8226.020
8226.410
8226.810
8227.200
8227.590
8227.980
8228.380
8228.770
8229.160
8229.560
8229.950
8230.360
8230.760
8231.150
8231.540
8231.930
8232.330
8232.720
8233.120
8233.520
8233.920
8234.320
8234.730
8235.120
8235.520
8235.920
8236.320
8236.710
8237.120
8237.510
8237.910
8238.310
8238.720
8239.110
8239.510
8239.900
8240.300
8240.690
8241.100
8241.490
8241.900
8242.290
8242.700
8243.110
8243.510
8243.910
8244.310
8244.720
8245.110
8245.510
8245.910
8246.320
8246.730
8247.120
8247.510
8247.920
8248.320
8248.720
8249.120
8249.530
8249.930
8250.330
8250.710
8251.110
8251.520
8251.910
8252.300
8252.690
8253.080
8253.480
8253.870
8254.280
8254.670
8255.080
8255.460
8255.870
8256.280
8256.670
8257.070
8257.460
8257.870
8258.260
8258.670
8259.070
8259.470
8259.870
8260.280
8260.680
8261.070
8261.480
8261.880
8262.290
8262.690
8263.080
8263.490
8263.890
8264.290
8264.690
8265.090
8265.490
8265.880
8266.280
8266.670
8267.070
8267.470
8267.860
8268.260
8268.660
8269.040
8269.460
8269.850
8270.250
8270.640
8271.040
8271.440
8271.860
8272.230
8272.630
8273.030
8273.430
8273.830
8274.220
8274.610
8275.030
8275.430
8275.820
8276.210
8276.610
8277.010
8277.420
8277.820
8278.230
8278.620
8279.030
8279.430
8279.830
8280.220
8280.610
8281.010
8281.410
8281.810
8282.220
8282.610
8283.010
8283.420
8283.810
8284.190
8284.600
8284.990
8285.390
8285.770
8286.170
8286.590
8286.990
8287.380
8287.790
8288.180
8288.580
8288.980
8289.370
8289.770
8290.160
8290.560
8290.950
8291.340
8291.740
8292.130
8292.530
8292.920
8293.330
8293.730
8294.120
8294.510
8294.910
8295.300
8295.700
8296.080
8296.480
8296.870
8297.250
8297.660
8298.050
8298.440
8298.840
8299.240
8299.640
8300.020
8300.430
8300.810
8301.200
8301.590
8301.990
8302.390
8302.790
8303.170
8303.570
8303.970
8304.360
8304.750
8305.150
8305.540
8305.940
8306.340
8306.740
8307.140
8307.550
8307.940
8308.330
8308.730
8309.140
8309.520
8309.920
8310.320
8310.700
8311.100
8311.500
8311.890
8312.290
8312.680
8313.070
8313.480
8313.850
8314.250
8314.650
8315.040
8315.410
8315.810
8316.250
8316.730
8317.260
8317.800
8318.350
8318.910
8319.440
8319.950
8320.490
8321.020
8321.540
8322.060
8322.570
8323.080
8323.590
8324.090
8324.600
8325.120
8325.640
8326.150
8326.640
8327.150
8327.650
8328.150
8328.670
8329.170
8329.670
8330.160
8330.650
8331.150
8331.660
8332.150
8332.640
8333.140
8333.640
8334.180
8334.670
8335.190
8335.700
8336.200
8336.730
8337.240
8337.750
8338.250
8338.760
8339.260
8339.780
8340.270
8340.750
8341.270
8341.780
8342.280
8342.820
8343.310
8343.840
8344.350
8344.860
8345.380
8345.880
8346.390
8346.910
8347.420
8347.910
8348.430
8348.960
8349.460
8349.970
8350.510
8351.020
8351.500
8352.030
8352.530
8353.060
8353.570
8354.100
8354.620
8355.130
8355.640
8356.140
8356.650
8357.180
8357.690
8358.220
8358.730
8359.260
8359.790
8360.300
8360.800
8361.320
8361.830
8362.360
8362.870
8363.400
8363.920
8364.440
8364.950
8365.470
8365.990
8366.510
8367.040
8367.560
8368.100
8368.630
8369.140
8369.650
8370.170
8370.690
8371.210
8371.720
8372.270
8372.790
8373.300
8373.820
8374.330
8374.870
8375.360
8375.880
8376.390
8376.910
8377.420
8377.940
8378.450
8378.960
8379.470
8379.990
8380.480
8380.990
8381.500
8382.030
8382.540
8383.090
8383.570
8384.060
8384.560
8385.060
8385.590
8386.090
8386.580
8387.100
8387.610
8388.130
8388.650
8389.180
8389.690
8390.200
8390.720
8391.270
8391.760
8392.260
8392.760
8393.270
8393.760
8394.280
8394.790
8395.290
8395.790
8396.310
8396.820
8397.330
8397.850
8398.350
8398.890
8399.400
8399.900
8400.420
8400.970
8401.470
8401.990
8402.480
8402.980
8403.500
8404.010
8404.510
8405.040
8405.540
8406.060
8406.560
8407.050
8407.590
8408.080
8408.600
8409.090
8409.610
8410.090
8410.600
8411.100
8411.630
8412.140
8412.650
8413.170
8413.670
8414.180
8414.710
8415.220
8415.730
8416.230
8416.730
8417.230
8417.740
8418.260
8418.790
8419.290
8419.810
8420.300
8420.830
8421.340
8421.860
8422.370
8422.890
8423.410
8423.920
8424.440
8424.950
8425.460
8425.980
8426.490
8427.020
8427.550
8428.060
8428.590
8429.100
8429.610
8430.140
8430.680
8431.210
8431.780
8432.310
8432.820
8433.360
8433.880
8434.400
8434.920
8435.450
8435.980
8436.500
8437.010
8437.550
8438.080
8438.610
8439.130
8439.660
8440.190
8440.710
8441.220
8441.750
8442.270
8442.800
8443.320
8443.830
8444.360
8444.880
8445.410
8445.930
8446.470
8447.000
8447.520
8448.040
8448.540
8449.060
8449.600
8450.110
8450.620
8451.140
8451.650
8452.170
8452.680
8453.210
8453.730
8454.250
8454.780
8455.300
8455.810
8456.340
8456.850
8457.370
8457.890
8458.430
8458.960
8459.480
8459.990
8460.510
8461.040
8461.570
8462.090
8462.600
8463.120
8463.640
8464.180
8464.700
8465.210
8465.750
8466.270
8466.790
8467.310
8467.830
8468.320
8468.810
8469.290
8469.750
8470.250
8470.740
8471.290
8471.810
8472.330
8472.850
8473.340
8473.870
8474.420
8474.960
8475.480
8475.940
8476.430
8476.920
8477.460
8478.030
8478.590
8479.200
8479.870
8480.500
8481.130
8481.790
8482.420
8483.060
8483.710
8484.330
8484.960
8485.570
8486.210
8486.840
8487.470
8488.120
8488.770
8489.380
8489.990
8490.620
8491.260
8491.880
8492.510
8493.150
8493.760
8494.390
8495.020
8495.630
8496.240
8496.880
8497.480
8498.110
8498.720
8499.320
8499.930
8500.570
8501.170
8501.790
8502.420
8503.040
8503.650
8504.250
8504.860
8505.480
8506.100
8506.710
8507.330
8507.940
8508.580
8509.200
8509.840
8510.450
8511.070
8511.690
8512.310
8512.920
8513.550
8514.170
8514.790
8515.420
8516.050
8516.660
8517.310
8517.940
8518.580
8519.200
8519.830
8520.470
8521.070
8521.710
8522.330
8522.940
8523.570
8524.170
8524.810
8525.430
8526.090
8526.700
8527.340
8527.930
8528.550
8529.180
8529.820
8530.410
8531.060
8531.640
8532.260
8532.860
8533.490
8534.110
8534.710
8535.310
8535.930
8536.570
8537.170
8537.790
8538.400
8539.020
8539.620
8540.260
8540.870
8541.470
8542.100
8542.710
8543.340
8543.960
8544.580
8545.220
8545.820
8546.440
8547.070
8547.690
8548.320
8548.940
8549.530
8550.170
8550.790
8551.410
8552.020
8552.660
8553.270
8553.910
8554.540
8555.180
8555.840
8556.460
8557.120
8557.740
8558.360
8558.990
8559.610
8560.250
8560.870
8561.510
8562.120
8562.750
8563.380
8563.990
8564.630
8565.260
8565.920
8566.550
8567.190
8567.820
8568.460
8569.090
8569.740
8570.380
8571.030
8571.650
8572.280
8572.910
8573.560
8574.190
8574.820
8575.450
8576.100
8576.740
8577.370
8578.010
8578.640
8579.280
8579.930
8580.540
8581.200
8581.850
8582.480
8583.120
8583.760
8584.380
8585.040
8585.670
8586.310
8586.920
8587.590
8588.240
8588.880
8589.530
8590.140
8590.800
8591.430
8592.050
8592.680
8593.300
8593.960
8594.590
8595.230
8595.840
8596.480
8597.090
8597.710
8598.310
8598.930
8599.610
8600.250
8600.890
8601.530
8602.190
8602.830
8603.480
8604.100
8604.720
8605.360
8606.010
8606.640
8607.280
8607.910
8608.530
8609.180
8609.810
8610.430
8611.060
8611.690
8612.330
8612.970
8613.620
8614.260
8614.910
8615.540
8616.180
8616.810
8617.470
8618.090
8618.710
8619.360
8619.980
8620.640
8621.290
8621.900
8622.530
8623.170
8623.830
8624.460
8625.090
8625.760
8626.410
8627.040
8627.680
8628.320
8628.960
8629.610
8630.250
8630.880
8631.570
8632.190
8632.830
8633.520
8634.140
8634.770
8635.440
8636.080
8636.700
8637.340
8638.010
8638.630
8639.290
8639.940
8640.590
8641.260
8641.870
8642.530
8643.180
8643.830
8644.440
8645.110
8645.730
8646.380
8647.040
8647.690
8648.340
8648.980
8649.640
8650.270
8650.920
8651.540
8652.170
8652.820
8653.460
8654.100
8654.760
8655.380
8656.040
8656.670
8657.320
8657.950
8658.590
8659.230
8659.870
8660.520
8661.150
8661.770
8662.410
8663.030
8663.650
8664.280
8664.900
8665.510
8666.140
8666.760
8667.380
8668.000
8668.600
8669.250
8669.890
8670.510
8671.110
8671.740
8672.350
8672.960
8673.570
8674.180
8674.810
8675.460
8676.070
8676.720
8677.320
8677.950
8678.610
8679.260
8679.900
8680.520
8681.180
8681.790
8682.430
8683.030
8683.650
8684.230
8684.860
8685.480
8686.050
8686.650
8687.230
8687.820
8688.390
8688.990
8689.620
8690.290
8690.920
8691.550
8692.200
8692.850
8693.460
8694.110
8694.740
8695.370
8696.010
8696.640
8697.270
8697.890
8698.560
8699.170
8699.830
8700.480
8701.110
8701.730
8702.360
8703.000
8703.650
8704.270
8704.900
8705.520
8706.170
8706.800
8707.450
8708.090
8708.740
8709.380
8710.010
8710.640
8711.290
8711.930
8712.580
8713.230
8713.870
8714.510
8715.180
8715.810
8716.450
8717.100
8717.740
8718.380
8718.980
8719.650
8720.260
8720.930
8721.580
8722.240
8722.890
8723.530
8724.140
8724.800
8725.430
8726.060
8726.720
8727.370
8728.000
8728.650
8729.280
8729.920
8730.560
8731.190
8731.840
8732.480
8733.120
8733.770
8734.420
8735.060
8735.710
8736.350
8737.000
8737.680
8738.300
8738.960
8739.610
8740.270
8740.900
8741.530
8742.170
8742.810
8743.450
8744.090
8744.710
8745.370
8746.020
8746.640
8747.280
8747.920
8748.530
8749.200
8749.830
8750.470
8751.100
8751.750
8752.410
8753.050
8753.670
8754.310
8754.970
8755.620
8756.270
8756.930
8757.550
8758.200
8758.840
8759.470
8760.120
8760.770
8761.400
8762.030
8762.670
8763.320
8763.940
8764.560
8765.200
8765.850
8766.450
8767.090
8767.720
8768.360
8769.000
8769.640
8770.270
8770.910
8771.540
8772.170
8772.830
8773.450
8774.120
8774.740
8775.390
8776.020
8776.660
8777.310
8777.970
8778.610
8779.240
8779.890
8780.530
8781.150
8781.770
8782.430
8783.050
8783.700
8784.340
8784.960
8785.610
8786.240
8786.850
8787.490
8788.120
8788.750
8789.380
8790.000
8790.650
8791.310
8791.930
8792.560
8793.210
8793.860
8794.500
8795.120
8795.740
8796.410
8797.030
8797.690
8798.320
8798.950
8799.600
8800.240
8800.880
8801.530
8802.190
8802.820
8803.460
8804.120
8804.720
8805.370
8806.000
8806.640
8807.290
8807.950
8808.610
8809.250
8809.910
8810.570
8811.210
8811.860
8812.520
8813.140
8813.780
8814.440
8815.060
8815.710
8816.360
8816.980
8817.610
8818.290
8818.930
8819.570
8820.200
8820.860
8821.500
8822.140
8822.790
8823.400
8824.050
8824.690
8825.360
8826.030
8826.700
8827.340
8827.990
8828.630
8829.280
8829.910
8830.560
8831.200
8831.850
8832.490
8833.130
8833.760
8834.390
8835.040
8835.680
8836.310
8836.950
8837.580
8838.220
8838.860
8839.510
8840.120
8840.760
8841.390
8842.020
8842.630
8843.260
8843.880
8844.520
8845.190
8845.800
8846.460
8847.100
8847.750
8848.380
8849.010
8849.650
8850.290
8850.920
8851.530
8852.160
8852.820
8853.450
8854.080
8854.690
8855.360
8855.980
8856.630
8857.270
8857.900
8858.550
8859.160
8859.800
8860.420
8861.080
8861.710
8862.350
8863.000
8863.620
8864.250
8864.880
8865.520
8866.170
8866.800
8867.470
8868.100
8868.850
8869.610
8870.320
8871.090
8871.800
8872.550
8873.320
8874.070
8874.800
8875.570
8876.330
8877.080
8877.840
8878.600
8879.330
8880.130
8880.850
8881.670
8882.430
8883.210
8883.980
8884.790
8885.570
8886.400
8887.150
8887.920
8888.710
8889.460
8890.270
8891.010
8891.810
8892.580
8893.400
8894.140
8894.960
8895.700
8896.520
8897.280
8898.090
8898.880
8899.670
8900.450
8901.240
8902.000
8902.820
8903.570
8904.380
8905.160
8905.930
8906.720
8907.480
8908.260
8909.060
8909.850
8910.660
8911.470
8912.270
8913.020
8913.790
8914.590
8915.400
8916.170
8917.010
8917.770
8918.600
8919.360
8920.170
8920.910
8921.690
8922.500
8923.300
8924.080
8924.890
8925.670
8926.520
8927.330
8928.110
8928.900
8929.690
8930.430
8931.250
8931.990
8932.800
8933.560
8934.390
8935.190
8935.960
8936.740
8937.570
8938.360
8939.140
8939.900
8940.710
8941.500
8942.310
8943.060
8943.890
8944.660
8945.460
8946.260
8947.050
8947.870
8948.680
8949.480
8950.270
8951.040
8951.790
8952.580
8953.380
8954.200
8954.980
8955.740
8956.570
8957.340
8958.110
8958.930
8959.720
8960.540
8961.340
8962.120
8962.930
8963.710
8964.510
8965.280
8966.100
8966.880
8967.720
8968.480
8969.290
8970.080
8970.890
8971.660
8972.470
8973.270
8974.090
8974.860
8975.680
8976.490
8977.290
8978.070
8978.890
8979.660
8980.480
8981.260
8982.030
8982.740
8983.510
8984.290
8985.090
8985.860
8986.620
8987.330
8988.070
8988.820
8989.580
8990.330
8991.070
8991.830
8992.580
8993.370
8994.140
8994.970
8995.770
8996.580
8997.390
8998.190
8999.000
8999.830
9000.610
9001.410
9002.190
9002.990
9003.780
9004.590
9005.410
9006.170
9007.000
9007.770
9008.590
9009.350
9010.160
9010.980
9011.770
9012.550
9013.330
9014.120
9014.960
9015.730
9016.520
9017.310
9018.130
9018.910
9019.700
9020.500
9021.280
9022.080
9022.840
9023.670
9024.480
9025.240
9026.050
9026.880
9027.650
9028.390
9029.170
9029.940
9030.730
9031.490
9032.240
9033.010
9033.770
9034.520
9035.360
9036.210
9037.040
9037.800
9038.550
9039.310
9040.110
9040.890
9041.640
9042.380
9043.050
9043.770
9044.500
9045.180
9045.890
9046.640
9047.350
9048.020
9048.770
9049.420
9050.090
9050.760
9051.430
9052.100
9052.790
9053.470
9054.130
9054.830
9055.500
9056.200
9056.870
9057.550
9058.230
9058.890
9059.560
9060.250
9060.910
9061.600
9062.270
9062.930
9063.620
9064.300
9064.940
9065.600
9066.270
9066.950
9067.610
9068.270
9068.950
9069.610
9070.290
9070.940
9071.620
9072.270
9072.940
9073.610
9074.290
9074.970
9075.620
9076.290
9076.960
9077.610
9078.280
9078.960
9079.630
9080.300
9080.980
9081.650
9082.310
9083.010
9083.670
9084.360
9084.990
9085.670
9086.330
9086.980
9087.620
9088.320
9088.950
9089.610
9090.300
9090.970
9091.620
9092.270
9092.950
9093.600
9094.270
9094.920
9095.610
9096.310
9096.980
9097.630
9098.300
9098.970
9099.630
9100.280
9100.940
9101.600
9102.260
9102.940
9103.620
9104.260
9104.940
9105.610
9106.290
9106.950
9107.600
9108.240
9108.880
9109.550
9110.210
9110.840
9111.490
9112.180
9112.810
9113.470
9114.160
9114.790
9115.450
9116.100
9116.800
9117.440
9118.090
9118.780
9119.440
9120.110
9120.760
9121.430
9122.090
9122.750
9123.440
9124.120
9124.800
9125.480
9126.160
9126.810
9127.500
9128.150
9128.790
9129.470
9130.150
9130.800
9131.480
9132.130
9132.780
9133.460
9134.130
9134.800
9135.460
9136.130
9136.830
9137.490
9138.210
9138.880
9139.520
9140.200
9140.880
9141.520
9142.170
9142.850
9143.530
9144.190
9144.860
9145.530
9146.200
9146.830
9147.510
9148.190
9148.860
9149.530
9150.200
9150.840
9151.500
9152.150
9152.840
9153.470
9154.130
9154.810
9155.470
9156.140
9156.820
9157.500
9158.160
9158.820
9159.500
9160.150
9160.820
9161.470
9162.160
9162.820
9163.490
9164.150
9164.810
9165.470
9166.120
9166.790
9167.450
9168.090
9168.770
9169.400
9170.100
9170.760
9171.450
9172.120
9172.790
9173.450
9174.110
9174.770
9175.460
9176.140
9176.790
9177.470
9178.110
9178.780
9179.450
9180.130
9180.800
9181.440
9182.110
9182.800
9183.440
9184.100
9184.760
9185.430
9186.100
9186.750
9187.420
9188.070
9188.750
9189.420
9190.110
9190.770
9191.450
9192.100
9192.760
9193.410
9194.060
9194.740
9195.400
9196.090
9196.780
9197.430
9198.140
9198.810
9199.470
9200.140
9200.840
9201.510
9202.170
9202.830
9203.490
9204.140
9204.810
9205.480
9206.160
9206.830
9207.500
9208.180
9208.830
9209.510
9210.170
9210.860
9211.530
9212.220
9212.920
9213.580
9214.250
9214.900
9215.590
9216.250
9216.920
9217.580
9218.260
9218.940
9219.600
9220.290
9220.960
9221.610
9222.240
9222.930
9223.590
9224.250
9224.930
9225.580
9226.250
9226.900
9227.550
9228.190
9228.840
9229.470
9230.140
9230.710
9231.240
9231.800
9232.330
9232.880
9233.430
9233.940
9234.500
9235.030
9235.560
9236.080
9236.590
9237.140
9237.640
9238.160
9238.710
9239.230
9239.750
9240.280
9240.810
9241.330
9241.860
9242.390
9242.920
9243.460
9244.000
9244.520
9245.060
9245.580
9246.110
9246.620
9247.120
9247.650
9248.160
9248.720
9249.250
9249.790
9250.330
9250.880
9251.400
9251.920
9252.460
9252.990
9253.520
9254.070
9254.600
9255.140
9255.680
9256.200
9256.730
9257.260
9257.800
9258.330
9258.870
9259.390
9259.940
9260.470
9261.000
9261.530
9262.060
9262.610
9263.140
9263.670
9264.210
9264.740
9265.270
9265.800
9266.330
9266.850
9267.390
9267.920
9268.450
9268.960
9269.510
9270.060
9270.590
9271.130
9271.670
9272.210
9272.740
9273.270
9273.820
9274.340
9274.880
9275.400
9275.940
9276.470
9277.010
9277.550
9278.090
9278.620
9279.150
9279.670
9280.220
9280.750
9281.280
9281.830
9282.350
9282.890
9283.430
9283.960
9284.490
9285.020
9285.550
9286.090
9286.620
9287.160
9287.680
9288.220
9288.760
9289.280
9289.820
9290.350
9290.890
9291.430
9291.970
9292.490
9293.020
9293.560
9294.080
9294.610
9295.150
9295.680
9296.210
9296.760
9297.300
9297.830
9298.370
9298.910
9299.440
9299.980
9300.530
9301.070
9301.610
9302.150
9302.690
9303.230
9303.770
9304.320
9304.850
9305.400
9305.950
9306.490
9307.020
9307.550
9308.080
9308.610
9309.150
9309.680
9310.220
9310.750
9311.300
9311.840
9312.380
9312.910
9313.450
9314.000
9314.530
9315.080
9315.610
9316.140
9316.680
9317.210
9317.730
9318.260
9318.800
9319.340
9319.860
9320.420
9320.950
9321.510
9322.040
9322.570
9323.120
9323.640
9324.190
9324.730
9325.270
9325.800
9326.350
9326.880
9327.410
9327.940
9328.480
9329.010
9329.530
9330.060
9330.590
9331.130
9331.650
9332.190
9332.710
9333.250
9333.780
9334.300
9334.820
9335.360
9335.900
9336.420
9336.940
9337.470
9338.000
9338.530
9339.060
9339.580
9340.120
9340.650
9341.190
9341.730
9342.260
9342.790
9343.330
9343.860
9344.380
9344.910
9345.460
9345.980
9346.510
9347.060
9347.590
9348.150
9348.680
9349.230
9349.770
9350.320
9350.890
9351.410
9351.940
9352.480
9353.000
9353.550
9354.080
9354.630
9355.180
9355.720
9356.270
9356.810
9357.340
9357.860
9358.430
9358.960
9359.500
9360.040
9360.570
9361.100
9361.630
9362.150
9362.700
9363.240
9363.780
9364.320
9364.850
9365.360
9365.890
9366.430
9366.970
9367.500
9368.050
9368.590
9369.120
9369.650
9370.170
9370.700
9371.230
9371.770
9372.290
9372.830
9373.350
9373.900
9374.420
9374.950
9375.490
9376.020
9376.540
9377.090
9377.630
9378.170
9378.710
9379.230
9379.770
9380.310
9380.850
9381.380
9381.910
9382.460
9382.990
9383.530
9384.050
9384.570
9385.120
9385.620
9386.160
9386.700
9387.220
9387.750
9388.300
9388.830
9389.350
9389.880
9390.410
9390.940
9391.480
9392.020
9392.560
9393.090
9393.620
9394.150
9394.680
9395.210
9395.730
9396.250
9396.780
9397.320
9397.870
9398.390
9398.920
9399.470
9400.020
9400.550
9401.150
9401.700
9402.260
9402.830
9403.430
9404.000
9404.550
9405.070
9405.610
9406.160
9406.700
9407.250
9407.780
9408.320
9408.870
9409.390
9409.940
9410.480
9411.030
9411.570
9412.090
9412.630
9413.160
9413.670
9414.200
9414.750
9415.280
9415.830
9416.370
9416.910
9417.450
9417.980
9418.520
9419.040
9419.580
9420.140
9420.660
9421.200
9421.740
9422.280
9422.800
9423.340
9423.870
9424.410
9424.950
9425.480
9426.020
9426.540
9427.060
9427.570
9428.100
9428.650
9429.170
9429.720
9430.240
9430.780
9431.310
9431.850
9432.380
9432.900
9433.430
9433.960
9434.480
9435.020
9435.530
9436.050
9436.600
9437.120
9437.650
9438.190
9438.700
9439.250
9439.770
9440.310
9440.840
9441.370
9441.910
9442.440
9442.980
9443.500
9444.030
9444.550
9445.080
9445.600
9446.140
9446.670
9447.190
9447.720
9448.250
9448.780
9449.320
9449.840
9450.380
9450.920
9451.450
9451.980
9452.520
9453.060
9453.580
9454.110
9454.660
9455.180
9455.730
9456.250
9456.770
9457.320
9457.840
9458.380
9458.910
9459.440
9459.970
9460.500
9461.020
9461.540
9462.100
9462.640
9463.190
9463.720
9464.240
9464.790
9465.330
9465.870
9466.400
9466.950
9467.500
9468.040
9468.570
9469.090
9469.620
9470.150
9470.690
9471.230
9471.780
9472.310
9472.840
9473.380
9473.910
9474.460
9474.990
9475.540
9476.060
9476.590
9477.130
9477.670
9478.200
9478.740
9479.280
9479.810
9480.350
9480.890
9481.430
9481.960
9482.490
9483.030
9483.570
9484.110
9484.640
9485.170
9485.710
9486.220
9486.770
9487.290
9487.830
9488.380
9488.920
9489.440
9489.990
9490.520
9491.050
9491.580
9492.110
9492.650
9493.190
9493.710
9494.250
9494.760
9495.270
9495.800
9496.330
9496.840
9497.360
9497.880
9498.400
9498.910
9499.440
9499.980
9500.520
9501.040
9501.560
9502.090
9502.630
9503.180
9503.720
9504.260
9504.800
9505.310
9505.850
9506.400
9506.940
9507.470
9508.000
9508.540
9509.070
9509.600
9510.130
9510.670
9511.190
9511.730
9512.260
9512.800
9513.310
9513.840
9514.360
9514.890
9515.420
9515.970
9516.500
9517.010
9517.550
9518.090
9518.630
9519.160
9519.700
9520.220
9520.740
9521.260
9521.780
9522.320
9522.840
9523.380
9523.920
9524.470
9525.010
9525.560
9526.110
9526.640
9527.170
9527.710
9528.270
9528.800
9529.310
9529.860
9530.400
9530.940
9531.460
9532.000
9532.540
9533.070
9533.600
9534.130
9534.650
9535.190
9535.720
9536.240
9536.790
9537.300
9537.830
9538.350
9538.900
9539.450
9539.970
9540.510
9541.040
9541.590
9542.130
9542.660
9543.200
9543.730
9544.270
9544.800
9545.340
9545.880
9546.420
9546.950
9547.500
9548.050
9548.560
9549.090
9549.640
9550.180
9550.730
9551.280
9551.800
9552.360
9552.890
9553.430
9553.940
9554.490
9555.040
9555.570
9556.100
9556.640
9557.180
9557.710
9558.230
9558.780
9559.310
9559.840
9560.350
9560.890
9561.430
9561.960
9562.500
9563.040
9563.580
9564.100
9564.650
9565.190
9565.720
9566.260
9566.810
9567.350
9567.870
9568.410
9568.940
9569.470
9570.010
9570.560
9571.110
9571.650
9572.190
9572.740
9573.280
9573.850
9574.390
9574.940
9575.480
9576.010
9576.550
9577.080
9577.620
9578.160
9578.730
9579.360
9579.950
9580.550
9581.130
9581.750
9582.360
9582.950
9583.530
9584.100
9584.690
9585.310
9585.900
9586.460
9587.040
9587.640
9588.220
9588.810
9589.400
9589.970
9590.560
9591.170
9591.750
9592.360
9592.970
9593.540
9594.140
9594.740
9595.320
9595.890
9596.490
9597.070
9597.660
9598.250
9598.850
9599.440
9600.040
9600.630
9601.210
9601.790
9602.410
9602.990
9603.580
9604.180
9604.770
9605.360
9605.960
9606.570
9607.190
9607.760
9608.350
9608.930
9609.540
9610.130
9610.730
9611.290
9611.890
9612.500
9613.100
9613.710
9614.310
9614.920
9615.510
9616.070
9616.690
9617.280
9617.840
9618.430
9619.030
9619.630
9620.210
9620.820
9621.420
9622.000
9622.600
9623.200
9623.810
9624.390
9625.000
9625.580
9626.170
9626.740
9627.350
9627.960
9628.560
9629.160
9629.750
9630.350
9630.910
9631.520
9632.090
9632.710
9633.310
9633.890
9634.500
9635.100
9635.680
9636.260
9636.870
9637.470
9638.040
9638.620
9639.240
9639.810
9640.430
9641.030
9641.600
9642.200
9642.810
9643.410
9644.010
9644.620
9645.190
9645.790
9646.380
9647.000
9647.590
9648.190
9648.790
9649.350
9649.940
9650.540
9651.150
9651.740
9652.350
9652.960
9653.540
9654.140
9654.750
9655.360
9655.950
9656.540
9657.100
9657.720
9658.310
9658.870
9659.460
9660.070
9660.660
9661.280
9661.880
9662.460
9663.070
9663.690
9664.320
9664.900
9665.500
9666.100
9666.660
9667.270
9667.850
9668.430
9669.020
9669.640
9670.240
9670.820
9671.430
9672.010
9672.610
9673.200
9673.800
9674.400
9674.990
9675.590
9676.180
9676.760
9677.360
9677.950
9678.540
9679.130
9679.720
9680.310
9680.910
9681.530
9682.120
9682.700
9683.300
9683.900
9684.490
9685.090
9685.670
9686.270
9686.860
9687.430
9688.030
9688.630
9689.230
9689.830
9690.430
9691.030
9691.630
9692.210
9692.820
9693.410
9694.010
9694.590
9695.170
9695.780
9696.370
9696.960
9697.550
9698.140
9698.740
9699.330
9699.920
9700.500
9701.090
9701.690
9702.280
9702.900
9703.470
9704.080
9704.680
9705.280
9705.850
9706.460
9707.060
9707.670
9708.260
9708.870
9709.450
9710.050
9710.630
9711.210
9711.790
9712.380
9712.980
9713.580
9714.170
9714.770
9715.340
9715.940
9716.530
9717.130
9717.690
9718.310
9718.880
9719.470
9720.080
9720.670
9721.240
9721.830
9722.430
9723.020
9723.650
9724.250
9724.830
9725.440
9726.020
9726.640
9727.220
9727.820
9728.410
9729.020
9729.600
9730.190
9730.810
9731.400
9731.970
9732.580
9733.170
9733.790
9734.360
9734.980
9735.570
9736.170
9736.800
9737.420
9738.060
9738.680
9739.270
9739.910
9740.650
9741.530
9742.400
9743.210
9744.120
9745.090
9746.070
9747.040
9748.060
9749.090
9750.090
9751.120
9752.140
9753.240
9754.290
9755.380
9756.380
9757.470
9758.500
9759.630
9760.700
9761.720
9762.840
9763.880
9764.960
9766.010
9767.130
9768.230
9769.310
9770.430
9771.460
9772.610
9773.620
9774.750
9775.780
9776.770
9777.820
9778.900
9779.900
9780.950
9781.910
9782.860
9783.870
9784.870
9785.820
9786.790
9787.800
9788.910
9789.930
9790.970
9792.030
9793.070
9794.070
9795.100
9796.070
9797.040
9798.040
9799.010
9800.020
9801.020
9802.050
9803.150
9804.160
9805.140
9806.060
9806.960
9807.870
9808.790
9809.710
9810.650
9811.590
9812.570
9813.540
9814.540
9815.460
9816.480
9817.470
9818.540
9819.510
9820.570
9821.540
9822.630
9823.620
9824.630
9825.580
9826.590
9827.630
9828.650
9829.670
9830.720
9831.700
9832.750
9833.810
9834.890
9835.890
9836.830
9837.900
9838.870
9839.860
9840.950
9842.060
9843.080
9844.070
9845.070
9846.120
9846.990
9847.850
9848.710
9849.620
9850.610
9851.550
9852.480
9853.430
9854.420
9855.390
9856.360
9857.410
9858.510
9859.480
9860.520
9861.540
9862.550
9863.580
9864.580
9865.570
9866.630
9867.610
9868.660
9869.650
9870.630
9871.640
9872.620
9873.660
9874.630
9875.690
9876.700
9877.660
9878.690
9879.700
9880.700
9881.730
9882.740
9883.720
9884.740
9885.740
9886.750
9887.750
9888.760
9889.790
9890.770
9891.810
9892.910
9893.930
9895.020
9895.990
9896.970
9897.990
9898.990
9900.060
9901.090
9902.080
9903.110
9904.180
9905.240
9906.290
9907.280
9908.350
9909.400
9910.400
9911.260
9912.200
9913.060
9913.950
9914.760
9915.530
9916.350
9917.170
9917.960
9918.770
9919.520
9920.250
9921.030
9921.760
9922.540
9923.290
9924.020
9924.750
9925.430
9926.150
9926.850
9927.580
9928.240
9928.920
9929.540
9930.200
9930.880
9931.540
9932.180
9932.840
9933.460
9934.070
9934.660
9935.270
9935.850
9936.430
9937.020
9937.640
9938.200
9938.790
9939.340
9939.930
9940.470
9941.050
9941.620
9942.190
9942.750
9943.330
9943.890
9944.430
9944.990
9945.580
9946.150
9946.710
9947.300
9947.900
9948.480
9949.040
9949.620
9950.190
9950.760
9951.330
9951.920
9952.490
9953.080
9953.610
9954.190
9954.750
9955.310
9955.890
9956.480
9957.060
9957.630
9958.190
9958.750
9959.320
9959.890
9960.460
9961.020
9961.590
9962.190
9962.760
9963.330
9963.890
9964.460
9965.030
9965.610
9966.180
9966.740
9967.300
9967.880
9968.440
9968.960
9969.520
9970.090
9970.670
9971.250
9971.820
9972.390
9972.970
9973.550
9974.120
9974.710
9975.280
9975.870
9976.450
9977.020
9977.580
9978.160
9978.720
9979.300
9979.870
9980.430
9980.970
9981.530
9982.120
9982.690
9983.270
9983.850
9984.410
9984.990
9985.580
9986.150
9986.720
9987.300
9987.860
9988.440
9989.010
9989.590
9990.160
9990.730
9991.290
9991.860
9992.440
9993.000
9993.560
9994.150
9994.710
9995.300
9995.870
9996.440
9997.020
9997.600
9998.170
9998.760
9999.300
9999.880
10000.450
10001.030
10001.590
10002.160
10002.760
10003.340
10003.910
10004.480
10005.060
10005.650
10006.220
10006.780
10007.370
10007.950
10008.540
10009.110
10009.700
10010.270
10010.840
10011.430
10011.990
10012.570
10013.180
10013.750
10014.330
10014.910
10015.490
10016.070
10016.640
10017.260
10017.830
10018.410
10019.010
10019.600
10020.200
10020.780
10021.340
10021.900
10022.470
10023.040
10023.650
10024.250
10024.830
10025.410
10026.010
10026.610
10027.180
10027.790
10028.360
10028.950
10029.540
10030.110
10030.690
10031.280
10031.870
10032.450
10033.050
10033.630
10034.230
10034.810
10035.380
10035.990
10036.570
10037.160
10037.750
10038.330
10038.900
10039.470
10040.080
10040.690
10041.280
10041.860
10042.440
10043.040
10043.630
10044.230
10044.810
10045.420
10046.010
10046.600
10047.180
10047.750
10048.330
10048.920
10049.490
10050.080
10050.690
10051.310
10051.900
10052.470
10053.050
10053.630
10054.230
10054.800
10055.350
10055.920
10056.510
10057.080
10057.680
10058.260
10058.850
10059.430
10060.030
10060.640
10061.200
10061.820
10062.410
10062.980
10063.580
10064.150
10064.740
10065.330
10065.910
10066.510
10067.080
10067.650
10068.270
10068.880
10069.460
10070.070
10070.650
10071.230
10071.810
10072.400
10072.990
10073.570
10074.150
10074.740
10075.310
10075.910
10076.510
10077.100
10077.680
10078.280
10078.870
10079.460
10080.030
10080.620
10081.200
10081.790
10082.370
10082.970
10083.570
10084.170
10084.750
10085.350
10085.900
10086.510
10087.080
10087.670
10088.260
10088.860
10089.440
10090.010
10090.600
10091.200
10091.790
10092.380
10092.970
10093.570
10094.160
10094.740
10095.360
10095.980
10096.580
10097.180
10097.760
10098.350
10098.930
10099.530
10100.120
10100.690
10101.290
10101.890
10102.440
10103.030
10103.620
10104.180
10104.760
10105.340
10105.940
10106.510
10107.100
10107.660
10108.250
10108.840
10109.410
10110.010
10110.570
10111.130
10111.700
10112.290
10112.870
10113.450
10114.030
10114.620
10115.220
10115.850
10116.450
